date,symbol,ret
2022-01-03,600000.SH,0.0009125113135118625
2022-01-04,600000.SH,-0.004485934206389014
2022-01-05,600000.SH,0.016001852035554605
2022-01-06,600000.SH,-0.003060843088654382
2022-01-07,600000.SH,-0.01685837181242647
2022-01-10,600000.SH,0.004397119421691189
2022-01-11,600000.SH,-0.0064131590627873585
2022-01-12,600000.SH,-0.01075244091165186
2022-01-13,600000.SH,0.0018886526582776253
2022-01-14,600000.SH,0.001619500484264561
2022-01-17,600000.SH,0.007149444354509222
2022-01-18,600000.SH,0.01951194138780148
2022-01-19,600000.SH,0.009096185406154996
2022-01-20,600000.SH,0.01743613032464488
2022-01-21,600000.SH,0.009281239751257298
2022-01-24,600000.SH,0.01640219130039494
2022-01-25,600000.SH,0.0008983893839995486
2022-01-26,600000.SH,-0.02770628372729713
2022-01-27,600000.SH,0.02307014602562959
2022-01-28,600000.SH,-0.00497640159745828
2022-01-31,600000.SH,-0.00040009446493175405
2022-02-01,600000.SH,0.007648070493373738
2022-02-02,600000.SH,-0.006242264701197013
2022-02-03,600000.SH,-0.013752707997611812
2022-02-04,600000.SH,-0.019439401948493393
2022-02-07,600000.SH,-0.010758431304160074
2022-02-08,600000.SH,0.008654839544596726
2022-02-09,600000.SH,0.008165430943040336
2022-02-10,600000.SH,0.006064602686053445
2022-02-11,600000.SH,-0.010681090814860603
2022-02-14,600000.SH,-0.005967853559362749
2022-02-15,600000.SH,-0.002707784277173102
2022-02-16,600000.SH,-0.008815702168955657
2022-02-17,600000.SH,-0.001916324108816904
2022-02-18,600000.SH,0.011947371642816666
2022-02-21,600000.SH,0.010414192662353952
2022-02-22,600000.SH,0.0066897511925195375
2022-02-23,600000.SH,-0.00442913807454954
2022-02-24,600000.SH,-0.0012952026695152493
2022-02-25,600000.SH,-0.0018419903261012154
2022-02-28,600000.SH,0.004149919231312953
2022-03-01,600000.SH,0.006312995113011133
2022-03-02,600000.SH,0.002881207095864634
2022-03-03,600000.SH,-0.0020801211377119632
2022-03-04,600000.SH,0.006145159030446952
2022-03-07,600000.SH,-0.0009088791453216868
2022-03-08,600000.SH,0.0057960085503042155
2022-03-09,600000.SH,0.010083954810438188
2022-03-10,600000.SH,-0.014499295205966399
2022-03-11,600000.SH,-0.012424090724836478
2022-03-14,600000.SH,-0.012508898784908334
2022-03-15,600000.SH,-0.018285855391774724
2022-03-16,600000.SH,-0.0184398909603971
2022-03-17,600000.SH,0.004936969266418994
2022-03-18,600000.SH,-0.006611821898168111
2022-03-21,600000.SH,-0.0031331219665282142
2022-03-22,600000.SH,0.008691036957294456
2022-03-23,600000.SH,0.025236391812552085
2022-03-24,600000.SH,-0.007618028272807342
2022-03-25,600000.SH,0.02128208573242582
2022-03-28,600000.SH,-0.012541691588585346
2022-03-29,600000.SH,-0.011053062478160819
2022-03-30,600000.SH,-0.004641979001147307
2022-03-31,600000.SH,-0.010115586474775937
2022-04-01,600000.SH,-0.003191525898993683
2022-04-04,600000.SH,0.00276661100085511
2022-04-05,600000.SH,0.0052460496157985155
2022-04-06,600000.SH,0.0135088839703433
2022-04-07,600000.SH,-0.006958008103713169
2022-04-08,600000.SH,0.0023978400835462706
2022-04-11,600000.SH,-0.02061092997827872
2022-04-12,600000.SH,-0.0043193268273958255
2022-04-13,600000.SH,-0.008666484794890158
2022-04-14,600000.SH,-0.01433177230604519
2022-04-15,600000.SH,0.010422375804249366
2022-04-18,600000.SH,-0.0005261242955451641
2022-04-19,600000.SH,-0.008757023554427819
2022-04-20,600000.SH,-0.009429206584283185
2022-04-21,600000.SH,-0.001538109615136861
2022-04-22,600000.SH,0.0018041320891872652
2022-04-25,600000.SH,0.0017617584910952363
2022-04-26,600000.SH,-0.0020087875057084
2022-04-27,600000.SH,0.0007147877667678625
2022-04-28,600000.SH,0.010152713403295037
2022-04-29,600000.SH,-0.01299457867335611
2022-05-02,600000.SH,-0.010872798322172663
2022-05-03,600000.SH,0.00691700544409804
2022-05-04,600000.SH,-0.0032149287711510472
2022-05-05,600000.SH,0.014991897717021042
2022-05-06,600000.SH,0.0074060205400642565
2022-05-09,600000.SH,0.004011705569748841
2022-05-10,600000.SH,0.002699875064387562
2022-05-11,600000.SH,0.016123739104909766
2022-05-12,600000.SH,0.02013205960328634
2022-05-13,600000.SH,-0.012804864120336452
2022-05-16,600000.SH,-0.009974993846213946
2022-05-17,600000.SH,0.00018080467582863753
2022-05-18,600000.SH,-0.016434584948485327
2022-05-19,600000.SH,0.006528897539970044
2022-05-20,600000.SH,-0.00750246092241905
2022-05-23,600000.SH,0.0001137816822604186
2022-05-24,600000.SH,0.002060138322794466
2022-05-25,600000.SH,-0.0187457867015811
2022-05-26,600000.SH,-0.014829709812176226
2022-05-27,600000.SH,-0.018642782569975095
2022-05-30,600000.SH,-0.00623025331233437
2022-05-31,600000.SH,-0.010532092305772268
2022-06-01,600000.SH,0.01666004701709067
2022-06-02,600000.SH,0.017782398798732144
2022-06-03,600000.SH,-0.023439474548955064
2022-06-06,600000.SH,0.006952473672876429
2022-06-07,600000.SH,-0.002168897544845028
2022-06-08,600000.SH,-0.007596838025975307
2022-06-09,600000.SH,-0.009715206340953818
2022-06-10,600000.SH,0.006768747231464889
2022-06-13,600000.SH,-0.007628526511350573
2022-06-14,600000.SH,0.012499925018181217
2022-06-15,600000.SH,-0.011244565097236498
2022-06-16,600000.SH,0.012877621754190008
2022-06-17,600000.SH,0.02406189224617413
2022-06-20,600000.SH,-0.005957182514722168
2022-06-21,600000.SH,0.015766350145712257
2022-06-22,600000.SH,0.002675175253506203
2022-06-23,600000.SH,0.01668127155522146
2022-06-24,600000.SH,0.006113058023389713
2022-06-27,600000.SH,0.0011508926615540302
2022-06-28,600000.SH,0.003911599162502298
2022-06-29,600000.SH,-0.005207090845007275
2022-06-30,600000.SH,-0.013633384153855661
2022-07-01,600000.SH,-0.0007567551681099084
2022-07-04,600000.SH,0.007734391619212956
2022-07-05,600000.SH,-0.007348175108078171
2022-07-06,600000.SH,0.0022187202389583162
2022-07-07,600000.SH,0.002761874216296774
2022-07-08,600000.SH,-0.014853180911485391
2022-07-11,600000.SH,0.001230838604991161
2022-07-12,600000.SH,-0.015805950062549676
2022-07-13,600000.SH,0.003348938861968587
2022-07-14,600000.SH,-0.0039342728177056835
2022-07-15,600000.SH,0.008360291425786587
2022-07-18,600000.SH,0.016953897764347067
2022-07-19,600000.SH,0.0010355448594619471
2022-07-20,600000.SH,-0.024251172578698375
2022-07-21,600000.SH,-0.012883342861658284
2022-07-22,600000.SH,-0.03614881714089912
2022-07-25,600000.SH,-0.008757813160763829
2022-07-26,600000.SH,0.01930737572999556
2022-07-27,600000.SH,0.0032225156233053913
2022-07-28,600000.SH,0.0029321189858062535
2022-07-29,600000.SH,0.00590719063456582
2022-08-01,600000.SH,-0.016878662226253935
2022-08-02,600000.SH,-0.011258463649582847
2022-08-03,600000.SH,-0.012402688827477472
2022-08-04,600000.SH,-0.004751469790797132
2022-08-05,600000.SH,0.007477800810354242
2022-08-08,600000.SH,0.017589891570999588
2022-08-09,600000.SH,0.007725456352863057
2022-08-10,600000.SH,0.000978193265876867
2022-08-11,600000.SH,0.0049837892957922654
2022-08-12,600000.SH,0.006809819344903717
2022-08-15,600000.SH,-0.017422429294373102
2022-08-16,600000.SH,-0.014678765073431622
2022-08-17,600000.SH,0.030385601222683647
2022-08-18,600000.SH,-0.008484533300745693
2022-08-19,600000.SH,0.02074612755055633
2022-08-22,600000.SH,-0.01164877454361805
2022-08-23,600000.SH,0.022003039865701065
2022-08-24,600000.SH,0.0043944658969014274
2022-08-25,600000.SH,0.0013291850519622287
2022-08-26,600000.SH,0.015321080007615572
2022-08-29,600000.SH,-0.008856006337876835
2022-08-30,600000.SH,-0.005842643347392939
2022-08-31,600000.SH,-0.008125509923009783
2022-09-01,600000.SH,-0.0052815066037065995
2022-09-02,600000.SH,-0.025881091316362098
2022-09-05,600000.SH,0.007755412368288171
2022-09-06,600000.SH,0.007245016875106047
2022-09-07,600000.SH,0.012758059515923141
2022-09-08,600000.SH,-0.024891709657883777
2022-09-09,600000.SH,-0.0055790486342213435
2022-09-12,600000.SH,-0.006416667578686421
2022-09-13,600000.SH,-0.006507234652728675
2022-09-14,600000.SH,-0.0008107588355804659
2022-09-15,600000.SH,0.0070580434259815625
2022-09-16,600000.SH,0.0008962758182127586
2022-09-19,600000.SH,0.010694199222167328
2022-09-20,600000.SH,0.0034997579039746833
2022-09-21,600000.SH,-0.019881112673195082
2022-09-22,600000.SH,-0.003876777184974812
2022-09-23,600000.SH,0.019834083161704836
2022-09-26,600000.SH,0.017639705142827387
2022-09-27,600000.SH,0.004129180721251827
2022-09-28,600000.SH,-0.00010131856100130702
2022-09-29,600000.SH,0.03204228736524829
2022-09-30,600000.SH,-0.009727307166873003
2022-10-03,600000.SH,-0.01022864833499238
2022-10-04,600000.SH,-0.0023886614460614233
2022-10-05,600000.SH,-0.013479467688655085
2022-10-06,600000.SH,-0.012485692809771324
2022-10-07,600000.SH,-0.010195516320505285
2022-10-10,600000.SH,0.0019937925738707555
2022-10-11,600000.SH,0.01460280617548688
2022-10-12,600000.SH,0.0012360998407355823
2022-10-13,600000.SH,-0.0025038424280822667
2022-10-14,600000.SH,-0.007399531168048546
2022-10-17,600000.SH,0.007004379507568531
2022-10-18,600000.SH,-0.008342325236563138
2022-10-19,600000.SH,-0.016279665930036144
2022-10-20,600000.SH,-0.0015409397271320116
2022-10-21,600000.SH,-0.0007932516507454519
2022-10-24,600000.SH,-0.007154052255302372
2022-10-25,600000.SH,-0.011290944301760562
2022-10-26,600000.SH,0.00286541006149915
2022-10-27,600000.SH,-0.012870303331546165
2022-10-28,600000.SH,-0.0007229508265212568
2022-10-31,600000.SH,-0.006526162250141059
2022-11-01,600000.SH,0.017666784496153116
2022-11-02,600000.SH,0.023178684710136267
2022-11-03,600000.SH,-0.003761218777028851
2022-11-04,600000.SH,-0.0019329975149748931
2022-11-07,600000.SH,0.0021099098069572546
2022-11-08,600000.SH,-0.009623502272483557
2022-11-09,600000.SH,-0.0015252023338916097
2022-11-10,600000.SH,-0.019396434792135524
2022-11-11,600000.SH,0.007867883079329582
2022-11-14,600000.SH,0.02179879194859118
2022-11-15,600000.SH,0.008373645105978343
2022-11-16,600000.SH,0.006640122849401435
2022-11-17,600000.SH,-0.004471463121371257
2022-11-18,600000.SH,0.0138120945926028
2022-11-21,600000.SH,-0.023931279140095057
2022-11-22,600000.SH,-0.0022352948886384724
2022-11-23,600000.SH,0.02073782853685381
2022-11-24,600000.SH,-0.006870762514686804
2022-11-25,600000.SH,-0.01864336277040719
2022-11-28,600000.SH,-0.009469237585150756
2022-11-29,600000.SH,-0.022384196366463348
2022-11-30,600000.SH,0.006824685513177185
2022-12-01,600000.SH,-0.006082718096668125
2022-12-02,600000.SH,-0.021985136015349876
2022-12-05,600000.SH,-0.001860782196332597
2022-12-06,600000.SH,-0.006529489307576961
2022-12-07,600000.SH,-0.0013173549614406595
2022-12-08,600000.SH,-0.01801223732749712
2022-12-09,600000.SH,0.010667824065204027
2022-12-12,600000.SH,-0.004888064542146933
2022-12-13,600000.SH,-0.001145019804267752
2022-12-14,600000.SH,0.019176301865932548
2022-12-15,600000.SH,0.006384564180075172
2022-12-16,600000.SH,-0.003992188631320223
2022-12-19,600000.SH,-0.013289072171048235
2022-12-20,600000.SH,0.005085205523406711
2022-12-21,600000.SH,-0.000407763198745862
2022-12-22,600000.SH,-0.0034316351519952633
2022-12-23,600000.SH,-0.010028211810610603
2022-12-26,600000.SH,-0.006607645894111265
2022-12-27,600000.SH,0.010616329960556944
2022-12-28,600000.SH,-0.0005928033530732814
2022-12-29,600000.SH,-0.0072103517300573005
2022-12-30,600000.SH,0.0035126220232507884
2023-01-02,600000.SH,-0.0063119141674947464
2023-01-03,600000.SH,-0.0018100231803622941
2023-01-04,600000.SH,0.004546493593796057
2023-01-05,600000.SH,-0.010639277091838265
2023-01-06,600000.SH,0.008483671114360406
2023-01-09,600000.SH,0.0027672030709113837
2023-01-10,600000.SH,-0.0028729486008143637
2023-01-11,600000.SH,0.01644047766522704
2023-01-12,600000.SH,-0.009980617744501392
2023-01-13,600000.SH,-0.02412712816456359
2023-01-16,600000.SH,0.010336905681776164
2023-01-17,600000.SH,0.028025233619456493
2023-01-18,600000.SH,-0.004830985441801234
2023-01-19,600000.SH,-0.002623033934757095
2023-01-20,600000.SH,0.009481999457842501
2023-01-23,600000.SH,0.00022454292204531412
2023-01-24,600000.SH,-0.008003696087780711
2023-01-25,600000.SH,-0.020033172195085828
2023-01-26,600000.SH,0.015324755049475693
2023-01-27,600000.SH,0.00734706755403797
2023-01-30,600000.SH,-0.011102908971060178
2023-01-31,600000.SH,-0.006964720578844662
2023-02-01,600000.SH,0.027946357671924354
2023-02-02,600000.SH,0.005354966030085503
2023-02-03,600000.SH,-0.012256697096000885
2023-02-06,600000.SH,-0.005192230603674805
2023-02-07,600000.SH,0.00826230530453777
2023-02-08,600000.SH,-0.016886981668222233
2023-02-09,600000.SH,-0.0006934624566554178
2023-02-10,600000.SH,-0.0047325456391557885
2023-02-13,600000.SH,0.01646243110390537
2023-02-14,600000.SH,-0.0005212272412298301
2023-02-15,600000.SH,0.028450811895140454
2023-02-16,600000.SH,-0.03157067450527045
2023-02-17,600000.SH,0.003977789551950448
2023-02-20,600000.SH,0.004606102008891864
2023-02-21,600000.SH,-0.006322520561151028
2023-02-22,600000.SH,-0.0012013555042009146
2023-02-23,600000.SH,-0.0019285858915126554
2023-02-24,600000.SH,-0.0006139531731531298
2023-02-27,600000.SH,-0.0031008247783841543
2023-02-28,600000.SH,-0.01244651950410356
2023-03-01,600000.SH,-0.0021136068383396205
2023-03-02,600000.SH,-0.0060516111716219755
2023-03-03,600000.SH,-0.0013064724634819882
2023-03-06,600000.SH,-0.02547971024578676
2023-03-07,600000.SH,-0.018832232772053793
2023-03-08,600000.SH,0.01522102511284692
2023-03-09,600000.SH,-0.0005659450257951473
2023-03-10,600000.SH,-0.011788950574926117
2023-03-13,600000.SH,0.0172677354779029
2023-03-14,600000.SH,0.006236390984179009
2023-03-15,600000.SH,0.006812727968977498
2023-03-16,600000.SH,-0.009656356840676025
2023-03-17,600000.SH,0.014981984377519844
2023-03-20,600000.SH,0.0011209385973266293
2023-03-21,600000.SH,0.02435838935371437
2023-03-22,600000.SH,-0.001377504599152841
2023-03-23,600000.SH,0.011793702889378973
2023-03-24,600000.SH,-0.011095708286004577
2023-03-27,600000.SH,0.0144265614113492
2023-03-28,600000.SH,0.004725643552440262
2023-03-29,600000.SH,0.021887226833390505
2023-03-30,600000.SH,0.0007937227234772314
2023-03-31,600000.SH,0.010211094531734789
2023-04-03,600000.SH,0.001055165819989357
2023-04-04,600000.SH,-0.004668304833436035
2023-04-05,600000.SH,0.014448119019781715
2023-04-06,600000.SH,-0.013964462472251533
2023-04-07,600000.SH,-0.00839397601686111
2023-04-10,600000.SH,0.015230599704911765
2023-04-11,600000.SH,0.002642655487052554
2023-04-12,600000.SH,0.0039290931027689295
2023-04-13,600000.SH,-0.03062751183771366
2023-04-14,600000.SH,-0.00800479372615886
2023-04-17,600000.SH,-0.017556644534663483
2023-04-18,600000.SH,-0.0285726823430341
2023-04-19,600000.SH,-0.00714030867127809
2023-04-20,600000.SH,9.093513039430678e-05
2023-04-21,600000.SH,0.002859045232607215
2023-04-24,600000.SH,-0.007200657152182164
2023-04-25,600000.SH,-1.5672679664945413e-05
2023-04-26,600000.SH,-0.009731868616850915
2023-04-27,600000.SH,0.002741576870846255
2023-04-28,600000.SH,0.023421413667623153
2023-05-01,600000.SH,-0.026265494375586992
2023-05-02,600000.SH,-0.013834576240743331
2023-05-03,600000.SH,0.010312740175089073
2023-05-04,600000.SH,-0.014868116352939545
2023-05-05,600000.SH,0.018282439291522814
2023-05-08,600000.SH,0.0028103849836522998
2023-05-09,600000.SH,0.013789308367642902
2023-05-10,600000.SH,-0.014918330432580765
2023-05-11,600000.SH,0.00638926301184701
2023-05-12,600000.SH,0.006440872304280738
2023-05-15,600000.SH,-0.01029588507994396
2023-05-16,600000.SH,-0.013759572337097317
2023-05-17,600000.SH,0.009020236267000426
2023-05-18,600000.SH,-0.010416285940094834
2023-05-19,600000.SH,-0.011403032258396117
2022-01-03,600001.SH,0.0014759472688021281
2022-01-04,600001.SH,0.0029603157235690604
2022-01-05,600001.SH,-0.01680376888726757
2022-01-06,600001.SH,-0.007441869167903553
2022-01-07,600001.SH,-0.02483714592818337
2022-01-10,600001.SH,0.004194352612304745
2022-01-11,600001.SH,0.0038485930545312484
2022-01-12,600001.SH,0.005143231665863611
2022-01-13,600001.SH,-0.011536018451296615
2022-01-14,600001.SH,-0.0180197101732939
2022-01-17,600001.SH,0.011513320966129732
2022-01-18,600001.SH,0.006805078792786052
2022-01-19,600001.SH,0.006015633769130994
2022-01-20,600001.SH,0.007141219746459742
2022-01-21,600001.SH,0.006521512002562634
2022-01-24,600001.SH,-0.005293148854014815
2022-01-25,600001.SH,0.010727680163509244
2022-01-26,600001.SH,0.0003990220128127142
2022-01-27,600001.SH,-0.009171117533459517
2022-01-28,600001.SH,-0.02287209284129858
2022-01-31,600001.SH,0.008538555068152986
2022-02-01,600001.SH,0.006429814577387835
2022-02-02,600001.SH,-0.0004258994857411335
2022-02-03,600001.SH,-0.019834589922006703
2022-02-04,600001.SH,-0.0024362743672328487
2022-02-07,600001.SH,0.006491313859599458
2022-02-08,600001.SH,0.022234418708769934
2022-02-09,600001.SH,0.008086528235927138
2022-02-10,600001.SH,-0.00041530607308904247
2022-02-11,600001.SH,-0.005484738191785565
2022-02-14,600001.SH,0.017247693723670236
2022-02-15,600001.SH,-0.0062439671699294885
2022-02-16,600001.SH,-0.01424862088986046
2022-02-17,600001.SH,0.013977374682649847
2022-02-18,600001.SH,0.022779519401325277
2022-02-21,600001.SH,0.020392265177321418
2022-02-22,600001.SH,-0.010120083639330276
2022-02-23,600001.SH,0.0018289414272725643
2022-02-24,600001.SH,-0.00019958563055089834
2022-02-25,600001.SH,0.009630198544638138
2022-02-28,600001.SH,0.018442686040065312
2022-03-01,600001.SH,0.010698945575054335
2022-03-02,600001.SH,0.0020760647047338007
2022-03-03,600001.SH,0.00822635341825586
2022-03-04,600001.SH,0.004341400553146885
2022-03-07,600001.SH,-0.01608660252330973
2022-03-08,600001.SH,0.0078076409976910914
2022-03-09,600001.SH,-0.0037731551982937944
2022-03-10,600001.SH,-0.007367101071825047
2022-03-11,600001.SH,0.017358798748919373
2022-03-14,600001.SH,0.01960290859837691
2022-03-15,600001.SH,0.018642511809664444
2022-03-16,600001.SH,-0.009105112390286586
2022-03-17,600001.SH,0.010948881478668158
2022-03-18,600001.SH,-0.0036424494283241087
2022-03-21,600001.SH,-0.003083050016968942
2022-03-22,600001.SH,-0.0131358517144333
2022-03-23,600001.SH,0.015929443534863568
2022-03-24,600001.SH,-0.006322789641301775
2022-03-25,600001.SH,-0.0052802943316127985
2022-03-28,600001.SH,-0.013974929291092406
2022-03-29,600001.SH,-0.0034763758784542836
2022-03-30,600001.SH,0.019277636187286444
2022-03-31,600001.SH,0.01363191193600832
2022-04-01,600001.SH,0.0058042670292575
2022-04-04,600001.SH,0.008834650979610231
2022-04-05,600001.SH,-0.00234767679694552
2022-04-06,600001.SH,-0.005727954189272015
2022-04-07,600001.SH,-0.003960464923825637
2022-04-08,600001.SH,-0.003040953375122212
2022-04-11,600001.SH,-0.017666473153228508
2022-04-12,600001.SH,-0.02156945310125931
2022-04-13,600001.SH,-0.002243400142537544
2022-04-14,600001.SH,0.007889932551762463
2022-04-15,600001.SH,-0.01672766922511626
2022-04-18,600001.SH,0.004297036457590874
2022-04-19,600001.SH,0.006538992688306961
2022-04-20,600001.SH,0.011860554917576921
2022-04-21,600001.SH,0.01526309158059108
2022-04-22,600001.SH,-0.002085640248747309
2022-04-25,600001.SH,-0.00479625137923222
2022-04-26,600001.SH,-0.016132395802113817
2022-04-27,600001.SH,0.0005416182749830006
2022-04-28,600001.SH,0.0007388971916649973
2022-04-29,600001.SH,0.0033065939513383363
2022-05-02,600001.SH,0.014895576349705491
2022-05-03,600001.SH,-0.005077505286933512
2022-05-04,600001.SH,-0.012342105838787195
2022-05-05,600001.SH,0.0006549073011382933
2022-05-06,600001.SH,0.0057445613563448
2022-05-09,600001.SH,0.0033022484178882494
2022-05-10,600001.SH,-0.006566824956851947
2022-05-11,600001.SH,-0.000857538346654241
2022-05-12,600001.SH,-0.005677323101357296
2022-05-13,600001.SH,-0.01977933630891798
2022-05-16,600001.SH,-0.008462371436350303
2022-05-17,600001.SH,-0.014601522700127267
2022-05-18,600001.SH,-0.005536930731028332
2022-05-19,600001.SH,0.00593023404230872
2022-05-20,600001.SH,-0.018638122453796233
2022-05-23,600001.SH,-0.00783771167096924
2022-05-24,600001.SH,0.024771595781453146
2022-05-25,600001.SH,-0.01447090689583428
2022-05-26,600001.SH,-0.015266419941968618
2022-05-27,600001.SH,-0.026087392972504134
2022-05-30,600001.SH,-0.001352400997174348
2022-05-31,600001.SH,-0.007291003658957661
2022-06-01,600001.SH,-0.0038883731614557096
2022-06-02,600001.SH,0.01886436338894418
2022-06-03,600001.SH,-0.040546907716568166
2022-06-06,600001.SH,0.007434727892675096
2022-06-07,600001.SH,0.017516266836693956
2022-06-08,600001.SH,-0.016031007294491494
2022-06-09,600001.SH,-0.015366527953006588
2022-06-10,600001.SH,-0.006951883110575253
2022-06-13,600001.SH,-0.013179402133285709
2022-06-14,600001.SH,-0.0014012103593927683
2022-06-15,600001.SH,0.01444967000103259
2022-06-16,600001.SH,0.031188097885442526
2022-06-17,600001.SH,-0.005274237270185672
2022-06-20,600001.SH,0.010862622199669781
2022-06-21,600001.SH,0.0017899698494967778
2022-06-22,600001.SH,0.019296883738784933
2022-06-23,600001.SH,0.009940514105388576
2022-06-24,600001.SH,0.007991468227778072
2022-06-27,600001.SH,0.00650971319962442
2022-06-28,600001.SH,0.043494959923431845
2022-06-29,600001.SH,-0.0009972486861349172
2022-06-30,600001.SH,-0.012190657561512618
2022-07-01,600001.SH,0.0022773711715143793
2022-07-04,600001.SH,-0.006736803796089558
2022-07-05,600001.SH,-0.015910991009462562
2022-07-06,600001.SH,0.014167221173436348
2022-07-07,600001.SH,-0.0014669256990786591
2022-07-08,600001.SH,-0.008980691210903204
2022-07-11,600001.SH,-0.007984780431007407
2022-07-12,600001.SH,0.00587394204565591
2022-07-13,600001.SH,0.010954671517516543
2022-07-14,600001.SH,-0.0033958221935198596
2022-07-15,600001.SH,0.029976626414153974
2022-07-18,600001.SH,-0.006504918732095036
2022-07-19,600001.SH,-0.022339296315849026
2022-07-20,600001.SH,-0.017640482684437298
2022-07-21,600001.SH,0.002981501731895229
2022-07-22,600001.SH,-0.013438590408205416
2022-07-25,600001.SH,0.004987460495242261
2022-07-26,600001.SH,-0.018318526056187535
2022-07-27,600001.SH,-0.005195764579056672
2022-07-28,600001.SH,0.0026791004969711416
2022-07-29,600001.SH,0.0007905158361693634
2022-08-01,600001.SH,0.0015195641501628814
2022-08-02,600001.SH,-0.01836415951884194
2022-08-03,600001.SH,-0.0061546367830725745
2022-08-04,600001.SH,-0.0032604395892396497
2022-08-05,600001.SH,-0.01934972293966567
2022-08-08,600001.SH,-0.005442475095331247
2022-08-09,600001.SH,0.0009190032424899745
2022-08-10,600001.SH,0.005652242910320921
2022-08-11,600001.SH,-0.0050285659240595516
2022-08-12,600001.SH,-0.009759374696638377
2022-08-15,600001.SH,-0.0054653357027571675
2022-08-16,600001.SH,0.0036746875821969715
2022-08-17,600001.SH,0.005916708850305735
2022-08-18,600001.SH,-0.018290809362803036
2022-08-19,600001.SH,-0.004225324948983066
2022-08-22,600001.SH,-0.0043342507530091424
2022-08-23,600001.SH,0.019902057889458407
2022-08-24,600001.SH,-0.0012337866535481997
2022-08-25,600001.SH,-0.02627010162286127
2022-08-26,600001.SH,-0.017366028835187227
2022-08-29,600001.SH,-0.01356866879139524
2022-08-30,600001.SH,-0.002008711263095503
2022-08-31,600001.SH,-0.0077237541152735045
2022-09-01,600001.SH,-0.009419034880328815
2022-09-02,600001.SH,-0.013340963902781425
2022-09-05,600001.SH,0.011874099447211028
2022-09-06,600001.SH,0.005872556994469791
2022-09-07,600001.SH,-0.007343246686167925
2022-09-08,600001.SH,0.0038396487763255552
2022-09-09,600001.SH,-0.01306981158244085
2022-09-12,600001.SH,0.014344930986854621
2022-09-13,600001.SH,0.002780591848173519
2022-09-14,600001.SH,-0.004761842745851572
2022-09-15,600001.SH,0.024733070751971734
2022-09-16,600001.SH,-0.002792022945254272
2022-09-19,600001.SH,0.032889029641208725
2022-09-20,600001.SH,-0.0007884389945057441
2022-09-21,600001.SH,-0.022565916703466284
2022-09-22,600001.SH,-0.010246077784017068
2022-09-23,600001.SH,0.0024449714546623154
2022-09-26,600001.SH,0.006271767288131374
2022-09-27,600001.SH,0.0025341792938941062
2022-09-28,600001.SH,0.0024903223174133466
2022-09-29,600001.SH,0.005469877335395035
2022-09-30,600001.SH,0.0010176859941161027
2022-10-03,600001.SH,0.0044172614285647276
2022-10-04,600001.SH,0.019509631923145265
2022-10-05,600001.SH,0.0021372930883805045
2022-10-06,600001.SH,0.013593312187096418
2022-10-07,600001.SH,-0.020115527467936677
2022-10-10,600001.SH,-0.00047846909589315716
2022-10-11,600001.SH,0.0025898023272754728
2022-10-12,600001.SH,0.0019169378664878854
2022-10-13,600001.SH,-0.0005629818457525103
2022-10-14,600001.SH,-0.0180629552277455
2022-10-17,600001.SH,0.018432001586599554
2022-10-18,600001.SH,-0.008443040126546751
2022-10-19,600001.SH,-0.005612581311486886
2022-10-20,600001.SH,-0.009347912234672358
2022-10-21,600001.SH,-0.0019158546460381599
2022-10-24,600001.SH,0.007387387143208819
2022-10-25,600001.SH,-0.006127901082184917
2022-10-26,600001.SH,0.011898127296227108
2022-10-27,600001.SH,0.012600584509364668
2022-10-28,600001.SH,0.00047481606419598173
2022-10-31,600001.SH,0.013917531462792855
2022-11-01,600001.SH,-0.007203721595824262
2022-11-02,600001.SH,0.009820417435385745
2022-11-03,600001.SH,0.008166849214836685
2022-11-04,600001.SH,0.003092145490805908
2022-11-07,600001.SH,0.028325226792906506
2022-11-08,600001.SH,0.010803913925849297
2022-11-09,600001.SH,0.006320253957567877
2022-11-10,600001.SH,0.0033279580047262843
2022-11-11,600001.SH,0.003617509822594105
2022-11-14,600001.SH,-0.0017311565145991055
2022-11-15,600001.SH,0.0234982048696016
2022-11-16,600001.SH,-0.014291186868274398
2022-11-17,600001.SH,-0.002997089440620066
2022-11-18,600001.SH,-0.038783195144541247
2022-11-21,600001.SH,-0.028942170088750205
2022-11-22,600001.SH,-0.00020797010229805027
2022-11-23,600001.SH,0.007300133401390676
2022-11-24,600001.SH,-0.001977458834293436
2022-11-25,600001.SH,-0.012953691120738256
2022-11-28,600001.SH,0.008472238365598947
2022-11-29,600001.SH,-0.022018613553636
2022-11-30,600001.SH,0.021127875759670588
2022-12-01,600001.SH,-0.008518513826639967
2022-12-02,600001.SH,-0.00015515365011592192
2022-12-05,600001.SH,0.009153857759645369
2022-12-06,600001.SH,0.0005561707279137397
2022-12-07,600001.SH,-0.024085266937761064
2022-12-08,600001.SH,-0.012833636480070826
2022-12-09,600001.SH,0.016677869534325474
2022-12-12,600001.SH,-0.0239467971722079
2022-12-13,600001.SH,-0.01133260534104535
2022-12-14,600001.SH,0.007273387286596146
2022-12-15,600001.SH,0.03248411492579759
2022-12-16,600001.SH,-0.009026414288750178
2022-12-19,600001.SH,-0.005773949145779945
2022-12-20,600001.SH,0.0016706251012983135
2022-12-21,600001.SH,0.016060801339306402
2022-12-22,600001.SH,-0.0017267146305281018
2022-12-23,600001.SH,-0.01195934505423069
2022-12-26,600001.SH,-0.004197175717718767
2022-12-27,600001.SH,0.01452492074975825
2022-12-28,600001.SH,-0.0071326172918881004
2022-12-29,600001.SH,-0.01523900464209707
2022-12-30,600001.SH,-0.006561039373128808
2023-01-02,600001.SH,0.002728308108529547
2023-01-03,600001.SH,-0.017438252492638705
2023-01-04,600001.SH,0.004152176271646111
2023-01-05,600001.SH,0.0029132131737316077
2023-01-06,600001.SH,0.007516172697423743
2023-01-09,600001.SH,0.01442154138017258
2023-01-10,600001.SH,-0.012799256359559762
2023-01-11,600001.SH,0.0061244528171555835
2023-01-12,600001.SH,-0.002600954814081527
2023-01-13,600001.SH,-0.004827226442515135
2023-01-16,600001.SH,0.002933091825854487
2023-01-17,600001.SH,0.017324699200128763
2023-01-18,600001.SH,0.017165407758695673
2023-01-19,600001.SH,0.02989342518650381
2023-01-20,600001.SH,0.011489497403500103
2023-01-23,600001.SH,0.006613974050715437
2023-01-24,600001.SH,0.001563771040284297
2023-01-25,600001.SH,-0.007687512282872725
2023-01-26,600001.SH,0.010836785503826364
2023-01-27,600001.SH,0.010339525119938929
2023-01-30,600001.SH,0.0032483207668735645
2023-01-31,600001.SH,-0.021249557259530157
2023-02-01,600001.SH,0.0032747771941068603
2023-02-02,600001.SH,0.009974466483052329
2023-02-03,600001.SH,-0.008853512563316266
2023-02-06,600001.SH,-0.00037009869091621326
2023-02-07,600001.SH,0.008810530056874055
2023-02-08,600001.SH,-0.0033286802421261474
2023-02-09,600001.SH,0.005225112149869621
2023-02-10,600001.SH,0.0029605198900562574
2023-02-13,600001.SH,-0.014363949894769868
2023-02-14,600001.SH,0.01564354800868219
2023-02-15,600001.SH,0.006764488346376095
2023-02-16,600001.SH,-0.03708422095930222
2023-02-17,600001.SH,-0.012345239211940497
2023-02-20,600001.SH,-0.008798352235803645
2023-02-21,600001.SH,0.0028896851040721306
2023-02-22,600001.SH,-0.0057138217060326915
2023-02-23,600001.SH,-0.01742209393623459
2023-02-24,600001.SH,0.008820983524537668
2023-02-27,600001.SH,0.017217555325240518
2023-02-28,600001.SH,-0.009110412532886239
2023-03-01,600001.SH,0.011008908682872433
2023-03-02,600001.SH,0.0035331448950392317
2023-03-03,600001.SH,-0.021570128184405207
2023-03-06,600001.SH,-0.012067570608276203
2023-03-07,600001.SH,-0.02447775002374175
2023-03-08,600001.SH,0.010760956025569621
2023-03-09,600001.SH,0.004614912213658204
2023-03-10,600001.SH,0.024313815591176357
2023-03-13,600001.SH,0.021295639039032758
2023-03-14,600001.SH,0.005540443913960283
2023-03-15,600001.SH,0.008947865435373339
2023-03-16,600001.SH,0.008363556395363769
2023-03-17,600001.SH,0.0013447290411333366
2023-03-20,600001.SH,-0.0023864941427111557
2023-03-21,600001.SH,0.010393729696481316
2023-03-22,600001.SH,-0.01115710404629645
2023-03-23,600001.SH,0.015973457869183832
2023-03-24,600001.SH,-0.0026524152979959005
2023-03-27,600001.SH,-0.0032891154319669245
2023-03-28,600001.SH,0.008213732822132733
2023-03-29,600001.SH,0.01635564020145361
2023-03-30,600001.SH,0.007026210783576653
2023-03-31,600001.SH,0.0069419346808978905
2023-04-03,600001.SH,-0.002745862656646541
2023-04-04,600001.SH,-0.017952947814256152
2023-04-05,600001.SH,0.004890319249733994
2023-04-06,600001.SH,-0.018932309214772507
2023-04-07,600001.SH,0.00022888374726850232
2023-04-10,600001.SH,-0.0003277278225701525
2023-04-11,600001.SH,0.0030595846427930785
2023-04-12,600001.SH,-0.0044949658828898845
2023-04-13,600001.SH,0.016341562519065975
2023-04-14,600001.SH,-0.013510899812193588
2023-04-17,600001.SH,0.004987664469852311
2023-04-18,600001.SH,-0.0038706980792998485
2023-04-19,600001.SH,0.006607794952569582
2023-04-20,600001.SH,0.010425975422735614
2023-04-21,600001.SH,0.009317359959747848
2023-04-24,600001.SH,-0.01986716711240498
2023-04-25,600001.SH,0.01697543564681666
2023-04-26,600001.SH,-0.0039884428563866006
2023-04-27,600001.SH,0.014633468004774022
2023-04-28,600001.SH,0.006486006251079429
2023-05-01,600001.SH,-0.017108424678450813
2023-05-02,600001.SH,-0.015448452924431037
2023-05-03,600001.SH,0.009277487785822037
2023-05-04,600001.SH,0.0017985043736337986
2023-05-05,600001.SH,0.011034030586219531
2023-05-08,600001.SH,0.0009779959145661717
2023-05-09,600001.SH,-0.004373497743932036
2023-05-10,600001.SH,-0.006860475827697438
2023-05-11,600001.SH,-0.009417833077485593
2023-05-12,600001.SH,-0.0005810074192759661
2023-05-15,600001.SH,0.004130884622188701
2023-05-16,600001.SH,0.01506533911900353
2023-05-17,600001.SH,0.030254854526548837
2023-05-18,600001.SH,-0.012772612968624062
2023-05-19,600001.SH,0.013172772124531575
2022-01-03,600002.SH,0.00487526144205193
2022-01-04,600002.SH,-0.009832349317387724
2022-01-05,600002.SH,0.01032955408371318
2022-01-06,600002.SH,0.008143682567929304
2022-01-07,600002.SH,-0.014504324253108507
2022-01-10,600002.SH,-0.014500767683165237
2022-01-11,600002.SH,-0.012958373372650225
2022-01-12,600002.SH,-0.017966192763969473
2022-01-13,600002.SH,0.00639803957277796
2022-01-14,600002.SH,-0.009591352321445774
2022-01-17,600002.SH,0.0010742948023409618
2022-01-18,600002.SH,0.006307391750663122
2022-01-19,600002.SH,0.008477568109646004
2022-01-20,600002.SH,0.010821569086008245
2022-01-21,600002.SH,-0.002820474628393309
2022-01-24,600002.SH,0.005388589853423591
2022-01-25,600002.SH,0.01874186130247631
2022-01-26,600002.SH,-0.002725494253403458
2022-01-27,600002.SH,0.01676423752389908
2022-01-28,600002.SH,0.012020192680248088
2022-01-31,600002.SH,0.009822094255683053
2022-02-01,600002.SH,0.000693555415894706
2022-02-02,600002.SH,0.01576380118014107
2022-02-03,600002.SH,0.0039603698769146095
2022-02-04,600002.SH,-0.014399999322775293
2022-02-07,600002.SH,0.004190163164690021
2022-02-08,600002.SH,-0.00929966622683875
2022-02-09,600002.SH,-0.005022442036337923
2022-02-10,600002.SH,0.016337511570848784
2022-02-11,600002.SH,0.011848769651005037
2022-02-14,600002.SH,0.03200716370382232
2022-02-15,600002.SH,-0.005968063967949847
2022-02-16,600002.SH,-0.015620430245339975
2022-02-17,600002.SH,-0.00891455379668645
2022-02-18,600002.SH,0.005948148353009707
2022-02-21,600002.SH,0.00982166550516723
2022-02-22,600002.SH,0.010425225126328016
2022-02-23,600002.SH,-0.01033395606573468
2022-02-24,600002.SH,-0.003075505007500674
2022-02-25,600002.SH,-0.004681529191748452
2022-02-28,600002.SH,0.010449206150065667
2022-03-01,600002.SH,0.0043763196482979275
2022-03-02,600002.SH,-0.012822211041154729
2022-03-03,600002.SH,-0.00050100303721477
2022-03-04,600002.SH,-0.0009082709920263907
2022-03-07,600002.SH,-0.0009520425195388585
2022-03-08,600002.SH,0.024684842646262355
2022-03-09,600002.SH,0.0008043043671186617
2022-03-10,600002.SH,0.0029923474028017813
2022-03-11,600002.SH,-0.020433877020190283
2022-03-14,600002.SH,-0.0066291183302749
2022-03-15,600002.SH,0.002419571562144795
2022-03-16,600002.SH,-0.01851577332061176
2022-03-17,600002.SH,0.01125970620291956
2022-03-18,600002.SH,-0.00541235898830455
2022-03-21,600002.SH,0.007773419707235788
2022-03-22,600002.SH,-0.0015840916693097896
2022-03-23,600002.SH,0.012331808854090935
2022-03-24,600002.SH,-0.007814613402670955
2022-03-25,600002.SH,0.007784189352946437
2022-03-28,600002.SH,0.003724991857572156
2022-03-29,600002.SH,-0.02587518750739838
2022-03-30,600002.SH,-0.018713432923546745
2022-03-31,600002.SH,-0.0007419296596869133
2022-04-01,600002.SH,0.0058350914577185295
2022-04-04,600002.SH,0.013247822129239525
2022-04-05,600002.SH,0.0019410714022872516
2022-04-06,600002.SH,-0.007541273470122239
2022-04-07,600002.SH,0.017054243982474855
2022-04-08,600002.SH,0.00877151943247439
2022-04-11,600002.SH,-0.00836491227398772
2022-04-12,600002.SH,0.0005602780128405663
2022-04-13,600002.SH,-0.004629165653691603
2022-04-14,600002.SH,-0.001637544315398724
2022-04-15,600002.SH,0.00811757427856457
2022-04-18,600002.SH,0.006630014058328923
2022-04-19,600002.SH,-0.003404622703147405
2022-04-20,600002.SH,0.015997853250509456
2022-04-21,600002.SH,-0.019503998133662173
2022-04-22,600002.SH,-0.016651614019357604
2022-04-25,600002.SH,-0.00821650236328441
2022-04-26,600002.SH,-0.008928014004221267
2022-04-27,600002.SH,-0.005450512470180876
2022-04-28,600002.SH,-0.01812715962971711
2022-04-29,600002.SH,-0.01941829748782058
2022-05-02,600002.SH,-0.004712636938951047
2022-05-03,600002.SH,0.020819022199137126
2022-05-04,600002.SH,0.018117372427292965
2022-05-05,600002.SH,-0.00027152090559922184
2022-05-06,600002.SH,-6.358349482843634e-05
2022-05-09,600002.SH,-0.006168959100100651
2022-05-10,600002.SH,-0.019869188008328056
2022-05-11,600002.SH,-0.004555188360438471
2022-05-12,600002.SH,-0.01061626551969145
2022-05-13,600002.SH,-0.014347180788284336
2022-05-16,600002.SH,-0.027578958269819473
2022-05-17,600002.SH,-0.018201341481937798
2022-05-18,600002.SH,-0.006491703667783545
2022-05-19,600002.SH,0.006860289791626867
2022-05-20,600002.SH,-0.0030691128554603403
2022-05-23,600002.SH,-0.01623019027388549
2022-05-24,600002.SH,0.01894068368364414
2022-05-25,600002.SH,-0.01085222873450991
2022-05-26,600002.SH,0.012228703693809757
2022-05-27,600002.SH,-0.007575328206260948
2022-05-30,600002.SH,-0.01540737545372052
2022-05-31,600002.SH,-0.010762153485096529
2022-06-01,600002.SH,0.0009413728134331761
2022-06-02,600002.SH,0.012852118904405154
2022-06-03,600002.SH,-0.015228442359982976
2022-06-06,600002.SH,0.018793178054377385
2022-06-07,600002.SH,0.011976992528523814
2022-06-08,600002.SH,-0.007319740809571884
2022-06-09,600002.SH,-0.004067244713738192
2022-06-10,600002.SH,0.019914970913592824
2022-06-13,600002.SH,0.015368904335319851
2022-06-14,600002.SH,-0.010418589117387344
2022-06-15,600002.SH,-0.009090513947383964
2022-06-16,600002.SH,0.027663418997905833
2022-06-17,600002.SH,-0.012497655528160567
2022-06-20,600002.SH,-0.021413391273891712
2022-06-21,600002.SH,-0.003427736227339939
2022-06-22,600002.SH,0.005962240566519979
2022-06-23,600002.SH,0.00984953353581253
2022-06-24,600002.SH,0.00017525376326070746
2022-06-27,600002.SH,-0.003887156144049016
2022-06-28,600002.SH,0.004583052485629407
2022-06-29,600002.SH,-0.018305200721172234
2022-06-30,600002.SH,0.017698316510762632
2022-07-01,600002.SH,-0.00443749681938865
2022-07-04,600002.SH,0.005749112118801241
2022-07-05,600002.SH,-0.015904263861639706
2022-07-06,600002.SH,0.003221640802654746
2022-07-07,600002.SH,-0.008913321390493736
2022-07-08,600002.SH,-0.038283533705213285
2022-07-11,600002.SH,-0.021904725418138996
2022-07-12,600002.SH,-0.015598076020202387
2022-07-13,600002.SH,-0.015792825236361028
2022-07-14,600002.SH,0.004020257390553266
2022-07-15,600002.SH,0.036560456521874944
2022-07-18,600002.SH,0.0028709137891644266
2022-07-19,600002.SH,0.004989332662956829
2022-07-20,600002.SH,-0.01294654447684172
2022-07-21,600002.SH,0.00996727995590228
2022-07-22,600002.SH,-0.01551249871552836
2022-07-25,600002.SH,0.0019166514604892254
2022-07-26,600002.SH,0.0023903679482649935
2022-07-27,600002.SH,-0.006892800013668012
2022-07-28,600002.SH,0.014123245552462811
2022-07-29,600002.SH,0.006918266125311086
2022-08-01,600002.SH,-0.006764604907610335
2022-08-02,600002.SH,-0.01951291434531644
2022-08-03,600002.SH,-0.02523874687661758
2022-08-04,600002.SH,-0.003025407853372029
2022-08-05,600002.SH,0.0028398382813465844
2022-08-08,600002.SH,0.0062181810040599205
2022-08-09,600002.SH,0.0013080495850440732
2022-08-10,600002.SH,0.013567286449569315
2022-08-11,600002.SH,0.0021875423583397925
2022-08-12,600002.SH,0.006039251069888689
2022-08-15,600002.SH,0.005048874224121459
2022-08-16,600002.SH,-0.015814722843851468
2022-08-17,600002.SH,0.03386361995486154
2022-08-18,600002.SH,-0.011880858479352236
2022-08-19,600002.SH,0.017156641754435036
2022-08-22,600002.SH,-0.006543551164185323
2022-08-23,600002.SH,0.0033310903184242766
2022-08-24,600002.SH,-0.014997360868902423
2022-08-25,600002.SH,-0.002968748283428205
2022-08-26,600002.SH,-0.015919932562139562
2022-08-29,600002.SH,0.0044346907949926
2022-08-30,600002.SH,0.018736504183249125
2022-08-31,600002.SH,-0.011608977735693141
2022-09-01,600002.SH,-0.006785138684945275
2022-09-02,600002.SH,-0.01747741581463671
2022-09-05,600002.SH,-0.00490414395959094
2022-09-06,600002.SH,0.020377677089937193
2022-09-07,600002.SH,0.0008945502901533807
2022-09-08,600002.SH,0.016447373810431057
2022-09-09,600002.SH,-0.002535715670208867
2022-09-12,600002.SH,0.020441377258399493
2022-09-13,600002.SH,0.0027291941404886705
2022-09-14,600002.SH,0.004670362250772434
2022-09-15,600002.SH,0.004378733107179644
2022-09-16,600002.SH,0.002934463132177081
2022-09-19,600002.SH,0.01113105914297859
2022-09-20,600002.SH,-0.0068946956506826225
2022-09-21,600002.SH,-0.0031749369079464755
2022-09-22,600002.SH,-0.004442783538181678
2022-09-23,600002.SH,0.019142970406905664
2022-09-26,600002.SH,0.029158982305442824
2022-09-27,600002.SH,0.01305729430610223
2022-09-28,600002.SH,-0.006814945467579256
2022-09-29,600002.SH,0.0154220775222794
2022-09-30,600002.SH,-0.01509237234893003
2022-10-03,600002.SH,-0.006924262990501057
2022-10-04,600002.SH,-0.0008508801336762923
2022-10-05,600002.SH,0.013043862108483793
2022-10-06,600002.SH,0.003596006569669058
2022-10-07,600002.SH,-0.003487834469240322
2022-10-10,600002.SH,0.014636782108955238
2022-10-11,600002.SH,-0.01044629920744438
2022-10-12,600002.SH,-0.019416346693438936
2022-10-13,600002.SH,0.013109896898412604
2022-10-14,600002.SH,-0.015796692327074497
2022-10-17,600002.SH,0.002114715787166663
2022-10-18,600002.SH,-0.020009803195528454
2022-10-19,600002.SH,-0.009982841591892687
2022-10-20,600002.SH,0.013009875168583412
2022-10-21,600002.SH,0.005569008672352132
2022-10-24,600002.SH,0.009024285790276226
2022-10-25,600002.SH,-0.015001680842965888
2022-10-26,600002.SH,-0.003700676577938599
2022-10-27,600002.SH,-0.025165334358668807
2022-10-28,600002.SH,-4.498054568408084e-05
2022-10-31,600002.SH,0.01647689368725537
2022-11-01,600002.SH,-0.011451269775674743
2022-11-02,600002.SH,0.00408501593647379
2022-11-03,600002.SH,-0.012810691756333425
2022-11-04,600002.SH,-0.01522105284145326
2022-11-07,600002.SH,0.026743945733175005
2022-11-08,600002.SH,-0.01890404721971497
2022-11-09,600002.SH,0.0075552912512003275
2022-11-10,600002.SH,-0.00113655387853011
2022-11-11,600002.SH,-0.0017871076273461312
2022-11-14,600002.SH,-0.022981258458734177
2022-11-15,600002.SH,0.010175606040247467
2022-11-16,600002.SH,0.02734377623128033
2022-11-17,600002.SH,-0.034605889611756285
2022-11-18,600002.SH,-0.005774301014328602
2022-11-21,600002.SH,-0.023507543799368615
2022-11-22,600002.SH,0.0033200469041404735
2022-11-23,600002.SH,-0.00422629949271189
2022-11-24,600002.SH,0.013686369174461983
2022-11-25,600002.SH,-0.00017806651025793763
2022-11-28,600002.SH,0.013129086876757828
2022-11-29,600002.SH,-0.019207731674662942
2022-11-30,600002.SH,0.0024591163318668525
2022-12-01,600002.SH,-0.023349870086150866
2022-12-02,600002.SH,0.00766862021400885
2022-12-05,600002.SH,-0.014619974706054351
2022-12-06,600002.SH,-0.0063616420748979115
2022-12-07,600002.SH,-0.01428430507934516
2022-12-08,600002.SH,-0.02736520541652642
2022-12-09,600002.SH,0.019321677185515765
2022-12-12,600002.SH,-0.0006247179209421406
2022-12-13,600002.SH,-0.005844946392664202
2022-12-14,600002.SH,-0.0011936674152167384
2022-12-15,600002.SH,0.022002444410626657
2022-12-16,600002.SH,-0.0019522440008078283
2022-12-19,600002.SH,-0.021725879313963324
2022-12-20,600002.SH,-0.008015215730653065
2022-12-21,600002.SH,0.02259501719605994
2022-12-22,600002.SH,-0.005193902285453035
2022-12-23,600002.SH,0.002157493053730661
2022-12-26,600002.SH,0.024813648684727067
2022-12-27,600002.SH,0.008163656380794975
2022-12-28,600002.SH,0.0035696315344909994
2022-12-29,600002.SH,0.02603687155605493
2022-12-30,600002.SH,-0.013137212047864761
2023-01-02,600002.SH,-0.009884217587982273
2023-01-03,600002.SH,0.0021468640623996866
2023-01-04,600002.SH,0.006247269410898997
2023-01-05,600002.SH,-0.00970977167001421
2023-01-06,600002.SH,-0.006551662015187363
2023-01-09,600002.SH,0.031200170763459406
2023-01-10,600002.SH,0.004511869325227957
2023-01-11,600002.SH,-0.00450880254682713
2023-01-12,600002.SH,0.009584545803418925
2023-01-13,600002.SH,-0.0010907763708820316
2023-01-16,600002.SH,-0.008301278731521092
2023-01-17,600002.SH,0.008154682812531396
2023-01-18,600002.SH,-0.013697115469624814
2023-01-19,600002.SH,0.020271618510616485
2023-01-20,600002.SH,0.03171638729711947
2023-01-23,600002.SH,0.007748549042425114
2023-01-24,600002.SH,-0.009866578715392786
2023-01-25,600002.SH,-0.013970344580149764
2023-01-26,600002.SH,0.005425743891259827
2023-01-27,600002.SH,-0.00043763297930070246
2023-01-30,600002.SH,6.308189955016698e-05
2023-01-31,600002.SH,-0.004793573485047872
2023-02-01,600002.SH,-0.009912583179624386
2023-02-02,600002.SH,0.012255363209836244
2023-02-03,600002.SH,-0.012680310726741435
2023-02-06,600002.SH,-2.720602645869298e-06
2023-02-07,600002.SH,-0.00916014146715648
2023-02-08,600002.SH,0.01370604505534431
2023-02-09,600002.SH,0.01011898011529029
2023-02-10,600002.SH,0.00876799911297305
2023-02-13,600002.SH,-0.017163366783590477
2023-02-14,600002.SH,0.009511710807480277
2023-02-15,600002.SH,0.015820486660302346
2023-02-16,600002.SH,-0.03658597999877605
2023-02-17,600002.SH,-0.0021377759537856288
2023-02-20,600002.SH,0.005057444261312201
2023-02-21,600002.SH,0.007928704655728305
2023-02-22,600002.SH,-0.0012027029810817618
2023-02-23,600002.SH,-0.011141460091354864
2023-02-24,600002.SH,0.017360077792243835
2023-02-27,600002.SH,0.026079140812420278
2023-02-28,600002.SH,-0.040941440777156536
2023-03-01,600002.SH,0.003736238561208686
2023-03-02,600002.SH,-0.004274712060422664
2023-03-03,600002.SH,-0.01801158049390049
2023-03-06,600002.SH,-0.0074813575033084705
2023-03-07,600002.SH,0.009811928345258052
2023-03-08,600002.SH,-0.0004653218383142352
2023-03-09,600002.SH,0.008025251322800379
2023-03-10,600002.SH,0.004700258070315176
2023-03-13,600002.SH,0.0027001748750247814
2023-03-14,600002.SH,0.018286629773136963
2023-03-15,600002.SH,0.008525898008224089
2023-03-16,600002.SH,0.008134070160012637
2023-03-17,600002.SH,-0.012088275746233399
2023-03-20,600002.SH,0.016250607985671135
2023-03-21,600002.SH,0.006558890989938628
2023-03-22,600002.SH,-0.007404389012904832
2023-03-23,600002.SH,0.013672136576757773
2023-03-24,600002.SH,-0.023524623274397027
2023-03-27,600002.SH,0.018084110156867863
2023-03-28,600002.SH,-0.004765056215005578
2023-03-29,600002.SH,0.007329281597254208
2023-03-30,600002.SH,0.001090395760195234
2023-03-31,600002.SH,0.008758655233718566
2023-04-03,600002.SH,0.012792903645393244
2023-04-04,600002.SH,-0.010017253544183698
2023-04-05,600002.SH,0.005981856030844793
2023-04-06,600002.SH,-0.00946400443561424
2023-04-07,600002.SH,0.0009857593718416132
2023-04-10,600002.SH,0.00790134002696339
2023-04-11,600002.SH,0.027397588901277053
2023-04-12,600002.SH,-0.021270747592934954
2023-04-13,600002.SH,0.004499634304106652
2023-04-14,600002.SH,0.013941331250219794
2023-04-17,600002.SH,-0.018254069254704963
2023-04-18,600002.SH,0.016923613886387086
2023-04-19,600002.SH,0.012450978601863132
2023-04-20,600002.SH,0.018953886357082686
2023-04-21,600002.SH,0.005150313648054285
2023-04-24,600002.SH,-0.020502577650971566
2023-04-25,600002.SH,0.00034084556184599745
2023-04-26,600002.SH,0.004481574549055795
2023-04-27,600002.SH,0.017322985033320505
2023-04-28,600002.SH,0.014742819631823854
2023-05-01,600002.SH,-0.025620342445810847
2023-05-02,600002.SH,0.0035154432223209534
2023-05-03,600002.SH,0.013938758046294759
2023-05-04,600002.SH,-0.006106159911153678
2023-05-05,600002.SH,0.0192625814496779
2023-05-08,600002.SH,0.00023757160002718615
2023-05-09,600002.SH,-0.0025172197845585633
2023-05-10,600002.SH,-0.013249483598582155
2023-05-11,600002.SH,-0.009844522964848895
2023-05-12,600002.SH,0.010917258563371803
2023-05-15,600002.SH,0.0010285363288314107
2023-05-16,600002.SH,-0.0025246699037075205
2023-05-17,600002.SH,-0.02739344232919689
2023-05-18,600002.SH,-0.01937993681485674
2023-05-19,600002.SH,0.010028177072108846
2022-01-03,600003.SH,-0.00420852336259586
2022-01-04,600003.SH,-0.004713956073355551
2022-01-05,600003.SH,-0.007903244733300905
2022-01-06,600003.SH,0.021911572554722022
2022-01-07,600003.SH,-0.017048558109777456
2022-01-10,600003.SH,-0.007517032090063193
2022-01-11,600003.SH,0.02428052114415513
2022-01-12,600003.SH,0.01263446026714538
2022-01-13,600003.SH,-0.003200065472904888
2022-01-14,600003.SH,-0.012756553269292233
2022-01-17,600003.SH,0.0037797336837073103
2022-01-18,600003.SH,0.011321317968196944
2022-01-19,600003.SH,-0.0005239957620189829
2022-01-20,600003.SH,0.0050654882057095466
2022-01-21,600003.SH,0.018411887245106787
2022-01-24,600003.SH,-0.008016438620844274
2022-01-25,600003.SH,0.025945897203033183
2022-01-26,600003.SH,-0.006763635169110261
2022-01-27,600003.SH,0.024880786352705457
2022-01-28,600003.SH,0.0031737869392162448
2022-01-31,600003.SH,0.008150706824132395
2022-02-01,600003.SH,-0.012693546870408776
2022-02-02,600003.SH,0.0012427384835181233
2022-02-03,600003.SH,0.003360823693599458
2022-02-04,600003.SH,0.0064589098473482945
2022-02-07,600003.SH,-0.002414503383901208
2022-02-08,600003.SH,-0.008605459866410183
2022-02-09,600003.SH,-0.010679031147980644
2022-02-10,600003.SH,-0.010969503129094504
2022-02-11,600003.SH,-0.01422965310533075
2022-02-14,600003.SH,0.018228034401434567
2022-02-15,600003.SH,0.007999119086003328
2022-02-16,600003.SH,-0.004232099701820387
2022-02-17,600003.SH,-0.029114329399361545
2022-02-18,600003.SH,0.003020230777258478
2022-02-21,600003.SH,0.007403788375441062
2022-02-22,600003.SH,0.020048407841015393
2022-02-23,600003.SH,-0.021292630944895787
2022-02-24,600003.SH,-0.010502625751521874
2022-02-25,600003.SH,0.02226326910804325
2022-02-28,600003.SH,0.01044581678309302
2022-03-01,600003.SH,0.009978364881605807
2022-03-02,600003.SH,-0.004178233288070772
2022-03-03,600003.SH,0.005156725971106404
2022-03-04,600003.SH,0.008709581775911185
2022-03-07,600003.SH,-0.0063453544150955605
2022-03-08,600003.SH,0.015752016012667517
2022-03-09,600003.SH,-0.011941265778657935
2022-03-10,600003.SH,0.00871498823289054
2022-03-11,600003.SH,0.002328042188774403
2022-03-14,600003.SH,-0.003849975692401206
2022-03-15,600003.SH,0.004823453053451856
2022-03-16,600003.SH,-0.017882648085500864
2022-03-17,600003.SH,-0.013274382999475854
2022-03-18,600003.SH,-0.007299128650478808
2022-03-21,600003.SH,-0.016150909139663352
2022-03-22,600003.SH,0.0010268366311190114
2022-03-23,600003.SH,0.000458675548351533
2022-03-24,600003.SH,0.0001931213043645675
2022-03-25,600003.SH,-0.004068563842556354
2022-03-28,600003.SH,-0.0191259073287365
2022-03-29,600003.SH,-0.008925114322037988
2022-03-30,600003.SH,0.014553491809588434
2022-03-31,600003.SH,0.007992678107040144
2022-04-01,600003.SH,0.003572474612898898
2022-04-04,600003.SH,0.011333972292296636
2022-04-05,600003.SH,-0.02386172405128438
2022-04-06,600003.SH,-0.004130150237725612
2022-04-07,600003.SH,0.02683894882810486
2022-04-08,600003.SH,-0.00020696953502619348
2022-04-11,600003.SH,-0.00952635889501002
2022-04-12,600003.SH,-0.003585013915605885
2022-04-13,600003.SH,0.001600434145130565
2022-04-14,600003.SH,-0.01599738097646848
2022-04-15,600003.SH,-0.015683858929345748
2022-04-18,600003.SH,0.007626795743403612
2022-04-19,600003.SH,-0.010566786789667371
2022-04-20,600003.SH,0.014388570150812855
2022-04-21,600003.SH,0.0018529792528864547
2022-04-22,600003.SH,-0.021820079674893085
2022-04-25,600003.SH,-0.009025937267980679
2022-04-26,600003.SH,-0.032792167724838964
2022-04-27,600003.SH,-0.0052456861453497
2022-04-28,600003.SH,-0.004937744424630466
2022-04-29,600003.SH,-0.013811344262531295
2022-05-02,600003.SH,0.014684570236582043
2022-05-03,600003.SH,0.008229979643545144
2022-05-04,600003.SH,-0.0016039312837396128
2022-05-05,600003.SH,-0.01750096340352129
2022-05-06,600003.SH,0.009745065213162138
2022-05-09,600003.SH,0.010876683156868044
2022-05-10,600003.SH,0.002306031825494061
2022-05-11,600003.SH,0.0064284109967279275
2022-05-12,600003.SH,-0.012286026651861593
2022-05-13,600003.SH,0.006588878390187151
2022-05-16,600003.SH,-0.02117117731080338
2022-05-17,600003.SH,-0.003089367626826672
2022-05-18,600003.SH,-0.024851451564945372
2022-05-19,600003.SH,-0.006104453058913016
2022-05-20,600003.SH,0.007919854024372876
2022-05-23,600003.SH,-0.005634298662323617
2022-05-24,600003.SH,0.0187930524336165
2022-05-25,600003.SH,-0.0004805578812989465
2022-05-26,600003.SH,0.004850542987734966
2022-05-27,600003.SH,0.006169561809247881
2022-05-30,600003.SH,-0.004010088709460043
2022-05-31,600003.SH,-0.025407557514919354
2022-06-01,600003.SH,-0.010744665526721552
2022-06-02,600003.SH,0.012234382386676106
2022-06-03,600003.SH,-0.009863472321913707
2022-06-06,600003.SH,-0.012195193353987523
2022-06-07,600003.SH,-0.005341540375423787
2022-06-08,600003.SH,-0.010570413137596822
2022-06-09,600003.SH,-0.015223158776249888
2022-06-10,600003.SH,-0.013182099824304558
2022-06-13,600003.SH,-0.010519652753705207
2022-06-14,600003.SH,-0.005424695161757643
2022-06-15,600003.SH,0.007890149761806737
2022-06-16,600003.SH,0.02090544424046976
2022-06-17,600003.SH,-0.003372949600672354
2022-06-20,600003.SH,-0.012108377899682235
2022-06-21,600003.SH,0.0028334482000416635
2022-06-22,600003.SH,-0.006405777602781628
2022-06-23,600003.SH,-0.0005948202197509165
2022-06-24,600003.SH,-0.002721322121940541
2022-06-27,600003.SH,-0.0034931631665184922
2022-06-28,600003.SH,7.168513183378362e-05
2022-06-29,600003.SH,-0.00788950884395406
2022-06-30,600003.SH,0.0021791444758391017
2022-07-01,600003.SH,-0.023283590539226618
2022-07-04,600003.SH,-0.0028671913130858106
2022-07-05,600003.SH,-0.013212847133113825
2022-07-06,600003.SH,0.008496294429883264
2022-07-07,600003.SH,-0.0019071692578260676
2022-07-08,600003.SH,-0.02630244315533757
2022-07-11,600003.SH,-0.020748525638231985
2022-07-12,600003.SH,0.0028023465354512895
2022-07-13,600003.SH,0.016992821740610144
2022-07-14,600003.SH,-0.006168026576895736
2022-07-15,600003.SH,0.026768165526074437
2022-07-18,600003.SH,0.015211495519084402
2022-07-19,600003.SH,-0.009446563722317045
2022-07-20,600003.SH,-0.011554345285586066
2022-07-21,600003.SH,-0.004888999110227336
2022-07-22,600003.SH,-0.007697190755251377
2022-07-25,600003.SH,-0.019531993264518998
2022-07-26,600003.SH,-0.028340207476667205
2022-07-27,600003.SH,0.008301330920921671
2022-07-28,600003.SH,-0.00132210743094327
2022-07-29,600003.SH,-0.003298889910471548
2022-08-01,600003.SH,-0.015133501229011439
2022-08-02,600003.SH,-0.02238492705344525
2022-08-03,600003.SH,-0.015135840558581021
2022-08-04,600003.SH,-0.011186235213943112
2022-08-05,600003.SH,0.003349449573400421
2022-08-08,600003.SH,0.018668823498434982
2022-08-09,600003.SH,0.004250692635029158
2022-08-10,600003.SH,0.010247923997468898
2022-08-11,600003.SH,0.011783317261005646
2022-08-12,600003.SH,-0.020155487821785056
2022-08-15,600003.SH,-0.008270282759888153
2022-08-16,600003.SH,0.005525089688909863
2022-08-17,600003.SH,0.02967315595286168
2022-08-18,600003.SH,-0.020788729927240818
2022-08-19,600003.SH,0.0035843592133320604
2022-08-22,600003.SH,0.006357793533976393
2022-08-23,600003.SH,0.012533375154984606
2022-08-24,600003.SH,0.005032238043644633
2022-08-25,600003.SH,-0.0034299501156112907
2022-08-26,600003.SH,-0.004164109466160927
2022-08-29,600003.SH,-0.002356110932531881
2022-08-30,600003.SH,0.001044836362011811
2022-08-31,600003.SH,-0.0040656540531706815
2022-09-01,600003.SH,-0.009018859048987613
2022-09-02,600003.SH,-0.017004215879491948
2022-09-05,600003.SH,0.0067019970805913395
2022-09-06,600003.SH,0.04177517653543768
2022-09-07,600003.SH,-0.016489933484673248
2022-09-08,600003.SH,0.002291018633020738
2022-09-09,600003.SH,-0.005315291769368713
2022-09-12,600003.SH,0.0162220397088471
2022-09-13,600003.SH,0.00222063474418946
2022-09-14,600003.SH,0.004331129893754738
2022-09-15,600003.SH,0.020605375445566905
2022-09-16,600003.SH,0.005354262685374722
2022-09-19,600003.SH,0.023606570820109717
2022-09-20,600003.SH,-0.021977103440111525
2022-09-21,600003.SH,0.00610877072539623
2022-09-22,600003.SH,-0.007194652075041918
2022-09-23,600003.SH,0.023985857015301815
2022-09-26,600003.SH,0.0015905683178511609
2022-09-27,600003.SH,-0.009743852522314163
2022-09-28,600003.SH,-0.0016061156276401607
2022-09-29,600003.SH,0.011521175444562987
2022-09-30,600003.SH,-0.0060256795762480084
2022-10-03,600003.SH,0.003687335457653051
2022-10-04,600003.SH,-0.012505588795516135
2022-10-05,600003.SH,0.006581349734296374
2022-10-06,600003.SH,4.1844165818699816e-05
2022-10-07,600003.SH,-0.003345361799441578
2022-10-10,600003.SH,-0.012010555953457435
2022-10-11,600003.SH,0.016290341574278385
2022-10-12,600003.SH,-0.02341639925509641
2022-10-13,600003.SH,0.01163545045860199
2022-10-14,600003.SH,-0.0313224351629781
2022-10-17,600003.SH,0.00014483191073379675
2022-10-18,600003.SH,-0.007937530535622173
2022-10-19,600003.SH,0.0019448769895498118
2022-10-20,600003.SH,-0.00881177062556891
2022-10-21,600003.SH,-0.009614373137063153
2022-10-24,600003.SH,0.002261193379136075
2022-10-25,600003.SH,0.002117685945630124
2022-10-26,600003.SH,0.0056080216325642765
2022-10-27,600003.SH,-0.007729655281900241
2022-10-28,600003.SH,-0.004985848954540821
2022-10-31,600003.SH,-0.007649708303417636
2022-11-01,600003.SH,0.008189665504546818
2022-11-02,600003.SH,-0.006898972217412707
2022-11-03,600003.SH,0.006281919224355358
2022-11-04,600003.SH,-0.004281324968452967
2022-11-07,600003.SH,0.05007864746069523
2022-11-08,600003.SH,-0.009061381207073286
2022-11-09,600003.SH,0.000385965957223359
2022-11-10,600003.SH,0.009307772431363695
2022-11-11,600003.SH,0.012637814655937137
2022-11-14,600003.SH,-0.005136293874687756
2022-11-15,600003.SH,0.02237946658400584
2022-11-16,600003.SH,0.015034750454404234
2022-11-17,600003.SH,-0.004006388130528988
2022-11-18,600003.SH,-0.009285871252241708
2022-11-21,600003.SH,-0.01260074004170337
2022-11-22,600003.SH,-0.020706179864475028
2022-11-23,600003.SH,0.0038760745474035446
2022-11-24,600003.SH,0.014147035701324188
2022-11-25,600003.SH,-0.00810686482838771
2022-11-28,600003.SH,-0.021383680426390248
2022-11-29,600003.SH,-0.007292993609394614
2022-11-30,600003.SH,0.002343923015568761
2022-12-01,600003.SH,-0.015759466271886274
2022-12-02,600003.SH,-0.00704151988730923
2022-12-05,600003.SH,-0.022021580253159097
2022-12-06,600003.SH,-0.0110082017117995
2022-12-07,600003.SH,-0.019439940594424446
2022-12-08,600003.SH,0.0005478461596735863
2022-12-09,600003.SH,0.010638942987351628
2022-12-12,600003.SH,-0.00389724405690466
2022-12-13,600003.SH,-0.014157446656252915
2022-12-14,600003.SH,0.01717478383508926
2022-12-15,600003.SH,0.02182658233248523
2022-12-16,600003.SH,-0.0006419670296753006
2022-12-19,600003.SH,-0.008294105036489823
2022-12-20,600003.SH,-0.012992838092500335
2022-12-21,600003.SH,1.0090841608412227e-05
2022-12-22,600003.SH,-0.013213631566853474
2022-12-23,600003.SH,-0.014452822474317405
2022-12-26,600003.SH,0.010320820765289465
2022-12-27,600003.SH,-0.0011795530528478288
2022-12-28,600003.SH,0.02073681693042352
2022-12-29,600003.SH,-0.018447729667499652
2022-12-30,600003.SH,-0.008962834679861842
2023-01-02,600003.SH,-0.013184920186854012
2023-01-03,600003.SH,-0.007065113323898427
2023-01-04,600003.SH,0.0032715538504154897
2023-01-05,600003.SH,-0.027696331499295
2023-01-06,600003.SH,0.006140569348241387
2023-01-09,600003.SH,0.027130801165300304
2023-01-10,600003.SH,-0.0032909483623382004
2023-01-11,600003.SH,0.0054121298352487225
2023-01-12,600003.SH,0.010674459711876931
2023-01-13,600003.SH,-0.0016388598555386522
2023-01-16,600003.SH,-0.011582066153657611
2023-01-17,600003.SH,-0.020225409943831058
2023-01-18,600003.SH,0.0056316144066418175
2023-01-19,600003.SH,0.015613662374155787
2023-01-20,600003.SH,0.0024600007059203226
2023-01-23,600003.SH,0.004352739523228942
2023-01-24,600003.SH,-0.011941261245619953
2023-01-25,600003.SH,-0.0141835530870226
2023-01-26,600003.SH,0.015592055185798002
2023-01-27,600003.SH,-0.011281830312061338
2023-01-30,600003.SH,0.014314300087870472
2023-01-31,600003.SH,-0.027933549526977578
2023-02-01,600003.SH,0.0007924937689128076
2023-02-02,600003.SH,0.022864824646380677
2023-02-03,600003.SH,0.002390102141108399
2023-02-06,600003.SH,-0.00279615853464519
2023-02-07,600003.SH,-0.007295564520160009
2023-02-08,600003.SH,-0.004872988680148983
2023-02-09,600003.SH,-0.001604616340571476
2023-02-10,600003.SH,-0.0004526738211317027
2023-02-13,600003.SH,-0.0029245283219147115
2023-02-14,600003.SH,0.0009121749559779053
2023-02-15,600003.SH,0.009628184686894116
2023-02-16,600003.SH,-0.03495305488385051
2023-02-17,600003.SH,-0.007059909537685803
2023-02-20,600003.SH,0.010558339910848041
2023-02-21,600003.SH,-0.011315391058014379
2023-02-22,600003.SH,-0.004870871765963104
2023-02-23,600003.SH,-0.0222513135475371
2023-02-24,600003.SH,0.0037374681636939905
2023-02-27,600003.SH,0.009932469902645298
2023-02-28,600003.SH,0.0025030454104175894
2023-03-01,600003.SH,0.011976455651488045
2023-03-02,600003.SH,-0.015746233442755265
2023-03-03,600003.SH,0.006221685349506208
2023-03-06,600003.SH,-0.01616970664825222
2023-03-07,600003.SH,-0.008445613092622348
2023-03-08,600003.SH,0.013538546958662885
2023-03-09,600003.SH,-0.0002562322613996913
2023-03-10,600003.SH,0.02278705100650911
2023-03-13,600003.SH,0.001674194496687595
2023-03-14,600003.SH,-0.002676772094477022
2023-03-15,600003.SH,0.007387767273861249
2023-03-16,600003.SH,-0.0021444422136439995
2023-03-17,600003.SH,0.0176158209698546
2023-03-20,600003.SH,0.0039153953078253645
2023-03-21,600003.SH,0.01763180606699435
2023-03-22,600003.SH,0.017097051452590332
2023-03-23,600003.SH,-0.0023904988425645732
2023-03-24,600003.SH,-0.008722237711646036
2023-03-27,600003.SH,-0.0055032004270930395
2023-03-28,600003.SH,-0.009301267737523947
2023-03-29,600003.SH,0.003069151645181861
2023-03-30,600003.SH,-0.0045645968315326645
2023-03-31,600003.SH,0.004046296532190276
2023-04-03,600003.SH,0.0044033537439066095
2023-04-04,600003.SH,-0.024743506229089995
2023-04-05,600003.SH,0.007885644208190722
2023-04-06,600003.SH,-0.01855359291493367
2023-04-07,600003.SH,0.023949450962033724
2023-04-10,600003.SH,0.007575982956569822
2023-04-11,600003.SH,0.0058204469063520906
2023-04-12,600003.SH,-0.018544855273290323
2023-04-13,600003.SH,0.008951178649753202
2023-04-14,600003.SH,0.01145726355103925
2023-04-17,600003.SH,-0.0067633224876878974
2023-04-18,600003.SH,-0.018837147706968305
2023-04-19,600003.SH,0.0046027445496561546
2023-04-20,600003.SH,-0.0019718141713189804
2023-04-21,600003.SH,0.019493644412529126
2023-04-24,600003.SH,-0.010238368750253073
2023-04-25,600003.SH,0.0033893242171194396
2023-04-26,600003.SH,-0.0237874880466126
2023-04-27,600003.SH,-0.006523037503608763
2023-04-28,600003.SH,0.019807288769208384
2023-05-01,600003.SH,-0.004377069297206385
2023-05-02,600003.SH,0.0063628707133924715
2023-05-03,600003.SH,-0.011192879440067718
2023-05-04,600003.SH,-0.009637232127502497
2023-05-05,600003.SH,0.021962744549257368
2023-05-08,600003.SH,-0.013636502754217185
2023-05-09,600003.SH,0.006693626733014869
2023-05-10,600003.SH,-0.0018291253090897941
2023-05-11,600003.SH,0.0035024636712623356
2023-05-12,600003.SH,-0.00997384610609971
2023-05-15,600003.SH,-0.00139395693963994
2023-05-16,600003.SH,-0.0013978471609606725
2023-05-17,600003.SH,0.000682021868776265
2023-05-18,600003.SH,-0.012541476372165749
2023-05-19,600003.SH,-0.005610350974337497
2022-01-03,600004.SH,0.0020406738145656717
2022-01-04,600004.SH,-0.0038953268002268537
2022-01-05,600004.SH,0.002959341937884986
2022-01-06,600004.SH,0.0034280284474496924
2022-01-07,600004.SH,-0.01468474112668611
2022-01-10,600004.SH,-0.02962659531385036
2022-01-11,600004.SH,0.005793074497602864
2022-01-12,600004.SH,-0.002535571709978246
2022-01-13,600004.SH,0.0002625260059413079
2022-01-14,600004.SH,0.002782991655356
2022-01-17,600004.SH,-0.012492971501579853
2022-01-18,600004.SH,-0.013516003215158053
2022-01-19,600004.SH,0.003266284033724924
2022-01-20,600004.SH,0.008946761104459106
2022-01-21,600004.SH,0.005441844169935687
2022-01-24,600004.SH,-0.011495610454790361
2022-01-25,600004.SH,0.009593543015059304
2022-01-26,600004.SH,0.0016553276232792085
2022-01-27,600004.SH,0.01186742534997345
2022-01-28,600004.SH,-0.0030076918719358545
2022-01-31,600004.SH,-0.02255579278450611
2022-02-01,600004.SH,0.0022449257251397504
2022-02-02,600004.SH,0.02199761737156817
2022-02-03,600004.SH,0.005209348263289383
2022-02-04,600004.SH,-0.012223046850979923
2022-02-07,600004.SH,0.003920875532771742
2022-02-08,600004.SH,0.012863770564041244
2022-02-09,600004.SH,0.018511714992903484
2022-02-10,600004.SH,-0.0054592383495116695
2022-02-11,600004.SH,0.0011820221786216774
2022-02-14,600004.SH,0.024605901318398245
2022-02-15,600004.SH,-0.002677219416695347
2022-02-16,600004.SH,-0.015271217853085047
2022-02-17,600004.SH,-0.0023640189757159914
2022-02-18,600004.SH,0.010714451718755631
2022-02-21,600004.SH,0.009911407305077153
2022-02-22,600004.SH,0.001284269610560441
2022-02-23,600004.SH,-0.009308310832557527
2022-02-24,600004.SH,0.008186939631630677
2022-02-25,600004.SH,-0.003802179534529158
2022-02-28,600004.SH,7.282574198974948e-05
2022-03-01,600004.SH,0.004455089281716816
2022-03-02,600004.SH,0.003465462618699372
2022-03-03,600004.SH,-0.01311644111641161
2022-03-04,600004.SH,-0.012169481024528566
2022-03-07,600004.SH,-0.018627776303515076
2022-03-08,600004.SH,0.007298382476118226
2022-03-09,600004.SH,-0.009394293781867982
2022-03-10,600004.SH,0.0015858074043959914
2022-03-11,600004.SH,0.007154414454828212
2022-03-14,600004.SH,-0.004102472018308593
2022-03-15,600004.SH,0.007363126034141969
2022-03-16,600004.SH,-0.014650625636362553
2022-03-17,600004.SH,0.004163773420105958
2022-03-18,600004.SH,0.0009882994391377238
2022-03-21,600004.SH,-0.012030359747692836
2022-03-22,600004.SH,-0.003887655543817996
2022-03-23,600004.SH,0.022396964467080113
2022-03-24,600004.SH,-0.0029928802230049754
2022-03-25,600004.SH,-0.006223393740779469
2022-03-28,600004.SH,-0.0069067775612126105
2022-03-29,600004.SH,-0.013525186464248582
2022-03-30,600004.SH,0.015427155220450106
2022-03-31,600004.SH,0.014930767049284473
2022-04-01,600004.SH,0.008588667397526848
2022-04-04,600004.SH,0.007919106315961336
2022-04-05,600004.SH,-0.004880123138261701
2022-04-06,600004.SH,0.0030864251726837435
2022-04-07,600004.SH,0.003156025355436615
2022-04-08,600004.SH,0.0008252641073460195
2022-04-11,600004.SH,-0.001486146921508863
2022-04-12,600004.SH,-0.014684363147283743
2022-04-13,600004.SH,-0.013517545687919836
2022-04-14,600004.SH,-0.007966368854814478
2022-04-15,600004.SH,-0.009505321572697201
2022-04-18,600004.SH,-0.012760070281872878
2022-04-19,600004.SH,0.0038802667194630224
2022-04-20,600004.SH,0.01935746294944142
2022-04-21,600004.SH,0.019258012586441747
2022-04-22,600004.SH,-0.018735617204027073
2022-04-25,600004.SH,0.010902748616021292
2022-04-26,600004.SH,0.008925655970702355
2022-04-27,600004.SH,-0.007472530579907214
2022-04-28,600004.SH,-0.002039428845486138
2022-04-29,600004.SH,-0.02964564767275902
2022-05-02,600004.SH,0.00656314152605107
2022-05-03,600004.SH,-0.014390816015968966
2022-05-04,600004.SH,0.002096303128936645
2022-05-05,600004.SH,-0.011766055950641532
2022-05-06,600004.SH,0.009000831653015512
2022-05-09,600004.SH,0.015568207626049189
2022-05-10,600004.SH,-0.008619682493227065
2022-05-11,600004.SH,-0.014755612310457574
2022-05-12,600004.SH,-0.022197976112751004
2022-05-13,600004.SH,-0.01616281081241601
2022-05-16,600004.SH,-0.01739283912220075
2022-05-17,600004.SH,-0.026091791022315767
2022-05-18,600004.SH,-0.0034477870576901373
2022-05-19,600004.SH,-0.0013015100048589987
2022-05-20,600004.SH,-0.01800119202933281
2022-05-23,600004.SH,-0.008571024488719589
2022-05-24,600004.SH,0.02110687177158468
2022-05-25,600004.SH,0.003179257669060815
2022-05-26,600004.SH,0.004599863932751794
2022-05-27,600004.SH,-0.0012778912554304907
2022-05-30,600004.SH,-0.01325262002680843
2022-05-31,600004.SH,-0.007276475432014345
2022-06-01,600004.SH,-0.0012390413023397944
2022-06-02,600004.SH,0.002024100014671895
2022-06-03,600004.SH,-0.009463980025964611
2022-06-06,600004.SH,-0.004328945398077653
2022-06-07,600004.SH,0.007000091896419402
2022-06-08,600004.SH,0.0007653880697385635
2022-06-09,600004.SH,-0.0407400616420783
2022-06-10,600004.SH,0.012480093096812132
2022-06-13,600004.SH,-0.03471226732603796
2022-06-14,600004.SH,-0.004299080564723621
2022-06-15,600004.SH,0.010428297506765093
2022-06-16,600004.SH,0.009641363878042916
2022-06-17,600004.SH,-0.016576704844479616
2022-06-20,600004.SH,-0.019125350558141626
2022-06-21,600004.SH,0.011703262542856727
2022-06-22,600004.SH,-0.01745507183371226
2022-06-23,600004.SH,0.022163411611543664
2022-06-24,600004.SH,0.006129868976893735
2022-06-27,600004.SH,-0.009068984831228262
2022-06-28,600004.SH,0.005875272406729583
2022-06-29,600004.SH,-0.01968234784559922
2022-06-30,600004.SH,0.0035442397465873035
2022-07-01,600004.SH,-8.83294336158167e-05
2022-07-04,600004.SH,-0.02031008976400661
2022-07-05,600004.SH,-0.015049410365643811
2022-07-06,600004.SH,-0.003550649048927537
2022-07-07,600004.SH,0.011157318107803516
2022-07-08,600004.SH,-0.025267441537285475
2022-07-11,600004.SH,0.007917658397189806
2022-07-12,600004.SH,0.0021751633844321865
2022-07-13,600004.SH,-0.004914331520645827
2022-07-14,600004.SH,0.009201105293441515
2022-07-15,600004.SH,0.01529471132037413
2022-07-18,600004.SH,-0.00943090855394709
2022-07-19,600004.SH,-0.0069680363629511565
2022-07-20,600004.SH,-0.029335525752768907
2022-07-21,600004.SH,-0.0196619703886312
2022-07-22,600004.SH,-0.010300293470964339
2022-07-25,600004.SH,-0.02135142004561631
2022-07-26,600004.SH,-0.012418383073153669
2022-07-27,600004.SH,-0.01021735597736464
2022-07-28,600004.SH,-0.00018431887395699287
2022-07-29,600004.SH,0.021266019555464293
2022-08-01,600004.SH,-0.0007049630246137988
2022-08-02,600004.SH,-0.00583151993265317
2022-08-03,600004.SH,-0.031161446521057803
2022-08-04,600004.SH,-0.010430094608955866
2022-08-05,600004.SH,0.0017227658928685556
2022-08-08,600004.SH,0.003898150179509001
2022-08-09,600004.SH,0.01012282460696294
2022-08-10,600004.SH,-0.0041650497708258395
2022-08-11,600004.SH,-0.006858026146964973
2022-08-12,600004.SH,-0.015340066531091785
2022-08-15,600004.SH,-0.006077727504039815
2022-08-16,600004.SH,-0.012206709234840286
2022-08-17,600004.SH,0.014318821588771943
2022-08-18,600004.SH,-0.008932394351574944
2022-08-19,600004.SH,-0.0006359639440222508
2022-08-22,600004.SH,-0.002372478739725085
2022-08-23,600004.SH,0.009836467851368207
2022-08-24,600004.SH,0.0021934682763152325
2022-08-25,600004.SH,-0.005557686515884304
2022-08-26,600004.SH,0.007639340096116498
2022-08-29,600004.SH,-0.007596644001576936
2022-08-30,600004.SH,0.0005016047335972725
2022-08-31,600004.SH,-0.00259296754384498
2022-09-01,600004.SH,0.00716102071957052
2022-09-02,600004.SH,-0.023627062674768995
2022-09-05,600004.SH,0.009079272272330503
2022-09-06,600004.SH,-0.00629898156109757
2022-09-07,600004.SH,0.0034526644908737456
2022-09-08,600004.SH,0.014801721667208247
2022-09-09,600004.SH,0.007173294361493415
2022-09-12,600004.SH,0.012154264719052527
2022-09-13,600004.SH,-0.003849434677119905
2022-09-14,600004.SH,-0.002976945841784355
2022-09-15,600004.SH,0.006329681526445549
2022-09-16,600004.SH,-0.004429714571620646
2022-09-19,600004.SH,0.009387291781219238
2022-09-20,600004.SH,0.0034496871040396444
2022-09-21,600004.SH,-0.017467922939070405
2022-09-22,600004.SH,-0.01900809180081216
2022-09-23,600004.SH,-0.00039501091807174656
2022-09-26,600004.SH,0.01769657602715534
2022-09-27,600004.SH,0.004017078913409799
2022-09-28,600004.SH,-0.0007488941267227273
2022-09-29,600004.SH,0.021343259265224276
2022-09-30,600004.SH,-0.007977689085540628
2022-10-03,600004.SH,-0.0032377067779890438
2022-10-04,600004.SH,0.008184988613887985
2022-10-05,600004.SH,-0.0040722411770587955
2022-10-06,600004.SH,-0.005349193215057044
2022-10-07,600004.SH,0.02083398296972301
2022-10-10,600004.SH,-0.0018189134081436163
2022-10-11,600004.SH,0.004601077779305371
2022-10-12,600004.SH,0.0050647774897150345
2022-10-13,600004.SH,0.007670054499164914
2022-10-14,600004.SH,-0.030449292284351455
2022-10-17,600004.SH,0.010837035330196441
2022-10-18,600004.SH,-0.0076877879158513025
2022-10-19,600004.SH,-0.02085981543554623
2022-10-20,600004.SH,0.004862622208108733
2022-10-21,600004.SH,0.0035837681903550427
2022-10-24,600004.SH,-0.005318199580631037
2022-10-25,600004.SH,0.00716068666066073
2022-10-26,600004.SH,0.006833025624417267
2022-10-27,600004.SH,-0.003975316622919089
2022-10-28,600004.SH,0.013280803301322109
2022-10-31,600004.SH,0.009615040440733238
2022-11-01,600004.SH,0.004024092744991089
2022-11-02,600004.SH,0.00409618369932206
2022-11-03,600004.SH,0.004582458959071582
2022-11-04,600004.SH,-0.000801511220125826
2022-11-07,600004.SH,0.026355930863853117
2022-11-08,600004.SH,-0.005959889208506257
2022-11-09,600004.SH,0.002711885409290427
2022-11-10,600004.SH,-0.009373092435488312
2022-11-11,600004.SH,-0.012610824934319018
2022-11-14,600004.SH,-0.012892296872130615
2022-11-15,600004.SH,0.02579132608836906
2022-11-16,600004.SH,-0.011004126260263529
2022-11-17,600004.SH,-0.004771841534857961
2022-11-18,600004.SH,-0.007079897469931654
2022-11-21,600004.SH,0.001374930054103076
2022-11-22,600004.SH,-0.00966033820324665
2022-11-23,600004.SH,0.009119682171241683
2022-11-24,600004.SH,0.005677690554727953
2022-11-25,600004.SH,-0.004695189167087434
2022-11-28,600004.SH,0.00213519378865814
2022-11-29,600004.SH,-0.02180386940115504
2022-11-30,600004.SH,0.00866422148062478
2022-12-01,600004.SH,-0.018436294065941338
2022-12-02,600004.SH,-0.0012895869933447993
2022-12-05,600004.SH,0.0022115110025378217
2022-12-06,600004.SH,0.005846274483882893
2022-12-07,600004.SH,0.005102621636501053
2022-12-08,600004.SH,-0.01937075513623453
2022-12-09,600004.SH,0.0032424843827405046
2022-12-12,600004.SH,-0.020242731735143443
2022-12-13,600004.SH,-0.0021698589621527474
2022-12-14,600004.SH,0.0196745375692643
2022-12-15,600004.SH,0.02426310395039741
2022-12-16,600004.SH,-0.020602103521674034
2022-12-19,600004.SH,0.004722681278986363
2022-12-20,600004.SH,-0.009514603368981328
2022-12-21,600004.SH,0.025419076979013737
2022-12-22,600004.SH,0.02067952760397275
2022-12-23,600004.SH,0.001702288698178627
2022-12-26,600004.SH,0.012049781965071383
2022-12-27,600004.SH,-0.0014504690932226447
2022-12-28,600004.SH,-0.021111381780708958
2022-12-29,600004.SH,-0.007097777346430553
2022-12-30,600004.SH,-0.02192811887794735
2023-01-02,600004.SH,-0.01637543571594748
2023-01-03,600004.SH,0.015092499499884851
2023-01-04,600004.SH,0.004585984297267778
2023-01-05,600004.SH,-0.0006457419444122919
2023-01-06,600004.SH,0.0006820845283986169
2023-01-09,600004.SH,0.006373015718124265
2023-01-10,600004.SH,0.010888941443741062
2023-01-11,600004.SH,0.002490680080241473
2023-01-12,600004.SH,0.0057321821608702665
2023-01-13,600004.SH,-0.001959367833718845
2023-01-16,600004.SH,-0.00919399317566325
2023-01-17,600004.SH,-0.011537187562632155
2023-01-18,600004.SH,-0.0205557834109792
2023-01-19,600004.SH,0.014129727460780742
2023-01-20,600004.SH,0.013151806139734266
2023-01-23,600004.SH,-0.009774527946635903
2023-01-24,600004.SH,-0.006449206327904469
2023-01-25,600004.SH,-0.008361766145962323
2023-01-26,600004.SH,-0.012030936435882872
2023-01-27,600004.SH,-0.007049252793617904
2023-01-30,600004.SH,0.007913786164487572
2023-01-31,600004.SH,-0.010086100601836102
2023-02-01,600004.SH,-0.00411724131153216
2023-02-02,600004.SH,0.005219843210712253
2023-02-03,600004.SH,0.0013406267782888979
2023-02-06,600004.SH,0.0039985311303093905
2023-02-07,600004.SH,0.0011568797647128108
2023-02-08,600004.SH,-0.004260028746392975
2023-02-09,600004.SH,-0.008630814329773485
2023-02-10,600004.SH,0.0038502916845688843
2023-02-13,600004.SH,-6.47792942262027e-05
2023-02-14,600004.SH,0.007514540157841753
2023-02-15,600004.SH,0.013090673915156777
2023-02-16,600004.SH,-0.012345628023975961
2023-02-17,600004.SH,-0.0009488767865004723
2023-02-20,600004.SH,0.00925898653229644
2023-02-21,600004.SH,0.011076179621163185
2023-02-22,600004.SH,-0.011020582952818454
2023-02-23,600004.SH,-0.032135214728536116
2023-02-24,600004.SH,0.01805889242985841
2023-02-27,600004.SH,0.016385389020436097
2023-02-28,600004.SH,-0.029415750194290317
2023-03-01,600004.SH,-0.00022757086260160458
2023-03-02,600004.SH,0.005090541138715134
2023-03-03,600004.SH,-0.0032873630779597083
2023-03-06,600004.SH,-0.013543802278822863
2023-03-07,600004.SH,0.011333169224282654
2023-03-08,600004.SH,-7.251470624643729e-05
2023-03-09,600004.SH,-0.0033202916416466815
2023-03-10,600004.SH,0.01597235759376223
2023-03-13,600004.SH,0.013323844432360373
2023-03-14,600004.SH,0.008476123774843925
2023-03-15,600004.SH,0.023063856655031807
2023-03-16,600004.SH,0.0054977314767215586
2023-03-17,600004.SH,0.011517744803760563
2023-03-20,600004.SH,-0.004964660221428499
2023-03-21,600004.SH,0.001159349559240781
2023-03-22,600004.SH,-0.004504048785865871
2023-03-23,600004.SH,0.010067652834949186
2023-03-24,600004.SH,-0.001701030909091317
2023-03-27,600004.SH,0.011810259558789601
2023-03-28,600004.SH,-0.0010830384310394445
2023-03-29,600004.SH,0.0012787168983281576
2023-03-30,600004.SH,0.006683664490477174
2023-03-31,600004.SH,0.014284991412216974
2023-04-03,600004.SH,0.0077780133272411425
2023-04-04,600004.SH,0.009488931026178095
2023-04-05,600004.SH,-0.005773353168597961
2023-04-06,600004.SH,-0.005153167349504931
2023-04-07,600004.SH,0.006538381933512785
2023-04-10,600004.SH,0.013069846607207603
2023-04-11,600004.SH,0.028478721678903224
2023-04-12,600004.SH,-0.009371836345944738
2023-04-13,600004.SH,-0.004868846708322721
2023-04-14,600004.SH,-0.007725800705919734
2023-04-17,600004.SH,-0.013247728546481954
2023-04-18,600004.SH,-0.0028797831152060703
2023-04-19,600004.SH,0.010959116395487249
2023-04-20,600004.SH,0.01243344462908931
2023-04-21,600004.SH,0.01746124027114288
2023-04-24,600004.SH,-0.019279969174711517
2023-04-25,600004.SH,-0.0008867514661479751
2023-04-26,600004.SH,0.027616119658654487
2023-04-27,600004.SH,0.007253498777401852
2023-04-28,600004.SH,0.005734861993424181
2023-05-01,600004.SH,-0.023448543836918634
2023-05-02,600004.SH,-0.01415562654684225
2023-05-03,600004.SH,0.014092944140914717
2023-05-04,600004.SH,-0.016296528124563957
2023-05-05,600004.SH,0.013081217140992928
2023-05-08,600004.SH,0.0023117661572225803
2023-05-09,600004.SH,0.01408759596615658
2023-05-10,600004.SH,-0.013034990221014557
2023-05-11,600004.SH,-0.0042456133417004705
2023-05-12,600004.SH,0.01079074551972825
2023-05-15,600004.SH,0.007872617008096317
2023-05-16,600004.SH,0.005200530272565975
2023-05-17,600004.SH,-0.005931791376719469
2023-05-18,600004.SH,-0.00013191369700111567
2023-05-19,600004.SH,-0.008618838712879166
2022-01-03,600005.SH,-0.002777649809828383
2022-01-04,600005.SH,-0.017759408097143988
2022-01-05,600005.SH,0.019015193052971967
2022-01-06,600005.SH,0.013858733141403203
2022-01-07,600005.SH,-0.009558347752441958
2022-01-10,600005.SH,0.0020546781565259596
2022-01-11,600005.SH,0.029149215707725516
2022-01-12,600005.SH,-0.019622201777850214
2022-01-13,600005.SH,-0.007518175068805391
2022-01-14,600005.SH,-0.01298610226233388
2022-01-17,600005.SH,-0.0014730124249242998
2022-01-18,600005.SH,-0.004553496992605539
2022-01-19,600005.SH,-0.002468285060063928
2022-01-20,600005.SH,-0.0031481074971497856
2022-01-21,600005.SH,0.007090498413390497
2022-01-24,600005.SH,-0.0063573564887797595
2022-01-25,600005.SH,0.007760292920296544
2022-01-26,600005.SH,-0.002593776290249466
2022-01-27,600005.SH,0.013057670944724944
2022-01-28,600005.SH,-0.004133496656128847
2022-01-31,600005.SH,0.01973253511797459
2022-02-01,600005.SH,-0.003103125190410553
2022-02-02,600005.SH,-0.00884451681685571
2022-02-03,600005.SH,-0.011259993314212593
2022-02-04,600005.SH,-0.020831652467583013
2022-02-07,600005.SH,-0.0026437221123927633
2022-02-08,600005.SH,0.003040421243893454
2022-02-09,600005.SH,-0.0017607044640819518
2022-02-10,600005.SH,0.02341112201677305
2022-02-11,600005.SH,0.008936396764832169
2022-02-14,600005.SH,0.024394164421427035
2022-02-15,600005.SH,-0.012562055010497956
2022-02-16,600005.SH,-0.014089390745882422
2022-02-17,600005.SH,-0.0061421268350134745
2022-02-18,600005.SH,0.0066579067771262235
2022-02-21,600005.SH,-0.00953133732937744
2022-02-22,600005.SH,-0.0027146498897343413
2022-02-23,600005.SH,-0.0065805309869651765
2022-02-24,600005.SH,-0.008747341383241207
2022-02-25,600005.SH,-0.002929161820869155
2022-02-28,600005.SH,0.0005506815504161379
2022-03-01,600005.SH,0.0025766422107136
2022-03-02,600005.SH,-0.004416077422209077
2022-03-03,600005.SH,0.007905206410039438
2022-03-04,600005.SH,0.011742048522634538
2022-03-07,600005.SH,-0.0011939684614403945
2022-03-08,600005.SH,0.0024098682624319407
2022-03-09,600005.SH,0.00616532112554052
2022-03-10,600005.SH,0.011539757668683702
2022-03-11,600005.SH,-0.0038013717766777243
2022-03-14,600005.SH,0.010216889959181595
2022-03-15,600005.SH,0.014846159218268054
2022-03-16,600005.SH,0.0012596180977413989
2022-03-17,600005.SH,0.015225839336339813
2022-03-18,600005.SH,-0.012427142620936752
2022-03-21,600005.SH,-0.004972040692621624
2022-03-22,600005.SH,-0.0020883610436268686
2022-03-23,600005.SH,0.010978794804550092
2022-03-24,600005.SH,-0.013419278121647307
2022-03-25,600005.SH,-0.0071093931955788685
2022-03-28,600005.SH,-0.012536163712636399
2022-03-29,600005.SH,-0.010362636835365324
2022-03-30,600005.SH,0.002161959328316295
2022-03-31,600005.SH,-0.0032506567661143076
2022-04-01,600005.SH,-0.005306770820100574
2022-04-04,600005.SH,0.008689761485368378
2022-04-05,600005.SH,-0.001280585309922541
2022-04-06,600005.SH,0.002094005371892792
2022-04-07,600005.SH,0.028722444714233485
2022-04-08,600005.SH,0.0012424607130555488
2022-04-11,600005.SH,-0.005354672916062078
2022-04-12,600005.SH,-0.0198419110007011
2022-04-13,600005.SH,-0.020224692693376636
2022-04-14,600005.SH,0.01980558042016345
2022-04-15,600005.SH,-0.008095391910768515
2022-04-18,600005.SH,-0.004915557882144274
2022-04-19,600005.SH,-0.003809010382857804
2022-04-20,600005.SH,0.00036639339483983033
2022-04-21,600005.SH,-0.0040203419126942225
2022-04-22,600005.SH,-0.005524504504892907
2022-04-25,600005.SH,0.015947959076960335
2022-04-26,600005.SH,-0.013355343616851187
2022-04-27,600005.SH,-0.01684115561618229
2022-04-28,600005.SH,0.00637203305701129
2022-04-29,600005.SH,-0.0046437480453319505
2022-05-02,600005.SH,-0.002309406360201961
2022-05-03,600005.SH,-0.01957688888289097
2022-05-04,600005.SH,-0.007346280614564132
2022-05-05,600005.SH,0.003298928902754558
2022-05-06,600005.SH,0.015228970307077745
2022-05-09,600005.SH,-0.00504273887691428
2022-05-10,600005.SH,-0.0016330826911901235
2022-05-11,600005.SH,0.00336506010259575
2022-05-12,600005.SH,-0.0244504190884704
2022-05-13,600005.SH,-0.0031608137922752404
2022-05-16,600005.SH,-0.023401405501449073
2022-05-17,600005.SH,-0.007261641964265873
2022-05-18,600005.SH,-0.005511143124704413
2022-05-19,600005.SH,0.014044057728425942
2022-05-20,600005.SH,-0.0017345886339450826
2022-05-23,600005.SH,-0.026798205349614926
2022-05-24,600005.SH,0.00254603391072861
2022-05-25,600005.SH,-0.0014680604749586067
2022-05-26,600005.SH,0.003950325686538823
2022-05-27,600005.SH,-0.0026928341425113116
2022-05-30,600005.SH,0.006250165093756014
2022-05-31,600005.SH,-0.0015156590749878587
2022-06-01,600005.SH,-0.004855014032749152
2022-06-02,600005.SH,-0.011740905011545642
2022-06-03,600005.SH,-0.01837337587408696
2022-06-06,600005.SH,0.0076390706297564115
2022-06-07,600005.SH,-0.009002587706846553
2022-06-08,600005.SH,0.0015595476556414072
2022-06-09,600005.SH,-0.0024845298624345934
2022-06-10,600005.SH,0.0018457058246693818
2022-06-13,600005.SH,-0.03487374033563438
2022-06-14,600005.SH,-0.010919473936280403
2022-06-15,600005.SH,0.01903670874974836
2022-06-16,600005.SH,0.007348853200283543
2022-06-17,600005.SH,-0.021756277251074152
2022-06-20,600005.SH,0.004164493942127805
2022-06-21,600005.SH,0.001567760995087258
2022-06-22,600005.SH,0.012809378361351376
2022-06-23,600005.SH,0.013643087354117147
2022-06-24,600005.SH,0.011266481329438317
2022-06-27,600005.SH,0.0064850609503412406
2022-06-28,600005.SH,0.018681306248966495
2022-06-29,600005.SH,0.013264200050978175
2022-06-30,600005.SH,0.004592051097593898
2022-07-01,600005.SH,-0.02321600070969955
2022-07-04,600005.SH,0.0013481367275428903
2022-07-05,600005.SH,0.0004013185005817075
2022-07-06,600005.SH,0.017108215639876696
2022-07-07,600005.SH,-0.006043831407381182
2022-07-08,600005.SH,-0.00011700590413998672
2022-07-11,600005.SH,0.0011527913458517208
2022-07-12,600005.SH,0.028233285149298862
2022-07-13,600005.SH,-0.0007950048193300658
2022-07-14,600005.SH,0.010899841369530042
2022-07-15,600005.SH,0.020249709243459098
2022-07-18,600005.SH,-0.001586946034179782
2022-07-19,600005.SH,-0.016816512457890943
2022-07-20,600005.SH,-0.0446831253025879
2022-07-21,600005.SH,-0.0022053030384806545
2022-07-22,600005.SH,-0.0028099481654835635
2022-07-25,600005.SH,-0.00825507653649659
2022-07-26,600005.SH,0.014457037442812633
2022-07-27,600005.SH,-0.0009925689641724564
2022-07-28,600005.SH,0.021438132398142504
2022-07-29,600005.SH,0.0038705926668624407
2022-08-01,600005.SH,0.006994994402623073
2022-08-02,600005.SH,-0.00549281448327087
2022-08-03,600005.SH,0.00029038276140077104
2022-08-04,600005.SH,-0.00333106977126264
2022-08-05,600005.SH,0.004530946674341294
2022-08-08,600005.SH,0.0178067686451395
2022-08-09,600005.SH,-0.0018406584094901013
2022-08-10,600005.SH,0.011911739277431228
2022-08-11,600005.SH,0.018349497673663603
2022-08-12,600005.SH,-0.012183519552290616
2022-08-15,600005.SH,-0.0035262851693264917
2022-08-16,600005.SH,0.006775980992408402
2022-08-17,600005.SH,0.02843029066892412
2022-08-18,600005.SH,-0.006453929256601437
2022-08-19,600005.SH,-0.01712597339968286
2022-08-22,600005.SH,-0.002056389238211549
2022-08-23,600005.SH,-0.014742158483236574
2022-08-24,600005.SH,0.017778980038259215
2022-08-25,600005.SH,0.0004416355306678826
2022-08-26,600005.SH,0.009670639989636418
2022-08-29,600005.SH,-0.014259412945245634
2022-08-30,600005.SH,-0.011956497121143899
2022-08-31,600005.SH,-0.001032324001314568
2022-09-01,600005.SH,-0.010140880509699406
2022-09-02,600005.SH,-0.015138908856128612
2022-09-05,600005.SH,0.0022273161491045937
2022-09-06,600005.SH,0.04030708897160608
2022-09-07,600005.SH,0.009625188382278084
2022-09-08,600005.SH,0.00954587944975413
2022-09-09,600005.SH,0.0107259780323539
2022-09-12,600005.SH,0.02524263537217653
2022-09-13,600005.SH,-0.00014565671809659833
2022-09-14,600005.SH,-0.023835030923422835
2022-09-15,600005.SH,0.006964448350419013
2022-09-16,600005.SH,0.011547408607657926
2022-09-19,600005.SH,0.0025880439848172
2022-09-20,600005.SH,-0.00029778400711805435
2022-09-21,600005.SH,-0.016713449683787133
2022-09-22,600005.SH,0.004075018924465984
2022-09-23,600005.SH,0.020701993611915635
2022-09-26,600005.SH,0.020304731972705967
2022-09-27,600005.SH,0.0047798594249489085
2022-09-28,600005.SH,-0.0034379910946091717
2022-09-29,600005.SH,0.013667117163212651
2022-09-30,600005.SH,-0.020708211261671078
2022-10-03,600005.SH,-0.029022235939152284
2022-10-04,600005.SH,0.0066474256609625965
2022-10-05,600005.SH,8.306157984472708e-05
2022-10-06,600005.SH,0.012051670750493206
2022-10-07,600005.SH,0.014405814972627577
2022-10-10,600005.SH,0.018400581240380937
2022-10-11,600005.SH,0.0012796189575709563
2022-10-12,600005.SH,-0.0027979710942837286
2022-10-13,600005.SH,0.009954853305028658
2022-10-14,600005.SH,0.008917669969173595
2022-10-17,600005.SH,0.014411244821698217
2022-10-18,600005.SH,0.0044481294576408335
2022-10-19,600005.SH,-0.013628384038881931
2022-10-20,600005.SH,-0.015857215246981252
2022-10-21,600005.SH,0.005216091308225898
2022-10-24,600005.SH,-0.003679392303495496
2022-10-25,600005.SH,-0.012995505251719539
2022-10-26,600005.SH,-0.0009027275492638868
2022-10-27,600005.SH,0.012055765424559451
2022-10-28,600005.SH,-0.0061683577844924625
2022-10-31,600005.SH,-0.016370433783289322
2022-11-01,600005.SH,0.00934936997265609
2022-11-02,600005.SH,0.003708966328502686
2022-11-03,600005.SH,-0.0008097351896217356
2022-11-04,600005.SH,-0.006434587901786861
2022-11-07,600005.SH,0.023472089506778322
2022-11-08,600005.SH,0.009843380148016811
2022-11-09,600005.SH,-0.013916061915897384
2022-11-10,600005.SH,-0.013845246827410534
2022-11-11,600005.SH,0.0075642973841968065
2022-11-14,600005.SH,-0.004315021112332441
2022-11-15,600005.SH,0.0040517252075716464
2022-11-16,600005.SH,0.02170031032282072
2022-11-17,600005.SH,0.00440499949994483
2022-11-18,600005.SH,-0.002749018968823472
2022-11-21,600005.SH,-0.03131599199939135
2022-11-22,600005.SH,0.00233404135528027
2022-11-23,600005.SH,-0.014074038785474157
2022-11-24,600005.SH,0.012734821735587525
2022-11-25,600005.SH,-0.014707308949370466
2022-11-28,600005.SH,-0.016831564378212024
2022-11-29,600005.SH,-0.02159741240870614
2022-11-30,600005.SH,-0.00313430292863186
2022-12-01,600005.SH,-0.014941397798740989
2022-12-02,600005.SH,0.001651517363222917
2022-12-05,600005.SH,-0.011475580009929043
2022-12-06,600005.SH,0.009047808282697764
2022-12-07,600005.SH,-0.011250095474418256
2022-12-08,600005.SH,-0.018711934029091007
2022-12-09,600005.SH,0.008374578057903525
2022-12-12,600005.SH,-0.026774343640666633
2022-12-13,600005.SH,-0.005866952848968893
2022-12-14,600005.SH,0.011149432754056932
2022-12-15,600005.SH,-0.0004814179267118891
2022-12-16,600005.SH,-0.014729681758296736
2022-12-19,600005.SH,-0.011956331946853764
2022-12-20,600005.SH,0.01848922032923068
2022-12-21,600005.SH,-0.0031982049636883596
2022-12-22,600005.SH,-0.022308364624766437
2022-12-23,600005.SH,0.009137473663520121
2022-12-26,600005.SH,0.01978633218313358
2022-12-27,600005.SH,-0.0039717007915234664
2022-12-28,600005.SH,-0.009330106797929904
2022-12-29,600005.SH,0.005091770249404799
2022-12-30,600005.SH,-0.03427016443641295
2023-01-02,600005.SH,-0.020517326796852885
2023-01-03,600005.SH,-0.00493843392857876
2023-01-04,600005.SH,0.01735626477830131
2023-01-05,600005.SH,-0.008799918632219524
2023-01-06,600005.SH,0.004781676097712659
2023-01-09,600005.SH,0.019439619268198746
2023-01-10,600005.SH,0.022312281954129192
2023-01-11,600005.SH,-0.002954433464289498
2023-01-12,600005.SH,0.0002568755432886783
2023-01-13,600005.SH,0.018221227358159738
2023-01-16,600005.SH,-0.020994457020257064
2023-01-17,600005.SH,0.012807764798924683
2023-01-18,600005.SH,-0.010961448110920497
2023-01-19,600005.SH,0.01777007014247633
2023-01-20,600005.SH,0.010160648745799196
2023-01-23,600005.SH,-0.006493343586560287
2023-01-24,600005.SH,-0.015935476954140892
2023-01-25,600005.SH,-0.0061351481333297994
2023-01-26,600005.SH,0.01948453690633774
2023-01-27,600005.SH,0.0008046317692920759
2023-01-30,600005.SH,0.00454227881446505
2023-01-31,600005.SH,-0.00824494723288307
2023-02-01,600005.SH,-0.0022966798776641525
2023-02-02,600005.SH,0.011032287789844133
2023-02-03,600005.SH,-0.0006900145047183531
2023-02-06,600005.SH,0.02226406452790451
2023-02-07,600005.SH,-0.0016513042707436663
2023-02-08,600005.SH,-0.004161083629831327
2023-02-09,600005.SH,0.005352289229309016
2023-02-10,600005.SH,0.007363135544593696
2023-02-13,600005.SH,-0.007366690559422203
2023-02-14,600005.SH,-0.00281112667248074
2023-02-15,600005.SH,0.017183244166125662
2023-02-16,600005.SH,-0.028809109934796996
2023-02-17,600005.SH,-0.0060001419962276235
2023-02-20,600005.SH,0.0023080270446639226
2023-02-21,600005.SH,0.012327338765719377
2023-02-22,600005.SH,-0.009021302812365727
2023-02-23,600005.SH,-0.03247761888013538
2023-02-24,600005.SH,-0.016542010805469232
2023-02-27,600005.SH,0.0012246710462521463
2023-02-28,600005.SH,-0.025402568421328472
2023-03-01,600005.SH,0.0053645165233864155
2023-03-02,600005.SH,-0.014517003320959202
2023-03-03,600005.SH,-0.007518144364842819
2023-03-06,600005.SH,-0.01616404693545209
2023-03-07,600005.SH,-0.007080727987326948
2023-03-08,600005.SH,0.02362540007282289
2023-03-09,600005.SH,0.011280717830206823
2023-03-10,600005.SH,0.014019786996039592
2023-03-13,600005.SH,0.004809032306013168
2023-03-14,600005.SH,-0.0008196331347936022
2023-03-15,600005.SH,0.01722894090886183
2023-03-16,600005.SH,0.009353636003429292
2023-03-17,600005.SH,-0.002452269646629533
2023-03-20,600005.SH,-0.002007760072135352
2023-03-21,600005.SH,-0.01978382915975663
2023-03-22,600005.SH,-0.0034622527446962446
2023-03-23,600005.SH,0.015538163896345686
2023-03-24,600005.SH,-0.012227115253727678
2023-03-27,600005.SH,0.024424072700742344
2023-03-28,600005.SH,-0.01033759293440178
2023-03-29,600005.SH,0.011544380900771168
2023-03-30,600005.SH,0.005648704443190524
2023-03-31,600005.SH,0.01356219258674033
2023-04-03,600005.SH,0.004702975849061682
2023-04-04,600005.SH,-0.01150527174513121
2023-04-05,600005.SH,0.007943962051451392
2023-04-06,600005.SH,0.004401304821988916
2023-04-07,600005.SH,-0.004168741183971771
2023-04-10,600005.SH,0.020242988187930105
2023-04-11,600005.SH,-0.0019173989754862567
2023-04-12,600005.SH,0.0020681110986323593
2023-04-13,600005.SH,-0.015729654169793095
2023-04-14,600005.SH,0.011168856103891409
2023-04-17,600005.SH,0.012373927578883372
2023-04-18,600005.SH,-0.006589961098886567
2023-04-19,600005.SH,-0.019429359135664133
2023-04-20,600005.SH,0.003761766956405339
2023-04-21,600005.SH,0.01718884312068855
2023-04-24,600005.SH,-0.012799548198532351
2023-04-25,600005.SH,0.004924069818992374
2023-04-26,600005.SH,0.010662952145409015
2023-04-27,600005.SH,0.008155656675465764
2023-04-28,600005.SH,0.025106929327721024
2023-05-01,600005.SH,-0.007311669447968088
2023-05-02,600005.SH,0.010488177125840744
2023-05-03,600005.SH,0.00831521142140938
2023-05-04,600005.SH,-0.003600161180691992
2023-05-05,600005.SH,0.008736321653570217
2023-05-08,600005.SH,-0.0030677552139847914
2023-05-09,600005.SH,0.023840348290936966
2023-05-10,600005.SH,-0.002405502528947476
2023-05-11,600005.SH,0.014558915178353475
2023-05-12,600005.SH,0.009785172592026208
2023-05-15,600005.SH,-0.004002132348102296
2023-05-16,600005.SH,0.0019850360674135807
2023-05-17,600005.SH,0.01652268609193095
2023-05-18,600005.SH,-0.0013543613751208139
2023-05-19,600005.SH,-0.018294961039227415
2022-01-03,600006.SH,0.00028529207227390337
2022-01-04,600006.SH,0.009503065077123155
2022-01-05,600006.SH,0.0038656409479520975
2022-01-06,600006.SH,-0.010480269186212095
2022-01-07,600006.SH,0.0033222073449947435
2022-01-10,600006.SH,-0.003593510956770618
2022-01-11,600006.SH,0.00032259463721027917
2022-01-12,600006.SH,-0.006244118099569344
2022-01-13,600006.SH,0.010689110037883044
2022-01-14,600006.SH,-0.012244185422850565
2022-01-17,600006.SH,0.01851774804406251
2022-01-18,600006.SH,0.011644288340674148
2022-01-19,600006.SH,0.0029750648353632277
2022-01-20,600006.SH,0.010473077709100217
2022-01-21,600006.SH,0.0019903943708745836
2022-01-24,600006.SH,0.0035820614990267514
2022-01-25,600006.SH,-0.005703422048358351
2022-01-26,600006.SH,-0.023890312074934084
2022-01-27,600006.SH,0.013172003639382927
2022-01-28,600006.SH,0.005912975992781454
2022-01-31,600006.SH,0.003323512616755582
2022-02-01,600006.SH,-0.0013701526590511421
2022-02-02,600006.SH,0.006574926926016763
2022-02-03,600006.SH,0.006638591187304835
2022-02-04,600006.SH,-0.0038822038448502664
2022-02-07,600006.SH,-0.007688204012057618
2022-02-08,600006.SH,0.0011395603618727908
2022-02-09,600006.SH,0.023129949502670947
2022-02-10,600006.SH,-0.014047899927686422
2022-02-11,600006.SH,0.008444449067021052
2022-02-14,600006.SH,0.0003420765307265185
2022-02-15,600006.SH,-0.004333653514306657
2022-02-16,600006.SH,-0.008434216684114176
2022-02-17,600006.SH,-0.0273604647927818
2022-02-18,600006.SH,0.008818211284941596
2022-02-21,600006.SH,0.0052313977198451735
2022-02-22,600006.SH,-0.02190364308685144
2022-02-23,600006.SH,0.0016744290920422964
2022-02-24,600006.SH,0.0077542120543594335
2022-02-25,600006.SH,0.020105985725563328
2022-02-28,600006.SH,0.009535597776142251
2022-03-01,600006.SH,0.0048058155322127155
2022-03-02,600006.SH,0.007957488550648414
2022-03-03,600006.SH,0.018681126437934743
2022-03-04,600006.SH,0.012269173501882075
2022-03-07,600006.SH,-0.007665867248465908
2022-03-08,600006.SH,0.008984878755734737
2022-03-09,600006.SH,0.006183925833111744
2022-03-10,600006.SH,-0.012664861184597136
2022-03-11,600006.SH,0.005234239152118873
2022-03-14,600006.SH,0.025042873449313767
2022-03-15,600006.SH,0.011449667464716238
2022-03-16,600006.SH,0.0030768842555722303
2022-03-17,600006.SH,-0.0007282224295713598
2022-03-18,600006.SH,-0.004495164474180579
2022-03-21,600006.SH,-0.0012983088851369804
2022-03-22,600006.SH,-0.010359404489657796
2022-03-23,600006.SH,0.0023217786175312814
2022-03-24,600006.SH,0.005736396646147711
2022-03-25,600006.SH,0.02146965026539703
2022-03-28,600006.SH,-0.02337402132879994
2022-03-29,600006.SH,0.007000907805652446
2022-03-30,600006.SH,0.00043242476477983575
2022-03-31,600006.SH,0.008087864395778532
2022-04-01,600006.SH,0.010291999032693474
2022-04-04,600006.SH,0.016290282562842585
2022-04-05,600006.SH,-0.001962618559355612
2022-04-06,600006.SH,0.010402805611702823
2022-04-07,600006.SH,0.009957935447656479
2022-04-08,600006.SH,0.0047114081256424065
2022-04-11,600006.SH,-0.01853811650207584
2022-04-12,600006.SH,0.012520292395020496
2022-04-13,600006.SH,-0.002657369055963227
2022-04-14,600006.SH,0.011107260205881105
2022-04-15,600006.SH,-0.014942452223550893
2022-04-18,600006.SH,-0.002703137398248863
2022-04-19,600006.SH,0.00896081570849503
2022-04-20,600006.SH,0.004137228711539761
2022-04-21,600006.SH,-0.014133074196550566
2022-04-22,600006.SH,0.007908126972076284
2022-04-25,600006.SH,-0.0017836261430679429
2022-04-26,600006.SH,0.008817762330233911
2022-04-27,600006.SH,-0.003782787558557571
2022-04-28,600006.SH,-0.0010068362917813331
2022-04-29,600006.SH,0.0022228286212041676
2022-05-02,600006.SH,-0.005079149862261969
2022-05-03,600006.SH,-0.013683686799961188
2022-05-04,600006.SH,-0.0018650312541595739
2022-05-05,600006.SH,0.012117701267459494
2022-05-06,600006.SH,-0.009736523117895354
2022-05-09,600006.SH,-0.011357265127108676
2022-05-10,600006.SH,0.007449325394362534
2022-05-11,600006.SH,-0.009416169622023268
2022-05-12,600006.SH,-0.004560005816454023
2022-05-13,600006.SH,-0.0320667794910659
2022-05-16,600006.SH,-0.01836669292290452
2022-05-17,600006.SH,-0.010657269865146726
2022-05-18,600006.SH,0.0013258039554170688
2022-05-19,600006.SH,-0.004514107848558895
2022-05-20,600006.SH,0.009329928759444479
2022-05-23,600006.SH,-0.009870860674113125
2022-05-24,600006.SH,0.003562908366436777
2022-05-25,600006.SH,0.012523463750486616
2022-05-26,600006.SH,0.008014726071375863
2022-05-27,600006.SH,-0.012989188730194782
2022-05-30,600006.SH,-0.0031948317747469744
2022-05-31,600006.SH,0.005930559336135943
2022-06-01,600006.SH,0.01194976358905232
2022-06-02,600006.SH,-0.0014454666930433955
2022-06-03,600006.SH,-0.014242901486329871
2022-06-06,600006.SH,0.0043769574250425896
2022-06-07,600006.SH,-0.007960516286507752
2022-06-08,600006.SH,-0.005310050172074299
2022-06-09,600006.SH,-0.011515234230590633
2022-06-10,600006.SH,0.011979130851078313
2022-06-13,600006.SH,0.007838308610601589
2022-06-14,600006.SH,-0.0014306842927524486
2022-06-15,600006.SH,-0.0019647142744205737
2022-06-16,600006.SH,0.01945715415112368
2022-06-17,600006.SH,-0.007766729509054309
2022-06-20,600006.SH,-0.0023015784236008925
2022-06-21,600006.SH,0.0005551402059583819
2022-06-22,600006.SH,-0.007934012305612087
2022-06-23,600006.SH,0.0013051334731270271
2022-06-24,600006.SH,0.02115147692762765
2022-06-27,600006.SH,0.0012907536817630886
2022-06-28,600006.SH,0.028109964068739605
2022-06-29,600006.SH,-0.01464646704173191
2022-06-30,600006.SH,-0.0022059602506830484
2022-07-01,600006.SH,0.016514159698938217
2022-07-04,600006.SH,-0.013692345871878935
2022-07-05,600006.SH,-0.029991634179448237
2022-07-06,600006.SH,0.01794710888738757
2022-07-07,600006.SH,-0.010045872630720924
2022-07-08,600006.SH,-0.011973513997083601
2022-07-11,600006.SH,-0.01398381475417618
2022-07-12,600006.SH,0.005189738589154723
2022-07-13,600006.SH,-0.0028003495287023733
2022-07-14,600006.SH,0.014174446254701233
2022-07-15,600006.SH,0.02780905299362398
2022-07-18,600006.SH,-0.006767813396534648
2022-07-19,600006.SH,-0.014917145256713803
2022-07-20,600006.SH,-0.02053019858183579
2022-07-21,600006.SH,-0.012146462643512096
2022-07-22,600006.SH,-0.010729138590470071
2022-07-25,600006.SH,-0.002134892682408464
2022-07-26,600006.SH,-0.00889226380836275
2022-07-27,600006.SH,-0.0038400920206483275
2022-07-28,600006.SH,0.008328825137235294
2022-07-29,600006.SH,-0.005301046084760383
2022-08-01,600006.SH,0.005641546962359266
2022-08-02,600006.SH,0.006074551225411265
2022-08-03,600006.SH,-0.01804126747958934
2022-08-04,600006.SH,0.000961519042190424
2022-08-05,600006.SH,-0.002826431960893033
2022-08-08,600006.SH,0.01779831275902411
2022-08-09,600006.SH,0.01669999148381563
2022-08-10,600006.SH,0.01294851151836545
2022-08-11,600006.SH,-0.021728510176410025
2022-08-12,600006.SH,-0.004939593816866607
2022-08-15,600006.SH,0.004607703335231118
2022-08-16,600006.SH,-0.008017770216267053
2022-08-17,600006.SH,0.02698410592065964
2022-08-18,600006.SH,-0.01347224884531455
2022-08-19,600006.SH,-0.008147477965331978
2022-08-22,600006.SH,-0.00581172723636981
2022-08-23,600006.SH,-0.01011218310446919
2022-08-24,600006.SH,0.0006818975999109875
2022-08-25,600006.SH,0.011615319445190305
2022-08-26,600006.SH,-0.019423729266546282
2022-08-29,600006.SH,-0.018033269522574103
2022-08-30,600006.SH,-0.006751744839759131
2022-08-31,600006.SH,-0.0042730664398358395
2022-09-01,600006.SH,-0.01346201396660008
2022-09-02,600006.SH,0.0037678632224039197
2022-09-05,600006.SH,0.010924186632693931
2022-09-06,600006.SH,0.017585459511969458
2022-09-07,600006.SH,0.002736236052026354
2022-09-08,600006.SH,0.0029831911609692124
2022-09-09,600006.SH,-0.006333214436313406
2022-09-12,600006.SH,0.01902011746922072
2022-09-13,600006.SH,-0.00936538253268116
2022-09-14,600006.SH,0.005066352092352411
2022-09-15,600006.SH,0.02071173470166742
2022-09-16,600006.SH,0.00553869752857378
2022-09-19,600006.SH,0.010523917346348178
2022-09-20,600006.SH,0.005468974580871982
2022-09-21,600006.SH,-0.038410935954770735
2022-09-22,600006.SH,-0.007922691409110706
2022-09-23,600006.SH,0.012073883479451927
2022-09-26,600006.SH,0.013283044635696467
2022-09-27,600006.SH,0.00562917142271747
2022-09-28,600006.SH,-0.00381318778473518
2022-09-29,600006.SH,0.0002894857714260367
2022-09-30,600006.SH,-0.010270392164601684
2022-10-03,600006.SH,-0.006482261310838367
2022-10-04,600006.SH,0.006295953473322483
2022-10-05,600006.SH,-0.0015376473100260362
2022-10-06,600006.SH,0.010352715515424963
2022-10-07,600006.SH,-0.012167888718537577
2022-10-10,600006.SH,0.004457600952039968
2022-10-11,600006.SH,0.024159151876692146
2022-10-12,600006.SH,-0.01662143571415799
2022-10-13,600006.SH,0.006947977154015399
2022-10-14,600006.SH,-0.022255161827978612
2022-10-17,600006.SH,-0.004096851060171994
2022-10-18,600006.SH,-0.015793917194487188
2022-10-19,600006.SH,-0.011446011640393466
2022-10-20,600006.SH,0.011387337208839037
2022-10-21,600006.SH,-0.015317291137378633
2022-10-24,600006.SH,-0.00436887968594017
2022-10-25,600006.SH,-0.023630487443551555
2022-10-26,600006.SH,0.01751923480703635
2022-10-27,600006.SH,-0.008496752521881498
2022-10-28,600006.SH,-0.002877775358372429
2022-10-31,600006.SH,0.003994233191374436
2022-11-01,600006.SH,-0.005139305287999507
2022-11-02,600006.SH,0.008347678393397596
2022-11-03,600006.SH,0.0233463906233664
2022-11-04,600006.SH,0.008353168316376926
2022-11-07,600006.SH,0.01767975128703328
2022-11-08,600006.SH,0.00841571536078663
2022-11-09,600006.SH,-0.0069026408590340755
2022-11-10,600006.SH,-0.026438780966329144
2022-11-11,600006.SH,0.01091902742966929
2022-11-14,600006.SH,0.01342675510754675
2022-11-15,600006.SH,0.03060031481075036
2022-11-16,600006.SH,0.010316104398057635
2022-11-17,600006.SH,-0.008493704144490423
2022-11-18,600006.SH,0.005198588644187823
2022-11-21,600006.SH,-0.007792575641214953
2022-11-22,600006.SH,-0.008662030824678335
2022-11-23,600006.SH,-0.013665878172458923
2022-11-24,600006.SH,0.010785580908525992
2022-11-25,600006.SH,0.0049574256904122635
2022-11-28,600006.SH,-0.017209054410883943
2022-11-29,600006.SH,-0.010790718421149467
2022-11-30,600006.SH,0.0020140895869776654
2022-12-01,600006.SH,-0.0009978326625531692
2022-12-02,600006.SH,0.004484239578261483
2022-12-05,600006.SH,-0.013959538644594236
2022-12-06,600006.SH,-0.016923694435669916
2022-12-07,600006.SH,-0.019397022387681845
2022-12-08,600006.SH,-0.002845088787857851
2022-12-09,600006.SH,0.011613937860966674
2022-12-12,600006.SH,-0.017239813888768666
2022-12-13,600006.SH,-0.026987788046883503
2022-12-14,600006.SH,0.032221783772079904
2022-12-15,600006.SH,0.03149767376817635
2022-12-16,600006.SH,-0.0016735732178550901
2022-12-19,600006.SH,0.006731262213490493
2022-12-20,600006.SH,0.008499528022958093
2022-12-21,600006.SH,0.01138629260344945
2022-12-22,600006.SH,-0.009532497668647916
2022-12-23,600006.SH,-0.006237866413458127
2022-12-26,600006.SH,0.032566108152643956
2022-12-27,600006.SH,0.009037248908727374
2022-12-28,600006.SH,-0.00764725298335514
2022-12-29,600006.SH,0.003584384025534469
2022-12-30,600006.SH,-0.02110785564552303
2023-01-02,600006.SH,0.013139677234094947
2023-01-03,600006.SH,-0.008741790878143042
2023-01-04,600006.SH,0.006868213443234706
2023-01-05,600006.SH,0.006217158546879216
2023-01-06,600006.SH,0.00761999362241104
2023-01-09,600006.SH,0.00904642646075501
2023-01-10,600006.SH,0.0013514554699078799
2023-01-11,600006.SH,0.002249640298322556
2023-01-12,600006.SH,-0.005341742108652083
2023-01-13,600006.SH,-0.00449415915296573
2023-01-16,600006.SH,0.009023439468166573
2023-01-17,600006.SH,0.0014465877665348975
2023-01-18,600006.SH,-0.008636255481135648
2023-01-19,600006.SH,0.011582370502829674
2023-01-20,600006.SH,0.02359054602677417
2023-01-23,600006.SH,0.00984283875209679
2023-01-24,600006.SH,-0.000501165895235571
2023-01-25,600006.SH,-0.011474503764965258
2023-01-26,600006.SH,0.01526276832644037
2023-01-27,600006.SH,-0.004333617448329372
2023-01-30,600006.SH,0.001245006913675141
2023-01-31,600006.SH,-0.004258643021876087
2023-02-01,600006.SH,0.01616228464165609
2023-02-02,600006.SH,-0.006183735753793129
2023-02-03,600006.SH,-0.01743871000440158
2023-02-06,600006.SH,-0.002685176931465495
2023-02-07,600006.SH,0.019371061381547258
2023-02-08,600006.SH,-0.018735917257839994
2023-02-09,600006.SH,0.0004459599092766025
2023-02-10,600006.SH,-0.014588339460259168
2023-02-13,600006.SH,-0.008359128960910539
2023-02-14,600006.SH,-0.002423784083822666
2023-02-15,600006.SH,0.007566852349576348
2023-02-16,600006.SH,-0.025871226924042465
2023-02-17,600006.SH,-0.0018227315123137723
2023-02-20,600006.SH,-0.003940456295326208
2023-02-21,600006.SH,-0.012256621931044731
2023-02-22,600006.SH,0.004823379474657446
2023-02-23,600006.SH,-0.006525052588339855
2023-02-24,600006.SH,0.011055706969939568
2023-02-27,600006.SH,-0.0015885432493273396
2023-02-28,600006.SH,-0.009281709713487593
2023-03-01,600006.SH,0.01367041266765474
2023-03-02,600006.SH,-0.012940222469379002
2023-03-03,600006.SH,-0.00039886228480948697
2023-03-06,600006.SH,-0.009585854538735249
2023-03-07,600006.SH,0.015745857206835627
2023-03-08,600006.SH,0.029645317127717397
2023-03-09,600006.SH,-0.011982321997400352
2023-03-10,600006.SH,0.038797762900559446
2023-03-13,600006.SH,0.0002670379002883104
2023-03-14,600006.SH,0.013319426374710867
2023-03-15,600006.SH,0.023656456017979645
2023-03-16,600006.SH,-0.006444956998511678
2023-03-17,600006.SH,0.011556583352767463
2023-03-20,600006.SH,-0.0034479050709383067
2023-03-21,600006.SH,0.006075666573197545
2023-03-22,600006.SH,-0.003272667562595958
2023-03-23,600006.SH,0.019880066330461296
2023-03-24,600006.SH,-0.008672433553458302
2023-03-27,600006.SH,0.004580062045078178
2023-03-28,600006.SH,0.009435433870530528
2023-03-29,600006.SH,0.01517393639632459
2023-03-30,600006.SH,0.013325085853058957
2023-03-31,600006.SH,0.007919302538588444
2023-04-03,600006.SH,-0.004606430284875583
2023-04-04,600006.SH,-0.018253543477752942
2023-04-05,600006.SH,-0.006743839239991493
2023-04-06,600006.SH,-0.0015140648542293824
2023-04-07,600006.SH,0.0056136017640103205
2023-04-10,600006.SH,0.01053852457088977
2023-04-11,600006.SH,0.019409460675425094
2023-04-12,600006.SH,0.008093250509021328
2023-04-13,600006.SH,-0.0056757497675178
2023-04-14,600006.SH,-0.007956660972420313
2023-04-17,600006.SH,0.0060212852993063795
2023-04-18,600006.SH,-0.005979295729456732
2023-04-19,600006.SH,0.003757727736719697
2023-04-20,600006.SH,0.005846446032787883
2023-04-21,600006.SH,-0.004027811485176458
2023-04-24,600006.SH,-0.03301671037193772
2023-04-25,600006.SH,0.00876361706781496
2023-04-26,600006.SH,-0.00725774195310558
2023-04-27,600006.SH,0.033906434572949784
2023-04-28,600006.SH,0.002068941627084868
2023-05-01,600006.SH,-0.029079730964251642
2023-05-02,600006.SH,0.000372559754605567
2023-05-03,600006.SH,0.02002038537201979
2023-05-04,600006.SH,-0.012006858626199322
2023-05-05,600006.SH,0.017530016586300816
2023-05-08,600006.SH,-0.015488621272981831
2023-05-09,600006.SH,-2.4435701704355814e-06
2023-05-10,600006.SH,-0.015303706583550026
2023-05-11,600006.SH,-0.012440348979749128
2023-05-12,600006.SH,0.009717574788151176
2023-05-15,600006.SH,-0.02056525205500699
2023-05-16,600006.SH,-0.011346752519284919
2023-05-17,600006.SH,-0.003209192025880374
2023-05-18,600006.SH,-0.015219620477425817
2023-05-19,600006.SH,0.0027838555801478534
2022-01-03,600007.SH,0.00549353855706025
2022-01-04,600007.SH,0.0006181146094306027
2022-01-05,600007.SH,0.013527446893578439
2022-01-06,600007.SH,0.01893264562474352
2022-01-07,600007.SH,-0.015627465509321235
2022-01-10,600007.SH,-0.007382767046731848
2022-01-11,600007.SH,0.006137860244530197
2022-01-12,600007.SH,-0.0011133737648384007
2022-01-13,600007.SH,-0.004106352359205049
2022-01-14,600007.SH,-0.010148776763986343
2022-01-17,600007.SH,-0.001140400184397027
2022-01-18,600007.SH,0.010438503782529883
2022-01-19,600007.SH,-0.0004119061603618271
2022-01-20,600007.SH,0.002386192149376615
2022-01-21,600007.SH,-0.0028823734552295617
2022-01-24,600007.SH,-0.018978326980893793
2022-01-25,600007.SH,0.012738419685031987
2022-01-26,600007.SH,-0.006884884111314116
2022-01-27,600007.SH,-0.0016003977852745207
2022-01-28,600007.SH,0.007686070208130159
2022-01-31,600007.SH,-0.007083387006305814
2022-02-01,600007.SH,-0.019512442625353857
2022-02-02,600007.SH,0.01999255360158357
2022-02-03,600007.SH,-0.006607205752211548
2022-02-04,600007.SH,-0.007515613479392754
2022-02-07,600007.SH,-0.0024052682004140616
2022-02-08,600007.SH,0.01568436571232794
2022-02-09,600007.SH,0.0031239254235757435
2022-02-10,600007.SH,-0.008689310368684396
2022-02-11,600007.SH,0.008885338065184864
2022-02-14,600007.SH,0.01228328356434645
2022-02-15,600007.SH,0.015627919584217737
2022-02-16,600007.SH,-0.004109139052551201
2022-02-17,600007.SH,-0.028860536804969684
2022-02-18,600007.SH,0.008501485102160705
2022-02-21,600007.SH,0.02847775626436942
2022-02-22,600007.SH,0.014847623224214897
2022-02-23,600007.SH,0.01158829107186543
2022-02-24,600007.SH,-0.016793451579344552
2022-02-25,600007.SH,0.014326266262365396
2022-02-28,600007.SH,-0.0012739120277395783
2022-03-01,600007.SH,0.006588128140610805
2022-03-02,600007.SH,-0.01805360194570688
2022-03-03,600007.SH,-0.004587267064293405
2022-03-04,600007.SH,-0.005828980500510328
2022-03-07,600007.SH,0.010735061575258265
2022-03-08,600007.SH,0.014978621440282074
2022-03-09,600007.SH,0.004556961683505665
2022-03-10,600007.SH,-0.008072905675978697
2022-03-11,600007.SH,-0.0025757617835860686
2022-03-14,600007.SH,-0.0051482096399073874
2022-03-15,600007.SH,0.013747063373653234
2022-03-16,600007.SH,0.00012460196932651338
2022-03-17,600007.SH,0.008006486129450421
2022-03-18,600007.SH,-0.01131517542851257
2022-03-21,600007.SH,-0.032506354008841526
2022-03-22,600007.SH,-0.019870756991114014
2022-03-23,600007.SH,0.026175800270697252
2022-03-24,600007.SH,-0.010939198318744184
2022-03-25,600007.SH,0.00023898065408072076
2022-03-28,600007.SH,0.002963644761435902
2022-03-29,600007.SH,0.009972519214997071
2022-03-30,600007.SH,0.0015465117400379114
2022-03-31,600007.SH,0.0017557477402344868
2022-04-01,600007.SH,0.004368800510211588
2022-04-04,600007.SH,0.008618405865474063
2022-04-05,600007.SH,0.013210672235208581
2022-04-06,600007.SH,0.0005258599010557301
2022-04-07,600007.SH,0.014124097380448645
2022-04-08,600007.SH,0.010162266491648794
2022-04-11,600007.SH,-0.021902250596947566
2022-04-12,600007.SH,-0.0015176787872874164
2022-04-13,600007.SH,-0.010301305834629005
2022-04-14,600007.SH,-0.02118366600529755
2022-04-15,600007.SH,-0.0201422895312936
2022-04-18,600007.SH,-0.0046572932826447104
2022-04-19,600007.SH,0.0018942111152335404
2022-04-20,600007.SH,0.0024063131820166784
2022-04-21,600007.SH,0.0068483902234953336
2022-04-22,600007.SH,0.017034662509105014
2022-04-25,600007.SH,-0.009036694248138832
2022-04-26,600007.SH,-0.005569741070370447
2022-04-27,600007.SH,0.00013992445561758146
2022-04-28,600007.SH,-0.010416634317369989
2022-04-29,600007.SH,-0.009283449713882907
2022-05-02,600007.SH,-0.012103713494558795
2022-05-03,600007.SH,0.010343843451128487
2022-05-04,600007.SH,-0.006716192575482839
2022-05-05,600007.SH,0.0241599749190323
2022-05-06,600007.SH,0.0032475061690650023
2022-05-09,600007.SH,0.015603616525774123
2022-05-10,600007.SH,-0.0013209125659869327
2022-05-11,600007.SH,-0.0036938248189585282
2022-05-12,600007.SH,-0.00647803901947127
2022-05-13,600007.SH,-0.012307436178001462
2022-05-16,600007.SH,-0.008396912835244224
2022-05-17,600007.SH,-0.018424181987987016
2022-05-18,600007.SH,-0.009228418779410696
2022-05-19,600007.SH,-0.0029027948467836447
2022-05-20,600007.SH,0.0157528082532679
2022-05-23,600007.SH,-0.003922608131431303
2022-05-24,600007.SH,0.025846147899254115
2022-05-25,600007.SH,-0.00480633507656829
2022-05-26,600007.SH,0.008493000963085771
2022-05-27,600007.SH,-0.02068258215653171
2022-05-30,600007.SH,-0.006114226381619686
2022-05-31,600007.SH,-0.005494829731392183
2022-06-01,600007.SH,0.013147773702394165
2022-06-02,600007.SH,0.008942292876421875
2022-06-03,600007.SH,1.8640226391202983e-05
2022-06-06,600007.SH,0.009882680250396061
2022-06-07,600007.SH,0.01817589821330508
2022-06-08,600007.SH,-0.00534362181862491
2022-06-09,600007.SH,0.012333764271410405
2022-06-10,600007.SH,-0.004276925967430274
2022-06-13,600007.SH,-0.01190056001448711
2022-06-14,600007.SH,-0.01023911880605271
2022-06-15,600007.SH,0.023485063879768245
2022-06-16,600007.SH,0.0210087068567463
2022-06-17,600007.SH,-0.005256052353587279
2022-06-20,600007.SH,0.004302247027760031
2022-06-21,600007.SH,0.008311126930828349
2022-06-22,600007.SH,0.021421248185530026
2022-06-23,600007.SH,-0.004604827725475621
2022-06-24,600007.SH,0.004027288884174083
2022-06-27,600007.SH,-0.0017702453662321802
2022-06-28,600007.SH,-0.008030403634329521
2022-06-29,600007.SH,0.0010931676132141348
2022-06-30,600007.SH,-0.007821977820031566
2022-07-01,600007.SH,-1.629548137857713e-05
2022-07-04,600007.SH,0.020479240918049972
2022-07-05,600007.SH,-0.014545926098726554
2022-07-06,600007.SH,0.0008696777479436828
2022-07-07,600007.SH,-0.0005911398795502268
2022-07-08,600007.SH,-0.0018939768261871676
2022-07-11,600007.SH,-0.013791762902761831
2022-07-12,600007.SH,-0.0038015051917197444
2022-07-13,600007.SH,0.01727690524556871
2022-07-14,600007.SH,0.01976024037191465
2022-07-15,600007.SH,0.0028636170980104285
2022-07-18,600007.SH,-0.008938642528483112
2022-07-19,600007.SH,0.007096053678017191
2022-07-20,600007.SH,-0.013037087415062348
2022-07-21,600007.SH,-0.005480267611621804
2022-07-22,600007.SH,-0.008207625334832429
2022-07-25,600007.SH,-0.0031904913534207806
2022-07-26,600007.SH,0.002460559210323173
2022-07-27,600007.SH,-0.014708961039918976
2022-07-28,600007.SH,0.0001183504595965671
2022-07-29,600007.SH,0.003985946088196645
2022-08-01,600007.SH,-0.00226742450126401
2022-08-02,600007.SH,-0.0025666381962393932
2022-08-03,600007.SH,-0.025692537531230835
2022-08-04,600007.SH,-0.000319176509873436
2022-08-05,600007.SH,0.010485575787228158
2022-08-08,600007.SH,0.019011624780131898
2022-08-09,600007.SH,0.0024333135693990057
2022-08-10,600007.SH,0.0069030800625247525
2022-08-11,600007.SH,-0.012342876316028234
2022-08-12,600007.SH,-0.010199536055734081
2022-08-15,600007.SH,0.004876124430945084
2022-08-16,600007.SH,-0.006992093582287278
2022-08-17,600007.SH,0.008129717965997216
2022-08-18,600007.SH,-0.011493564321448952
2022-08-19,600007.SH,0.008716416602650061
2022-08-22,600007.SH,-0.01095855739650468
2022-08-23,600007.SH,0.01230561693362536
2022-08-24,600007.SH,0.008308045336337208
2022-08-25,600007.SH,0.007636728622781758
2022-08-26,600007.SH,0.013909494513566857
2022-08-29,600007.SH,0.0047202856802884855
2022-08-30,600007.SH,-0.005773813029622954
2022-08-31,600007.SH,-0.012675212308488962
2022-09-01,600007.SH,-0.01056256087473623
2022-09-02,600007.SH,-0.014735254166951098
2022-09-05,600007.SH,-0.010002563927832471
2022-09-06,600007.SH,0.008215812109553536
2022-09-07,600007.SH,-0.0034651964276028848
2022-09-08,600007.SH,-0.007667584006491119
2022-09-09,600007.SH,-0.0008712857447297131
2022-09-12,600007.SH,0.02223252243683791
2022-09-13,600007.SH,0.0037474404234032433
2022-09-14,600007.SH,0.021430672913884796
2022-09-15,600007.SH,0.010555391540675604
2022-09-16,600007.SH,0.0005293937683203903
2022-09-19,600007.SH,0.012327376762516598
2022-09-20,600007.SH,0.004030795282210649
2022-09-21,600007.SH,-0.005443212682053366
2022-09-22,600007.SH,0.009821839664624916
2022-09-23,600007.SH,0.00475421880807431
2022-09-26,600007.SH,0.02237978634804373
2022-09-27,600007.SH,0.0006413522698804333
2022-09-28,600007.SH,-0.018776475994794078
2022-09-29,600007.SH,0.01939854215888525
2022-09-30,600007.SH,0.0038198701516911453
2022-10-03,600007.SH,-0.01572958018942091
2022-10-04,600007.SH,0.005057275678592648
2022-10-05,600007.SH,-0.020410383602953754
2022-10-06,600007.SH,-0.012629039530603934
2022-10-07,600007.SH,0.009172752587976426
2022-10-10,600007.SH,-0.0019635686696828766
2022-10-11,600007.SH,0.00017182514112934304
2022-10-12,600007.SH,0.0030192828997982614
2022-10-13,600007.SH,-7.261396809536951e-05
2022-10-14,600007.SH,-0.02110959338600354
2022-10-17,600007.SH,0.007003513041308088
2022-10-18,600007.SH,-0.018363175751686438
2022-10-19,600007.SH,-0.018804156610207345
2022-10-20,600007.SH,-0.00548441901394132
2022-10-21,600007.SH,0.007021110381875557
2022-10-24,600007.SH,0.019708823353746602
2022-10-25,600007.SH,-0.017261758945532744
2022-10-26,600007.SH,0.009618821609951818
2022-10-27,600007.SH,-0.011714778401372717
2022-10-28,600007.SH,0.015640708714172315
2022-10-31,600007.SH,-0.003315647651760451
2022-11-01,600007.SH,0.01758971160394872
2022-11-02,600007.SH,0.0041343237913547114
2022-11-03,600007.SH,0.0188964191139468
2022-11-04,600007.SH,0.0003456663951592184
2022-11-07,600007.SH,0.016048964170873786
2022-11-08,600007.SH,-0.003282410465255295
2022-11-09,600007.SH,0.009224398919867106
2022-11-10,600007.SH,0.0018513395982886812
2022-11-11,600007.SH,1.6762335778367702e-05
2022-11-14,600007.SH,0.0022724094507459054
2022-11-15,600007.SH,0.027723322626712017
2022-11-16,600007.SH,0.016332741160361562
2022-11-17,600007.SH,-0.01976099539785432
2022-11-18,600007.SH,-0.010428807138795217
2022-11-21,600007.SH,-0.009356336583179374
2022-11-22,600007.SH,0.0074291680532690444
2022-11-23,600007.SH,0.0186846642703432
2022-11-24,600007.SH,0.01744212317482037
2022-11-25,600007.SH,-0.002959763091585231
2022-11-28,600007.SH,0.0022549673392823983
2022-11-29,600007.SH,-0.023845820739977795
2022-11-30,600007.SH,-0.0028336369669414033
2022-12-01,600007.SH,-0.016740622508271272
2022-12-02,600007.SH,-0.016722941526005706
2022-12-05,600007.SH,-0.0036793961089786565
2022-12-06,600007.SH,0.0011010326318269801
2022-12-07,600007.SH,-0.007185302285762923
2022-12-08,600007.SH,-0.006275243654203453
2022-12-09,600007.SH,0.019460419609465006
2022-12-12,600007.SH,-0.004733213993416705
2022-12-13,600007.SH,-0.009201115589911884
2022-12-14,600007.SH,0.01882422217879452
2022-12-15,600007.SH,0.015979093327059657
2022-12-16,600007.SH,-0.005675473774211433
2022-12-19,600007.SH,0.00373818519855585
2022-12-20,600007.SH,-0.0039643698731979555
2022-12-21,600007.SH,0.014347902145173206
2022-12-22,600007.SH,-0.014130881723719495
2022-12-23,600007.SH,-0.007227289732698027
2022-12-26,600007.SH,-0.0050305929425275946
2022-12-27,600007.SH,0.016135877847398505
2022-12-28,600007.SH,0.007647603177359683
2022-12-29,600007.SH,0.004303754826145042
2022-12-30,600007.SH,0.008722793052478285
2023-01-02,600007.SH,-0.003797846917481239
2023-01-03,600007.SH,0.028186524231034703
2023-01-04,600007.SH,-0.0004179350366221562
2023-01-05,600007.SH,-0.0018906842329919644
2023-01-06,600007.SH,-0.0002054709590409696
2023-01-09,600007.SH,0.011824982143161678
2023-01-10,600007.SH,0.009599583900210174
2023-01-11,600007.SH,0.0016748873366627883
2023-01-12,600007.SH,0.018192441251799148
2023-01-13,600007.SH,0.002392167991065921
2023-01-16,600007.SH,-0.0030676104072407877
2023-01-17,600007.SH,-0.00655802285175071
2023-01-18,600007.SH,0.003406697958195929
2023-01-19,600007.SH,0.015405074263351103
2023-01-20,600007.SH,0.00650444192642907
2023-01-23,600007.SH,-0.004677971661031633
2023-01-24,600007.SH,0.020613176120008708
2023-01-25,600007.SH,-0.011534064277657699
2023-01-26,600007.SH,-0.005040710583101758
2023-01-27,600007.SH,-0.004880220796148618
2023-01-30,600007.SH,0.0033254688323707507
2023-01-31,600007.SH,-0.00849001756962869
2023-02-01,600007.SH,0.012967473069718582
2023-02-02,600007.SH,0.010401508223480158
2023-02-03,600007.SH,-0.01533204854168912
2023-02-06,600007.SH,-0.0003677940245841375
2023-02-07,600007.SH,-0.006650857006253628
2023-02-08,600007.SH,-0.005776695443290168
2023-02-09,600007.SH,-0.011514459231431035
2023-02-10,600007.SH,-0.012711794690510382
2023-02-13,600007.SH,0.008626275862925005
2023-02-14,600007.SH,0.008106617106608625
2023-02-15,600007.SH,0.021538589483726556
2023-02-16,600007.SH,-0.020140136867207416
2023-02-17,600007.SH,0.005873274872573992
2023-02-20,600007.SH,-0.016200794675445874
2023-02-21,600007.SH,0.010998827097950347
2023-02-22,600007.SH,-0.0012041183505200168
2023-02-23,600007.SH,-0.007782678258337004
2023-02-24,600007.SH,0.006424196860199009
2023-02-27,600007.SH,0.0039482501679446134
2023-02-28,600007.SH,-0.027251288993239565
2023-03-01,600007.SH,-0.00020991755224412673
2023-03-02,600007.SH,0.003020971027745971
2023-03-03,600007.SH,0.006410319385123176
2023-03-06,600007.SH,-0.02210261085945022
2023-03-07,600007.SH,-0.012486643053529159
2023-03-08,600007.SH,0.0031679998981832746
2023-03-09,600007.SH,0.0010881913332334995
2023-03-10,600007.SH,0.0002379845347530319
2023-03-13,600007.SH,-0.004801222549579777
2023-03-14,600007.SH,-0.00470565953263893
2023-03-15,600007.SH,0.014814014571592395
2023-03-16,600007.SH,-0.008293998127628517
2023-03-17,600007.SH,0.005465870314658811
2023-03-20,600007.SH,0.008212960533140487
2023-03-21,600007.SH,-0.012485430847261463
2023-03-22,600007.SH,-0.00764384817050761
2023-03-23,600007.SH,0.01816423881426655
2023-03-24,600007.SH,-0.01360911288855702
2023-03-27,600007.SH,0.0005221058307571013
2023-03-28,600007.SH,0.010109749683023462
2023-03-29,600007.SH,0.006307955958023077
2023-03-30,600007.SH,0.017051902161905757
2023-03-31,600007.SH,0.0188548231724464
2023-04-03,600007.SH,0.002417751000010791
2023-04-04,600007.SH,-0.0077794167392506225
2023-04-05,600007.SH,0.0026688697552747715
2023-04-06,600007.SH,0.0008327706692662137
2023-04-07,600007.SH,-0.009629694117580382
2023-04-10,600007.SH,0.01250188813402997
2023-04-11,600007.SH,0.004485113691135194
2023-04-12,600007.SH,0.0014500379877678774
2023-04-13,600007.SH,-0.018361530875964947
2023-04-14,600007.SH,0.010432027225388647
2023-04-17,600007.SH,-0.005069193473344858
2023-04-18,600007.SH,-0.018538372955502112
2023-04-19,600007.SH,0.014578704027214954
2023-04-20,600007.SH,0.03158342709683088
2023-04-21,600007.SH,0.014888431473289596
2023-04-24,600007.SH,-0.004060468396520108
2023-04-25,600007.SH,0.0032886476482679597
2023-04-26,600007.SH,-0.01603878061152448
2023-04-27,600007.SH,-0.015130082228693706
2023-04-28,600007.SH,0.015480497891887242
2023-05-01,600007.SH,-0.022425694291737745
2023-05-02,600007.SH,-0.013874590184802358
2023-05-03,600007.SH,0.004099783742660084
2023-05-04,600007.SH,-0.006496902317018657
2023-05-05,600007.SH,-0.0027199830831934006
2023-05-08,600007.SH,-0.001541923301198581
2023-05-09,600007.SH,0.021871378717950384
2023-05-10,600007.SH,-0.015320433094388103
2023-05-11,600007.SH,0.015207721391379249
2023-05-12,600007.SH,0.0037004648324223677
2023-05-15,600007.SH,0.007320961759596874
2023-05-16,600007.SH,0.012848482213618239
2023-05-17,600007.SH,0.009575563584104023
2023-05-18,600007.SH,0.0021848339042237113
2023-05-19,600007.SH,-0.012696164776002383
2022-01-03,600008.SH,0.013574333705448438
2022-01-04,600008.SH,-0.016846803996272162
2022-01-05,600008.SH,0.008599027222167042
2022-01-06,600008.SH,0.01010697960110198
2022-01-07,600008.SH,-0.010757055920534882
2022-01-10,600008.SH,-0.007047869294296639
2022-01-11,600008.SH,-0.007415376559908948
2022-01-12,600008.SH,-0.01602861486170582
2022-01-13,600008.SH,0.008589077539583375
2022-01-14,600008.SH,-0.004966005645399485
2022-01-17,600008.SH,0.018528952208480807
2022-01-18,600008.SH,0.005775006141552907
2022-01-19,600008.SH,-0.013523398026279877
2022-01-20,600008.SH,0.018679226465785327
2022-01-21,600008.SH,3.636864140529449e-05
2022-01-24,600008.SH,-0.0034543051288556943
2022-01-25,600008.SH,-0.003524588012135201
2022-01-26,600008.SH,0.008771956295704916
2022-01-27,600008.SH,-0.0017380458313737898
2022-01-28,600008.SH,-0.0037737048289517698
2022-01-31,600008.SH,-0.00040441188138892075
2022-02-01,600008.SH,-0.016369259626101113
2022-02-02,600008.SH,0.013085525995268193
2022-02-03,600008.SH,0.014882868918124485
2022-02-04,600008.SH,-0.008331244184241962
2022-02-07,600008.SH,0.0011343597864114183
2022-02-08,600008.SH,-0.023235880375958765
2022-02-09,600008.SH,0.00253426051006422
2022-02-10,600008.SH,0.00017143803350585336
2022-02-11,600008.SH,-0.004738408000040787
2022-02-14,600008.SH,0.027947685503249012
2022-02-15,600008.SH,-0.006513756947315206
2022-02-16,600008.SH,-0.005872716703508174
2022-02-17,600008.SH,-0.010282110573873734
2022-02-18,600008.SH,-0.014240323337046801
2022-02-21,600008.SH,-0.002288086059002478
2022-02-22,600008.SH,0.008699355199963163
2022-02-23,600008.SH,-0.027820758284499942
2022-02-24,600008.SH,-0.014259003221686974
2022-02-25,600008.SH,0.00120754173969997
2022-02-28,600008.SH,0.02338225204254319
2022-03-01,600008.SH,0.01203127180140525
2022-03-02,600008.SH,-0.01089578292884055
2022-03-03,600008.SH,0.014902427555689268
2022-03-04,600008.SH,-0.006471671731885371
2022-03-07,600008.SH,0.011840506811172158
2022-03-08,600008.SH,-0.0066173422356446375
2022-03-09,600008.SH,0.01252134270808903
2022-03-10,600008.SH,0.0013699720498653025
2022-03-11,600008.SH,-0.009744409853501565
2022-03-14,600008.SH,0.00014151905875673266
2022-03-15,600008.SH,0.007823747603910473
2022-03-16,600008.SH,-0.016604730864102454
2022-03-17,600008.SH,0.002982165329094827
2022-03-18,600008.SH,-0.009592920070983038
2022-03-21,600008.SH,0.0010927011533668441
2022-03-22,600008.SH,0.0022210826105525257
2022-03-23,600008.SH,0.011350299942795818
2022-03-24,600008.SH,-0.011340472049205444
2022-03-25,600008.SH,0.009261634794384507
2022-03-28,600008.SH,-0.007960420742589444
2022-03-29,600008.SH,0.017938911287429887
2022-03-30,600008.SH,0.010696228738821855
2022-03-31,600008.SH,0.014449678149032637
2022-04-01,600008.SH,0.036574934586945676
2022-04-04,600008.SH,0.011506362649277842
2022-04-05,600008.SH,0.0020566345351295226
2022-04-06,600008.SH,0.003341336401900004
2022-04-07,600008.SH,-0.0032258527258252996
2022-04-08,600008.SH,-0.005969450963240481
2022-04-11,600008.SH,-0.015267183253626714
2022-04-12,600008.SH,-0.0025901579398322286
2022-04-13,600008.SH,-0.009097363910224877
2022-04-14,600008.SH,0.005359520207173141
2022-04-15,600008.SH,0.012013952090049167
2022-04-18,600008.SH,0.014155390219583536
2022-04-19,600008.SH,-0.005035231201104744
2022-04-20,600008.SH,-0.00543163344016851
2022-04-21,600008.SH,0.01635747046827058
2022-04-22,600008.SH,0.005264139491336751
2022-04-25,600008.SH,-0.01240836628249453
2022-04-26,600008.SH,-0.008426946917616019
2022-04-27,600008.SH,-0.0012492761523529503
2022-04-28,600008.SH,0.004734394019223681
2022-04-29,600008.SH,-0.0004657022153146048
2022-05-02,600008.SH,0.006734839858039389
2022-05-03,600008.SH,0.002097256591966769
2022-05-04,600008.SH,0.0007413209736030358
2022-05-05,600008.SH,-0.0028925436105583353
2022-05-06,600008.SH,0.0009596054978270128
2022-05-09,600008.SH,0.005512992738183373
2022-05-10,600008.SH,-0.0011346763762612876
2022-05-11,600008.SH,-0.02224211554078794
2022-05-12,600008.SH,-0.004612579036545504
2022-05-13,600008.SH,-0.01293661894077272
2022-05-16,600008.SH,-0.01439059969844171
2022-05-17,600008.SH,-0.013049834853951076
2022-05-18,600008.SH,-0.0030980609127659797
2022-05-19,600008.SH,-0.007591378056698846
2022-05-20,600008.SH,-0.0235242545823926
2022-05-23,600008.SH,-0.006506998340681866
2022-05-24,600008.SH,0.01803497043730642
2022-05-25,600008.SH,0.014025418626374977
2022-05-26,600008.SH,0.013721406938684092
2022-05-27,600008.SH,-0.022151579038767487
2022-05-30,600008.SH,-0.003967172856708752
2022-05-31,600008.SH,-0.005033832628469355
2022-06-01,600008.SH,-0.0009363534379685781
2022-06-02,600008.SH,0.012115510629087905
2022-06-03,600008.SH,-0.022989052850146397
2022-06-06,600008.SH,0.004124820023874285
2022-06-07,600008.SH,0.0061051131164195135
2022-06-08,600008.SH,0.0035035098874622393
2022-06-09,600008.SH,-0.019625644501235558
2022-06-10,600008.SH,-0.002874532610718024
2022-06-13,600008.SH,-0.03127411847324382
2022-06-14,600008.SH,-0.004353209984940111
2022-06-15,600008.SH,-0.005069331765522888
2022-06-16,600008.SH,0.002618386048892892
2022-06-17,600008.SH,-0.0002587235174576774
2022-06-20,600008.SH,-0.008747434261427602
2022-06-21,600008.SH,-0.021157933696125585
2022-06-22,600008.SH,0.003915053164791686
2022-06-23,600008.SH,0.001590259294033218
2022-06-24,600008.SH,0.01153777955922178
2022-06-27,600008.SH,-0.00996354400409058
2022-06-28,600008.SH,0.012006488515065895
2022-06-29,600008.SH,-0.012341737723447866
2022-06-30,600008.SH,-0.0020869934124946787
2022-07-01,600008.SH,-0.006165634754730731
2022-07-04,600008.SH,-0.005670120175460688
2022-07-05,600008.SH,-0.02637621232089292
2022-07-06,600008.SH,-0.009690872060095081
2022-07-07,600008.SH,-0.007616650967712377
2022-07-08,600008.SH,-0.011849249195317133
2022-07-11,600008.SH,-0.014207112121651502
2022-07-12,600008.SH,0.008760230085396219
2022-07-13,600008.SH,0.003912803351038213
2022-07-14,600008.SH,0.0063237198857391905
2022-07-15,600008.SH,0.020529936798179542
2022-07-18,600008.SH,0.005573873829373495
2022-07-19,600008.SH,-0.0046674577720090685
2022-07-20,600008.SH,0.0017274210740808212
2022-07-21,600008.SH,-0.004547401701283508
2022-07-22,600008.SH,-0.007238315378386612
2022-07-25,600008.SH,0.000938381386756781
2022-07-26,600008.SH,-0.005131003984486618
2022-07-27,600008.SH,-0.006132508551217614
2022-07-28,600008.SH,-0.006964729917141288
2022-07-29,600008.SH,-0.0038519570509673983
2022-08-01,600008.SH,-0.012006102823487517
2022-08-02,600008.SH,-0.02555129683384428
2022-08-03,600008.SH,-0.021354251974340724
2022-08-04,600008.SH,-0.014361380480251193
2022-08-05,600008.SH,0.005407605046382918
2022-08-08,600008.SH,0.020154357682782002
2022-08-09,600008.SH,-0.007996596724025662
2022-08-10,600008.SH,0.00525962978255325
2022-08-11,600008.SH,-0.022576791409438572
2022-08-12,600008.SH,-0.014422949633163137
2022-08-15,600008.SH,-0.003731115090835519
2022-08-16,600008.SH,0.002447570379855002
2022-08-17,600008.SH,0.00989728704256818
2022-08-18,600008.SH,0.003947455171480108
2022-08-19,600008.SH,-0.008449005585243956
2022-08-22,600008.SH,-0.019699695416134137
2022-08-23,600008.SH,0.014549202759372715
2022-08-24,600008.SH,0.019790820014479377
2022-08-25,600008.SH,0.0036812167005722306
2022-08-26,600008.SH,-0.0007295240744235965
2022-08-29,600008.SH,-0.027190139028657207
2022-08-30,600008.SH,-0.01665589294857815
2022-08-31,600008.SH,-0.0023457724737675507
2022-09-01,600008.SH,-0.013385472805849731
2022-09-02,600008.SH,-0.021281852416078134
2022-09-05,600008.SH,0.002036029150077463
2022-09-06,600008.SH,0.013784043726361574
2022-09-07,600008.SH,0.010724091593990234
2022-09-08,600008.SH,0.0004169162212479473
2022-09-09,600008.SH,0.014570552800164189
2022-09-12,600008.SH,0.010527954229142732
2022-09-13,600008.SH,0.0006017100628374896
2022-09-14,600008.SH,0.007355704015801926
2022-09-15,600008.SH,-0.0009340991199352344
2022-09-16,600008.SH,0.031574526040354524
2022-09-19,600008.SH,0.016038622717635294
2022-09-20,600008.SH,0.005274168026151981
2022-09-21,600008.SH,-0.004544792514038027
2022-09-22,600008.SH,0.007826091159351106
2022-09-23,600008.SH,0.021132497574576064
2022-09-26,600008.SH,-0.0022612340237728613
2022-09-27,600008.SH,0.012598550141414238
2022-09-28,600008.SH,-0.006474464363538075
2022-09-29,600008.SH,0.01276310506633085
2022-09-30,600008.SH,-0.02164890517810057
2022-10-03,600008.SH,-0.001895795970407654
2022-10-04,600008.SH,-0.0013671285431631668
2022-10-05,600008.SH,-0.0021551446029419792
2022-10-06,600008.SH,-0.0028819649873684
2022-10-07,600008.SH,0.017942584829162417
2022-10-10,600008.SH,0.022523199391847364
2022-10-11,600008.SH,0.011724986592657149
2022-10-12,600008.SH,0.0013644563689025118
2022-10-13,600008.SH,0.0014170806827197122
2022-10-14,600008.SH,-0.0053413138932203175
2022-10-17,600008.SH,-0.003678945918774715
2022-10-18,600008.SH,-0.010959214908799962
2022-10-19,600008.SH,3.5424153260620386e-05
2022-10-20,600008.SH,-0.012408209888596502
2022-10-21,600008.SH,-0.0030505378700918023
2022-10-24,600008.SH,-0.008485887476261823
2022-10-25,600008.SH,-0.0035692382906848423
2022-10-26,600008.SH,0.01965372133257403
2022-10-27,600008.SH,0.003338898261329292
2022-10-28,600008.SH,0.011996606920577363
2022-10-31,600008.SH,-0.00043895875933647535
2022-11-01,600008.SH,0.006668166316313415
2022-11-02,600008.SH,0.0012675856158480547
2022-11-03,600008.SH,-0.0035137008898126322
2022-11-04,600008.SH,0.0021545738801594235
2022-11-07,600008.SH,0.02722733559598899
2022-11-08,600008.SH,-0.012186435895842444
2022-11-09,600008.SH,-0.011737704187747845
2022-11-10,600008.SH,-0.02248674389277467
2022-11-11,600008.SH,0.005638444152418896
2022-11-14,600008.SH,0.02246477199767792
2022-11-15,600008.SH,0.033764374740273495
2022-11-16,600008.SH,-0.003945095101207281
2022-11-17,600008.SH,0.007384812576227279
2022-11-18,600008.SH,0.007064937277753063
2022-11-21,600008.SH,-0.0271605354699836
2022-11-22,600008.SH,-0.007757672278812867
2022-11-23,600008.SH,0.01348006414368082
2022-11-24,600008.SH,0.015151164076453724
2022-11-25,600008.SH,-0.018923621225828725
2022-11-28,600008.SH,0.0008742500374195701
2022-11-29,600008.SH,-0.03855331819871512
2022-11-30,600008.SH,-0.0035295491219313755
2022-12-01,600008.SH,0.002880252399123982
2022-12-02,600008.SH,-0.0040515732632153915
2022-12-05,600008.SH,-0.012004261724960165
2022-12-06,600008.SH,0.008139362103703036
2022-12-07,600008.SH,-0.0043143089799872365
2022-12-08,600008.SH,0.0013640349655415773
2022-12-09,600008.SH,0.02577740118069026
2022-12-12,600008.SH,0.0005143672891792187
2022-12-13,600008.SH,-0.001445199053261772
2022-12-14,600008.SH,0.017350594717735233
2022-12-15,600008.SH,0.024135627351561394
2022-12-16,600008.SH,-0.011745130221576755
2022-12-19,600008.SH,-0.015069674584901502
2022-12-20,600008.SH,-0.006820670680674011
2022-12-21,600008.SH,0.011009436335892643
2022-12-22,600008.SH,-0.005480335031401606
2022-12-23,600008.SH,0.012445903212505756
2022-12-26,600008.SH,0.005800728329738826
2022-12-27,600008.SH,0.01351289150450959
2022-12-28,600008.SH,0.0077839079944804134
2022-12-29,600008.SH,-0.003385051693016239
2022-12-30,600008.SH,-0.005052264353258016
2023-01-02,600008.SH,-0.0043406703690459375
2023-01-03,600008.SH,0.011090259020713127
2023-01-04,600008.SH,0.00821579249966937
2023-01-05,600008.SH,-0.016347455297435684
2023-01-06,600008.SH,0.005387554701899579
2023-01-09,600008.SH,0.02458284816079743
2023-01-10,600008.SH,-0.0005688757241192834
2023-01-11,600008.SH,0.007291201568144308
2023-01-12,600008.SH,0.005884031158014391
2023-01-13,600008.SH,-0.01036555384691469
2023-01-16,600008.SH,-0.0006653847762076396
2023-01-17,600008.SH,-0.011406397426959793
2023-01-18,600008.SH,-0.007034533851321877
2023-01-19,600008.SH,0.02750257614638668
2023-01-20,600008.SH,0.01615440212288552
2023-01-23,600008.SH,4.1994342986736294e-05
2023-01-24,600008.SH,-0.0016398474651062658
2023-01-25,600008.SH,-0.00950021425341866
2023-01-26,600008.SH,0.009654928648229253
2023-01-27,600008.SH,0.008670179068378484
2023-01-30,600008.SH,-0.003432530179458432
2023-01-31,600008.SH,-0.013553323840246633
2023-02-01,600008.SH,0.004296825906398917
2023-02-02,600008.SH,-0.012220671040287654
2023-02-03,600008.SH,-0.01808800303780882
2023-02-06,600008.SH,0.01190986601103873
2023-02-07,600008.SH,0.005956970780704497
2023-02-08,600008.SH,-0.012816148627163942
2023-02-09,600008.SH,-0.017740913244912546
2023-02-10,600008.SH,-0.0019495451456335263
2023-02-13,600008.SH,0.01359604630610974
2023-02-14,600008.SH,-0.0006470812512237778
2023-02-15,600008.SH,0.024841931317985417
2023-02-16,600008.SH,-0.017013959819263805
2023-02-17,600008.SH,0.002817702462381462
2023-02-20,600008.SH,-0.01194510572206612
2023-02-21,600008.SH,0.011743181134994372
2023-02-22,600008.SH,-0.006324637023306391
2023-02-23,600008.SH,-0.005422849723719578
2023-02-24,600008.SH,-0.005517735950148254
2023-02-27,600008.SH,0.015589295188412605
2023-02-28,600008.SH,-0.008750861699952785
2023-03-01,600008.SH,0.005370290943826841
2023-03-02,600008.SH,0.0014172501458784158
2023-03-03,600008.SH,-0.003154565518555866
2023-03-06,600008.SH,-0.014913785616044386
2023-03-07,600008.SH,0.013379184449092632
2023-03-08,600008.SH,0.02088988542120609
2023-03-09,600008.SH,-0.0029474055145801113
2023-03-10,600008.SH,0.019542935899225684
2023-03-13,600008.SH,0.0019925065648100197
2023-03-14,600008.SH,-0.008334153005186633
2023-03-15,600008.SH,0.0242895706233321
2023-03-16,600008.SH,-0.013529050986567667
2023-03-17,600008.SH,0.015892464550141885
2023-03-20,600008.SH,-0.004899790754008252
2023-03-21,600008.SH,-0.0015830995039316479
2023-03-22,600008.SH,-0.0014818783901693177
2023-03-23,600008.SH,0.013728659596701349
2023-03-24,600008.SH,-0.017689860753208008
2023-03-27,600008.SH,0.013436058826841926
2023-03-28,600008.SH,-0.00039150307978904155
2023-03-29,600008.SH,-0.0031905711809418254
2023-03-30,600008.SH,0.004308207074052687
2023-03-31,600008.SH,0.028377959416763673
2023-04-03,600008.SH,0.022612145511566123
2023-04-04,600008.SH,-0.0054028374691391535
2023-04-05,600008.SH,-0.012439060264869307
2023-04-06,600008.SH,-0.004469988516199644
2023-04-07,600008.SH,0.004362370299661731
2023-04-10,600008.SH,0.019346907299400994
2023-04-11,600008.SH,0.01294981337406075
2023-04-12,600008.SH,-0.0019588126361546622
2023-04-13,600008.SH,-0.008833862319828628
2023-04-14,600008.SH,-0.0058214182160300975
2023-04-17,600008.SH,-0.028711836380063988
2023-04-18,600008.SH,-0.001972704552039141
2023-04-19,600008.SH,0.004356604208931836
2023-04-20,600008.SH,0.014818254717101732
2023-04-21,600008.SH,-0.008505345155133424
2023-04-24,600008.SH,-0.011880149175634198
2023-04-25,600008.SH,0.02298038477844985
2023-04-26,600008.SH,0.0013607698936397368
2023-04-27,600008.SH,0.0026944690909161363
2023-04-28,600008.SH,0.01601970101406667
2023-05-01,600008.SH,0.003817464032665436
2023-05-02,600008.SH,-0.014965305018527754
2023-05-03,600008.SH,0.006759319916285887
2023-05-04,600008.SH,-0.020649329418607983
2023-05-05,600008.SH,0.006337545175978122
2023-05-08,600008.SH,0.0024509498227858737
2023-05-09,600008.SH,0.020245904302882818
2023-05-10,600008.SH,0.013442356714713012
2023-05-11,600008.SH,0.010991530965996747
2023-05-12,600008.SH,0.004781825217677454
2023-05-15,600008.SH,0.026790412827482533
2023-05-16,600008.SH,-0.0024003376717056345
2023-05-17,600008.SH,-0.0035486132293435666
2023-05-18,600008.SH,-0.02465619256370232
2023-05-19,600008.SH,0.012780686250524611
2022-01-03,600009.SH,0.012120192561748391
2022-01-04,600009.SH,0.015858182511240493
2022-01-05,600009.SH,-0.0078916239557296
2022-01-06,600009.SH,0.022106225805920806
2022-01-07,600009.SH,-0.014906926325569418
2022-01-10,600009.SH,-0.0023564338868971805
2022-01-11,600009.SH,-0.015455048185706428
2022-01-12,600009.SH,0.012150877487904315
2022-01-13,600009.SH,0.0077307582532839935
2022-01-14,600009.SH,-0.007213451768450816
2022-01-17,600009.SH,0.013486310675513842
2022-01-18,600009.SH,-0.0014326175269909055
2022-01-19,600009.SH,-0.005266155275327265
2022-01-20,600009.SH,0.004383483519490301
2022-01-21,600009.SH,-0.014787203878886416
2022-01-24,600009.SH,0.0017432452389677649
2022-01-25,600009.SH,0.014865942414485654
2022-01-26,600009.SH,-0.014684502304270408
2022-01-27,600009.SH,0.010509632569906368
2022-01-28,600009.SH,-0.003054812034182386
2022-01-31,600009.SH,0.0018038407124482203
2022-02-01,600009.SH,-0.011723208767341823
2022-02-02,600009.SH,0.0009460791485158826
2022-02-03,600009.SH,0.009284513003687008
2022-02-04,600009.SH,-0.004065328428549784
2022-02-07,600009.SH,0.017404021104628922
2022-02-08,600009.SH,0.00472157313236819
2022-02-09,600009.SH,-0.006337227888592295
2022-02-10,600009.SH,0.015571269657127296
2022-02-11,600009.SH,0.00975456966552326
2022-02-14,600009.SH,0.02440190944392793
2022-02-15,600009.SH,0.008654686657602263
2022-02-16,600009.SH,-0.010625904771030245
2022-02-17,600009.SH,-0.007782714915835897
2022-02-18,600009.SH,0.0032133370657260333
2022-02-21,600009.SH,-0.003875687027389052
2022-02-22,600009.SH,-0.0035474811628214355
2022-02-23,600009.SH,0.006642542763068017
2022-02-24,600009.SH,-0.0042224686875914465
2022-02-25,600009.SH,-0.008255870975852269
2022-02-28,600009.SH,-0.009612360747021811
2022-03-01,600009.SH,0.020992994733924273
2022-03-02,600009.SH,-0.006227267760860854
2022-03-03,600009.SH,-0.004616811472482415
2022-03-04,600009.SH,-0.0018064311758442054
2022-03-07,600009.SH,-0.013023568769341218
2022-03-08,600009.SH,0.021202381718701716
2022-03-09,600009.SH,-0.0021417649856628382
2022-03-10,600009.SH,0.01910532378195938
2022-03-11,600009.SH,0.0010571497003842832
2022-03-14,600009.SH,0.01660827493520427
2022-03-15,600009.SH,0.007617250797139177
2022-03-16,600009.SH,-0.0031249199301545735
2022-03-17,600009.SH,0.004633560730024957
2022-03-18,600009.SH,0.002469929428177343
2022-03-21,600009.SH,-0.0016316780141196296
2022-03-22,600009.SH,-0.004529645170969319
2022-03-23,600009.SH,0.03111387740560377
2022-03-24,600009.SH,-0.01599601877650495
2022-03-25,600009.SH,0.007789303260163443
2022-03-28,600009.SH,-0.013314099420850482
2022-03-29,600009.SH,0.0013453272935490162
2022-03-30,600009.SH,-0.002992701938104967
2022-03-31,600009.SH,0.007837241706770103
2022-04-01,600009.SH,0.004001386786313179
2022-04-04,600009.SH,-0.009472747292779589
2022-04-05,600009.SH,-0.002694277715419036
2022-04-06,600009.SH,-0.014704467671618055
2022-04-07,600009.SH,-0.010480050574431778
2022-04-08,600009.SH,-0.00016170139215906975
2022-04-11,600009.SH,-0.00532665716650771
2022-04-12,600009.SH,-0.0037993172909820813
2022-04-13,600009.SH,-0.001683911217815949
2022-04-14,600009.SH,-0.015348604256975993
2022-04-15,600009.SH,-0.012470763390510174
2022-04-18,600009.SH,0.025259097200678857
2022-04-19,600009.SH,-0.013890108771462635
2022-04-20,600009.SH,0.0073767278399806055
2022-04-21,600009.SH,-0.0018646530649197666
2022-04-22,600009.SH,-0.0016780449250862624
2022-04-25,600009.SH,-0.0026783401222766493
2022-04-26,600009.SH,0.00032000401766323766
2022-04-27,600009.SH,-0.0015366895993535838
2022-04-28,600009.SH,-0.007536800888428969
2022-04-29,600009.SH,-0.02006843836151942
2022-05-02,600009.SH,0.006573521821209766
2022-05-03,600009.SH,-0.01588240671204769
2022-05-04,600009.SH,0.004374763371029884
2022-05-05,600009.SH,0.03011082236161627
2022-05-06,600009.SH,0.01707394992085967
2022-05-09,600009.SH,0.01250655974072392
2022-05-10,600009.SH,-0.0016439568534868656
2022-05-11,600009.SH,-0.022773912766388484
2022-05-12,600009.SH,-0.013860609646253035
2022-05-13,600009.SH,-0.0006707469106371038
2022-05-16,600009.SH,-0.0194744605806325
2022-05-17,600009.SH,-0.017574117880475686
2022-05-18,600009.SH,-0.009634479377652069
2022-05-19,600009.SH,-0.007422268774678055
2022-05-20,600009.SH,-0.01951151978839685
2022-05-23,600009.SH,-0.003530041160129336
2022-05-24,600009.SH,0.0014785318355681615
2022-05-25,600009.SH,-0.010260297566280356
2022-05-26,600009.SH,-0.0019117857137333676
2022-05-27,600009.SH,-0.00224533930173433
2022-05-30,600009.SH,-0.003964757367894613
2022-05-31,600009.SH,-0.009385896118223186
2022-06-01,600009.SH,0.003257194365884333
2022-06-02,600009.SH,0.005302069017329762
2022-06-03,600009.SH,-0.016601101070110518
2022-06-06,600009.SH,0.008179892704068567
2022-06-07,600009.SH,0.008583863254234533
2022-06-08,600009.SH,-0.0062239346406603975
2022-06-09,600009.SH,-0.010762385078902422
2022-06-10,600009.SH,-0.007240866235622325
2022-06-13,600009.SH,-0.012842772104155676
2022-06-14,600009.SH,0.00955288471050571
2022-06-15,600009.SH,0.00462423778963376
2022-06-16,600009.SH,0.017367215514733084
2022-06-17,600009.SH,0.0008936984674710281
2022-06-20,600009.SH,-0.007725947182825384
2022-06-21,600009.SH,0.008398323987878223
2022-06-22,600009.SH,0.01111106108200196
2022-06-23,600009.SH,0.01998578065382997
2022-06-24,600009.SH,0.00567311080785676
2022-06-27,600009.SH,0.016724895772284455
2022-06-28,600009.SH,0.013991029947079707
2022-06-29,600009.SH,-0.0031863425089248224
2022-06-30,600009.SH,-0.002297133353649185
2022-07-01,600009.SH,-0.004942540456402458
2022-07-04,600009.SH,-0.010475998327749342
2022-07-05,600009.SH,-0.003999980797002209
2022-07-06,600009.SH,0.03353415152359163
2022-07-07,600009.SH,-0.00552573232469102
2022-07-08,600009.SH,-0.011056503201771782
2022-07-11,600009.SH,-0.012586685293132956
2022-07-12,600009.SH,-0.002372088236017783
2022-07-13,600009.SH,0.022149507324341778
2022-07-14,600009.SH,0.009244136956259648
2022-07-15,600009.SH,0.018570094994395023
2022-07-18,600009.SH,-0.012559652771105042
2022-07-19,600009.SH,-0.015492422205677387
2022-07-20,600009.SH,-0.03414036917538395
2022-07-21,600009.SH,0.008459738690869975
2022-07-22,600009.SH,0.021493443455890486
2022-07-25,600009.SH,-0.006989646017942704
2022-07-26,600009.SH,-0.02156435372238084
2022-07-27,600009.SH,0.00787366955296625
2022-07-28,600009.SH,0.0012585922569995798
2022-07-29,600009.SH,0.01424985784509816
2022-08-01,600009.SH,-0.0040893691742089535
2022-08-02,600009.SH,-0.0146033869134343
2022-08-03,600009.SH,-0.01517703911509172
2022-08-04,600009.SH,0.0036873043367752247
2022-08-05,600009.SH,-0.002704466714103128
2022-08-08,600009.SH,0.00917619228070201
2022-08-09,600009.SH,-0.0009461198580056314
2022-08-10,600009.SH,-0.004856635756824388
2022-08-11,600009.SH,-2.4048765373414424e-05
2022-08-12,600009.SH,-0.0273468160697853
2022-08-15,600009.SH,-0.012162148641514128
2022-08-16,600009.SH,0.001792043572021407
2022-08-17,600009.SH,0.020058240688808484
2022-08-18,600009.SH,-0.0006678877039311866
2022-08-19,600009.SH,0.006057456902702669
2022-08-22,600009.SH,0.004474044385158957
2022-08-23,600009.SH,0.016699576070691873
2022-08-24,600009.SH,0.007541017771323651
2022-08-25,600009.SH,0.008022354591870706
2022-08-26,600009.SH,0.0071781353349522955
2022-08-29,600009.SH,-0.009632936696904026
2022-08-30,600009.SH,-0.009870411505056692
2022-08-31,600009.SH,0.000563753415699998
2022-09-01,600009.SH,-0.0043439538018237
2022-09-02,600009.SH,0.0006812193168287007
2022-09-05,600009.SH,-0.007982509408675979
2022-09-06,600009.SH,0.0035684194585118463
2022-09-07,600009.SH,0.005878935571665209
2022-09-08,600009.SH,-0.0016607764974099271
2022-09-09,600009.SH,-0.016571006988890937
2022-09-12,600009.SH,0.014199095571196507
2022-09-13,600009.SH,-0.016769169138978694
2022-09-14,600009.SH,-0.012739983365403659
2022-09-15,600009.SH,0.022367123409080182
2022-09-16,600009.SH,0.02167884168576406
2022-09-19,600009.SH,0.00012948425124831991
2022-09-20,600009.SH,-0.0018280398763516935
2022-09-21,600009.SH,-0.009369527022976942
2022-09-22,600009.SH,0.006866995681850362
2022-09-23,600009.SH,0.008278733979605981
2022-09-26,600009.SH,0.009020485535933594
2022-09-27,600009.SH,0.014051101878367812
2022-09-28,600009.SH,-0.006813390096270482
2022-09-29,600009.SH,0.018913571427602194
2022-09-30,600009.SH,-0.023627795107472177
2022-10-03,600009.SH,-0.008870143592569874
2022-10-04,600009.SH,-0.011449354025751689
2022-10-05,600009.SH,-0.01371117879243376
2022-10-06,600009.SH,0.008351038617762064
2022-10-07,600009.SH,-0.0018065970990632269
2022-10-10,600009.SH,-0.0004904610151382775
2022-10-11,600009.SH,0.0037723586507005594
2022-10-12,600009.SH,-0.0014818814771988633
2022-10-13,600009.SH,0.0081626420172218
2022-10-14,600009.SH,-0.0065722147436305615
2022-10-17,600009.SH,-0.026641214056408964
2022-10-18,600009.SH,-0.015063453904971066
2022-10-19,600009.SH,-0.008159542061498968
2022-10-20,600009.SH,-0.008013850095052864
2022-10-21,600009.SH,0.0013607748996607534
2022-10-24,600009.SH,0.010002623200113643
2022-10-25,600009.SH,-0.013659820371850585
2022-10-26,600009.SH,-0.005023480019116431
2022-10-27,600009.SH,-0.0063283703640236375
2022-10-28,600009.SH,0.00886603874333174
2022-10-31,600009.SH,0.0007019832733796885
2022-11-01,600009.SH,0.0036768562645918532
2022-11-02,600009.SH,0.01253260699952616
2022-11-03,600009.SH,0.014367463864745376
2022-11-04,600009.SH,-0.008570623475728758
2022-11-07,600009.SH,0.03579719602506561
2022-11-08,600009.SH,0.014259768362819995
2022-11-09,600009.SH,0.0007750442177232058
2022-11-10,600009.SH,-0.010782294368634558
2022-11-11,600009.SH,-0.0025666184674591674
2022-11-14,600009.SH,-0.0007324047013145824
2022-11-15,600009.SH,0.02868219090603969
2022-11-16,600009.SH,0.017324856662808502
2022-11-17,600009.SH,-0.0044730497127718665
2022-11-18,600009.SH,-0.01355130199619176
2022-11-21,600009.SH,-0.02138243678844837
2022-11-22,600009.SH,0.016708812136061908
2022-11-23,600009.SH,0.0007465827758358278
2022-11-24,600009.SH,0.0018991090113222673
2022-11-25,600009.SH,0.008478320953944105
2022-11-28,600009.SH,-0.0024150860337068514
2022-11-29,600009.SH,-0.011396763069264022
2022-11-30,600009.SH,-0.0026817981171745973
2022-12-01,600009.SH,-0.011686046200644548
2022-12-02,600009.SH,-0.005931379143901494
2022-12-05,600009.SH,-0.020842267928326975
2022-12-06,600009.SH,-0.0016333745282194308
2022-12-07,600009.SH,-0.011101496360426878
2022-12-08,600009.SH,0.006768270375309613
2022-12-09,600009.SH,0.01789396754627854
2022-12-12,600009.SH,-0.0336411510722953
2022-12-13,600009.SH,-0.009714138955483332
2022-12-14,600009.SH,0.042090349557653575
2022-12-15,600009.SH,0.03190419970377365
2022-12-16,600009.SH,-0.01748142246868862
2022-12-19,600009.SH,0.0029650734900013233
2022-12-20,600009.SH,-0.004687689841373327
2022-12-21,600009.SH,0.000291505959776164
2022-12-22,600009.SH,-0.011378550259766623
2022-12-23,600009.SH,-0.0010469583751482657
2022-12-26,600009.SH,-0.012502854415840007
2022-12-27,600009.SH,-0.008013464309653408
2022-12-28,600009.SH,-0.002905892938017247
2022-12-29,600009.SH,-0.005152315476017871
2022-12-30,600009.SH,-0.007051053755498946
2023-01-02,600009.SH,-0.014052073224882937
2023-01-03,600009.SH,0.005010037565461365
2023-01-04,600009.SH,-0.009980231853591901
2023-01-05,600009.SH,0.011984725268824171
2023-01-06,600009.SH,-0.013385274663422054
2023-01-09,600009.SH,-0.002823816161275498
2023-01-10,600009.SH,0.00541714265166602
2023-01-11,600009.SH,0.019456383782170007
2023-01-12,600009.SH,0.0035756731417846462
2023-01-13,600009.SH,0.005629254346555225
2023-01-16,600009.SH,-0.0055970952516121945
2023-01-17,600009.SH,-0.00773203044776547
2023-01-18,600009.SH,-0.005679676269701709
2023-01-19,600009.SH,0.004626249271631992
2023-01-20,600009.SH,-0.00020026045796677633
2023-01-23,600009.SH,0.00710426161364947
2023-01-24,600009.SH,-0.017336237498437757
2023-01-25,600009.SH,-0.005703751708633731
2023-01-26,600009.SH,-0.0034890838975000556
2023-01-27,600009.SH,0.005065824002344655
2023-01-30,600009.SH,-0.0010456784624967384
2023-01-31,600009.SH,0.00010946744071290392
2023-02-01,600009.SH,0.010656696808256096
2023-02-02,600009.SH,0.01599319163565632
2023-02-03,600009.SH,-0.016439912639567747
2023-02-06,600009.SH,-0.003210765057157919
2023-02-07,600009.SH,-0.007701133946310627
2023-02-08,600009.SH,-0.003716318040594232
2023-02-09,600009.SH,-0.004958411713874731
2023-02-10,600009.SH,-0.00808648835139908
2023-02-13,600009.SH,-0.014170847614112034
2023-02-14,600009.SH,-0.012914673139706779
2023-02-15,600009.SH,-0.011625545373128716
2023-02-16,600009.SH,-0.031096732162484958
2023-02-17,600009.SH,0.0043801368506409715
2023-02-20,600009.SH,-0.014572885949153255
2023-02-21,600009.SH,-0.011313276545036255
2023-02-22,600009.SH,0.014933669061758834
2023-02-23,600009.SH,-0.0204187347583112
2023-02-24,600009.SH,0.0058344239613612355
2023-02-27,600009.SH,0.020241973178318426
2023-02-28,600009.SH,-0.005645629941516298
2023-03-01,600009.SH,-0.00831251819649509
2023-03-02,600009.SH,-0.004938798583978053
2023-03-03,600009.SH,-0.0166728674618147
2023-03-06,600009.SH,0.016039990503471643
2023-03-07,600009.SH,-0.018624402019003013
2023-03-08,600009.SH,-7.80454311065347e-05
2023-03-09,600009.SH,-0.005744766612513391
2023-03-10,600009.SH,-0.0011081119239492506
2023-03-13,600009.SH,0.022945234209387003
2023-03-14,600009.SH,0.027737172442271568
2023-03-15,600009.SH,0.009193985016216164
2023-03-16,600009.SH,-0.009692286198537712
2023-03-17,600009.SH,-0.01574534957288374
2023-03-20,600009.SH,-0.004813654813498682
2023-03-21,600009.SH,-0.0026312877047407995
2023-03-22,600009.SH,-0.01209235185000366
2023-03-23,600009.SH,0.01013042401652111
2023-03-24,600009.SH,-0.005474697556764062
2023-03-27,600009.SH,0.009489635318720296
2023-03-28,600009.SH,-0.004686457179726148
2023-03-29,600009.SH,-0.0016462415480040637
2023-03-30,600009.SH,0.012665282887917238
2023-03-31,600009.SH,0.014690306855389718
2023-04-03,600009.SH,0.014729772777455661
2023-04-04,600009.SH,-0.004675566550503612
2023-04-05,600009.SH,-0.014753246073656762
2023-04-06,600009.SH,-0.02371827961533456
2023-04-07,600009.SH,-0.01170164592633548
2023-04-10,600009.SH,0.0015271733833070941
2023-04-11,600009.SH,0.012652788246942576
2023-04-12,600009.SH,-0.0020783466687507935
2023-04-13,600009.SH,0.0028821010063299155
2023-04-14,600009.SH,0.004227124917119269
2023-04-17,600009.SH,-0.007645985376315333
2023-04-18,600009.SH,0.006628175584269055
2023-04-19,600009.SH,0.0071933491697604365
2023-04-20,600009.SH,0.009923505923230757
2023-04-21,600009.SH,0.019674622117102372
2023-04-24,600009.SH,-0.0171785072372569
2023-04-25,600009.SH,-0.000608472216937138
2023-04-26,600009.SH,-0.0078019640019158735
2023-04-27,600009.SH,0.010341376873435656
2023-04-28,600009.SH,0.025300182871634345
2023-05-01,600009.SH,-0.017011780228772245
2023-05-02,600009.SH,0.008350328836269542
2023-05-03,600009.SH,-0.014972899737368924
2023-05-04,600009.SH,-0.013207288943710687
2023-05-05,600009.SH,0.01140664326338371
2023-05-08,600009.SH,-0.004323090822468203
2023-05-09,600009.SH,0.030611282266565964
2023-05-10,600009.SH,-0.005229475619061968
2023-05-11,600009.SH,0.002432801803685352
2023-05-12,600009.SH,0.008807393582247356
2023-05-15,600009.SH,-0.01816511322416095
2023-05-16,600009.SH,-0.0057234721118595835
2023-05-17,600009.SH,0.011995145608707848
2023-05-18,600009.SH,-0.0131962156672428
2023-05-19,600009.SH,-0.009468981069925539
2022-01-03,600010.SH,0.015532993003179453
2022-01-04,600010.SH,0.005082671159594324
2022-01-05,600010.SH,0.011173514288063076
2022-01-06,600010.SH,0.002973344390743038
2022-01-07,600010.SH,-0.018002992160393926
2022-01-10,600010.SH,-0.018458935670648137
2022-01-11,600010.SH,-0.008925007964948167
2022-01-12,600010.SH,-0.01297410562183298
2022-01-13,600010.SH,-0.0063149533278863855
2022-01-14,600010.SH,-0.01717156132743609
2022-01-17,600010.SH,-0.00860186738652886
2022-01-18,600010.SH,0.008416362180970643
2022-01-19,600010.SH,0.002874201389424099
2022-01-20,600010.SH,0.026025857240027428
2022-01-21,600010.SH,-0.0029433089455306615
2022-01-24,600010.SH,-0.003913333806833201
2022-01-25,600010.SH,0.006077132065408008
2022-01-26,600010.SH,-0.010209436417887323
2022-01-27,600010.SH,0.014470938297954941
2022-01-28,600010.SH,0.007352884580617121
2022-01-31,600010.SH,0.0017952120436133152
2022-02-01,600010.SH,-0.008003833405709485
2022-02-02,600010.SH,0.006205029623846891
2022-02-03,600010.SH,-0.01491377484452101
2022-02-04,600010.SH,-0.011485800363481773
2022-02-07,600010.SH,-0.009037143642922716
2022-02-08,600010.SH,-0.006981244139867552
2022-02-09,600010.SH,0.007322792181789269
2022-02-10,600010.SH,0.015268139582638007
2022-02-11,600010.SH,-0.005634056299228438
2022-02-14,600010.SH,0.019967595164410063
2022-02-15,600010.SH,-0.013592431526374026
2022-02-16,600010.SH,-0.007147163541963921
2022-02-17,600010.SH,-0.01341347761776078
2022-02-18,600010.SH,0.01094679186666838
2022-02-21,600010.SH,0.00224389660334535
2022-02-22,600010.SH,0.009205024475827467
2022-02-23,600010.SH,-0.009178459552322216
2022-02-24,600010.SH,-0.013091886821478224
2022-02-25,600010.SH,-0.0073283103208540215
2022-02-28,600010.SH,0.008478078472581037
2022-03-01,600010.SH,0.013297418168703362
2022-03-02,600010.SH,-0.002590865092940812
2022-03-03,600010.SH,0.024245607248677997
2022-03-04,600010.SH,0.015231360997830007
2022-03-07,600010.SH,-0.0013257688733380524
2022-03-08,600010.SH,0.003791155885514826
2022-03-09,600010.SH,0.00648573158505099
2022-03-10,600010.SH,-0.002948883299681692
2022-03-11,600010.SH,0.012203515621236
2022-03-14,600010.SH,0.0059289604079557105
2022-03-15,600010.SH,0.00761489491529365
2022-03-16,600010.SH,-0.004787709881137169
2022-03-17,600010.SH,0.014670929102832178
2022-03-18,600010.SH,-0.002053427712467312
2022-03-21,600010.SH,-0.006241426494660579
2022-03-22,600010.SH,0.012886058223412315
2022-03-23,600010.SH,0.02163503464978652
2022-03-24,600010.SH,-0.01013644732938317
2022-03-25,600010.SH,0.007798091323322047
2022-03-28,600010.SH,-0.011509149013538451
2022-03-29,600010.SH,0.00093904920616363
2022-03-30,600010.SH,-0.012263973988551094
2022-03-31,600010.SH,-0.010735067427141375
2022-04-01,600010.SH,-0.003184087581681697
2022-04-04,600010.SH,-0.003300606548514021
2022-04-05,600010.SH,-0.009228040717712526
2022-04-06,600010.SH,0.0026482920795835056
2022-04-07,600010.SH,0.005174515486809848
2022-04-08,600010.SH,0.0004335114510489633
2022-04-11,600010.SH,-0.022448524687125992
2022-04-12,600010.SH,-0.013682719741237297
2022-04-13,600010.SH,-0.0014830416705644868
2022-04-14,600010.SH,0.009926810534198131
2022-04-15,600010.SH,-0.006106332393314558
2022-04-18,600010.SH,0.007140506696337682
2022-04-19,600010.SH,0.01857045736413105
2022-04-20,600010.SH,0.0010923382360573325
2022-04-21,600010.SH,-0.00192714630968576
2022-04-22,600010.SH,-0.00421239621138351
2022-04-25,600010.SH,0.004575972975727622
2022-04-26,600010.SH,-0.006807091335438704
2022-04-27,600010.SH,-0.003217977779285592
2022-04-28,600010.SH,-0.01748837112135503
2022-04-29,600010.SH,-0.01919302191557183
2022-05-02,600010.SH,0.002402427475569679
2022-05-03,600010.SH,-0.005407898421846158
2022-05-04,600010.SH,-0.005561939798778506
2022-05-05,600010.SH,0.002075837410482902
2022-05-06,600010.SH,0.004182397962381607
2022-05-09,600010.SH,0.014217215437027544
2022-05-10,600010.SH,-0.0017800012283358977
2022-05-11,600010.SH,0.0006046455566293017
2022-05-12,600010.SH,-0.006053748701590402
2022-05-13,600010.SH,-0.007777718235679419
2022-05-16,600010.SH,-0.007819596803261133
2022-05-17,600010.SH,-0.0019234268670370244
2022-05-18,600010.SH,-0.000843369996366976
2022-05-19,600010.SH,0.009085550042598953
2022-05-20,600010.SH,-0.00822800652945829
2022-05-23,600010.SH,-0.0005759081618704359
2022-05-24,600010.SH,0.021028915666803788
2022-05-25,600010.SH,-0.009370857462519352
2022-05-26,600010.SH,-0.0003839532392319635
2022-05-27,600010.SH,-0.005654627460575396
2022-05-30,600010.SH,0.0025092964397134946
2022-05-31,600010.SH,-0.015841241431924693
2022-06-01,600010.SH,-0.003459890241337584
2022-06-02,600010.SH,0.005782477357371316
2022-06-03,600010.SH,-0.0359713645415735
2022-06-06,600010.SH,0.0012794492557792617
2022-06-07,600010.SH,0.0003287064901735604
2022-06-08,600010.SH,-0.006356129073804547
2022-06-09,600010.SH,0.0025906799106650436
2022-06-10,600010.SH,-0.011580946923377796
2022-06-13,600010.SH,-0.012482167384556545
2022-06-14,600010.SH,-0.02426054829235571
2022-06-15,600010.SH,-0.004634349497553865
2022-06-16,600010.SH,0.008857795589307313
2022-06-17,600010.SH,-0.007014616783126757
2022-06-20,600010.SH,0.0028887934538626807
2022-06-21,600010.SH,0.010040380303020163
2022-06-22,600010.SH,0.0025385407144471626
2022-06-23,600010.SH,0.007167370066524871
2022-06-24,600010.SH,0.016942786648385267
2022-06-27,600010.SH,0.0026573898748375583
2022-06-28,600010.SH,0.0035237227405719163
2022-06-29,600010.SH,-0.026672591209428324
2022-06-30,600010.SH,-0.00953115720095481
2022-07-01,600010.SH,0.00013382864048188704
2022-07-04,600010.SH,0.019646908470184753
2022-07-05,600010.SH,-0.01039738571855571
2022-07-06,600010.SH,-0.0025723475766878086
2022-07-07,600010.SH,-0.013627433659632327
2022-07-08,600010.SH,-0.006246901392965276
2022-07-11,600010.SH,-0.025770793173503018
2022-07-12,600010.SH,0.008011561793650444
2022-07-13,600010.SH,0.01488212860578417
2022-07-14,600010.SH,0.020336641665862937
2022-07-15,600010.SH,0.021114283008673063
2022-07-18,600010.SH,0.008964682001676116
2022-07-19,600010.SH,-0.006206921248971913
2022-07-20,600010.SH,-0.02483760866445639
2022-07-21,600010.SH,0.020645814922500946
2022-07-22,600010.SH,-0.010020322558587771
2022-07-25,600010.SH,0.004434664923061611
2022-07-26,600010.SH,-0.029082917219435612
2022-07-27,600010.SH,0.01163838173647821
2022-07-28,600010.SH,0.023215479292846966
2022-07-29,600010.SH,0.0015547264108291394
2022-08-01,600010.SH,0.004318631651068079
2022-08-02,600010.SH,-0.002700078206530865
2022-08-03,600010.SH,-0.019825299254042097
2022-08-04,600010.SH,0.0015807597818067558
2022-08-05,600010.SH,-0.008516565105272118
2022-08-08,600010.SH,0.008055870072185804
2022-08-09,600010.SH,0.012311627603906073
2022-08-10,600010.SH,0.01760849299518649
2022-08-11,600010.SH,-0.011058119809471141
2022-08-12,600010.SH,-0.016815313566346603
2022-08-15,600010.SH,-0.014176900122435696
2022-08-16,600010.SH,0.0015245871483688823
2022-08-17,600010.SH,0.007027910051377345
2022-08-18,600010.SH,-0.0030039670434355635
2022-08-19,600010.SH,0.014176381736233706
2022-08-22,600010.SH,-0.008105871927627213
2022-08-23,600010.SH,0.01755322107164323
2022-08-24,600010.SH,3.650603394898073e-05
2022-08-25,600010.SH,-0.003391659191203867
2022-08-26,600010.SH,-0.010098562520402038
2022-08-29,600010.SH,0.004933471912766931
2022-08-30,600010.SH,-0.0040966268579320595
2022-08-31,600010.SH,-0.00014214966557564782
2022-09-01,600010.SH,-0.010518006781397334
2022-09-02,600010.SH,-0.020751331225673582
2022-09-05,600010.SH,-0.004710328096456252
2022-09-06,600010.SH,0.02646145244169082
2022-09-07,600010.SH,0.003296508334932311
2022-09-08,600010.SH,-0.011040610022547479
2022-09-09,600010.SH,0.005339891990307261
2022-09-12,600010.SH,0.008986873617709147
2022-09-13,600010.SH,0.036295524033352664
2022-09-14,600010.SH,-0.000436179433247173
2022-09-15,600010.SH,0.005044061209815466
2022-09-16,600010.SH,0.01763033068556395
2022-09-19,600010.SH,-0.00612431373696052
2022-09-20,600010.SH,0.002409077061586224
2022-09-21,600010.SH,0.010148532693046724
2022-09-22,600010.SH,-0.012107266437562861
2022-09-23,600010.SH,-0.004125586988630792
2022-09-26,600010.SH,0.0098301461221604
2022-09-27,600010.SH,0.013109026703329562
2022-09-28,600010.SH,0.0006951973941198095
2022-09-29,600010.SH,0.003302993242812439
2022-09-30,600010.SH,-0.015708793528138143
2022-10-03,600010.SH,-0.012754818863144744
2022-10-04,600010.SH,0.008758593198052318
2022-10-05,600010.SH,0.010225120346509815
2022-10-06,600010.SH,0.01048325519423114
2022-10-07,600010.SH,0.003252578632895184
2022-10-10,600010.SH,-0.010615851210183365
2022-10-11,600010.SH,-0.0020194702494246777
2022-10-12,600010.SH,0.006057199467351598
2022-10-13,600010.SH,-0.008303200633114082
2022-10-14,600010.SH,-0.018657047018934222
2022-10-17,600010.SH,0.0026517572464208263
2022-10-18,600010.SH,-0.018121782115969855
2022-10-19,600010.SH,-0.01999312782697766
2022-10-20,600010.SH,-0.007966429581108193
2022-10-21,600010.SH,0.0023635153496340414
2022-10-24,600010.SH,0.01794240804298567
2022-10-25,600010.SH,-0.004540607394210993
2022-10-26,600010.SH,0.0009816178906772847
2022-10-27,600010.SH,-0.011335303002239122
2022-10-28,600010.SH,-0.01333045471334088
2022-10-31,600010.SH,0.002913291719145357
2022-11-01,600010.SH,0.00840427934583708
2022-11-02,600010.SH,0.014065421925815379
2022-11-03,600010.SH,-0.02223506529125043
2022-11-04,600010.SH,-0.013424311176040656
2022-11-07,600010.SH,0.03825420498101756
2022-11-08,600010.SH,0.002732124808211167
2022-11-09,600010.SH,-0.01275750226340017
2022-11-10,600010.SH,0.014883107238114581
2022-11-11,600010.SH,0.00043450092987534734
2022-11-14,600010.SH,0.005669166234245321
2022-11-15,600010.SH,0.02413503986072271
2022-11-16,600010.SH,0.0113388022286515
2022-11-17,600010.SH,-0.014101683622684503
2022-11-18,600010.SH,0.018917682958265996
2022-11-21,600010.SH,-0.0016754773185185187
2022-11-22,600010.SH,0.003493715899378874
2022-11-23,600010.SH,0.008287731945904831
2022-11-24,600010.SH,-0.0003863449365109767
2022-11-25,600010.SH,0.0069426312154538695
2022-11-28,600010.SH,-0.013664498100659866
2022-11-29,600010.SH,-0.014345444256402782
2022-11-30,600010.SH,-0.01769522641900495
2022-12-01,600010.SH,-0.028907903801351702
2022-12-02,600010.SH,-0.0010526033923974427
2022-12-05,600010.SH,-0.015105878897289787
2022-12-06,600010.SH,-0.020645776146993186
2022-12-07,600010.SH,-0.008655732101382296
2022-12-08,600010.SH,0.009464445747379965
2022-12-09,600010.SH,0.030929579482027
2022-12-12,600010.SH,-0.012872559502848973
2022-12-13,600010.SH,-0.008685831560667661
2022-12-14,600010.SH,0.023572370794409644
2022-12-15,600010.SH,0.034461817552272324
2022-12-16,600010.SH,-0.012807890218859721
2022-12-19,600010.SH,-0.0026042144970585012
2022-12-20,600010.SH,0.005738592475169441
2022-12-21,600010.SH,0.019368344358033057
2022-12-22,600010.SH,-0.009225621047538568
2022-12-23,600010.SH,-0.0031630752182243206
2022-12-26,600010.SH,0.020017023906037833
2022-12-27,600010.SH,0.015573335620161811
2022-12-28,600010.SH,0.0017648571645200884
2022-12-29,600010.SH,0.016120506984100957
2022-12-30,600010.SH,-0.014863624089224025
2023-01-02,600010.SH,0.014324344534496485
2023-01-03,600010.SH,0.003294054515283864
2023-01-04,600010.SH,0.03456762033915595
2023-01-05,600010.SH,-0.016367437018376906
2023-01-06,600010.SH,-0.003121144341812304
2023-01-09,600010.SH,0.012289704824564105
2023-01-10,600010.SH,0.005215775151137647
2023-01-11,600010.SH,0.02231544110894381
2023-01-12,600010.SH,-0.0062585040523724
2023-01-13,600010.SH,0.009049860331670156
2023-01-16,600010.SH,0.005852165778477179
2023-01-17,600010.SH,0.00957843241559294
2023-01-18,600010.SH,-0.010388256206551115
2023-01-19,600010.SH,0.03082293452398674
2023-01-20,600010.SH,0.024880088532956077
2023-01-23,600010.SH,0.009082617618355781
2023-01-24,600010.SH,-0.0040609808054685986
2023-01-25,600010.SH,-0.006638211675423632
2023-01-26,600010.SH,0.008741785702317144
2023-01-27,600010.SH,0.008509845143703527
2023-01-30,600010.SH,0.004152495756582662
2023-01-31,600010.SH,-0.022441937649319954
2023-02-01,600010.SH,-0.0030664085958104752
2023-02-02,600010.SH,-0.003884999830808017
2023-02-03,600010.SH,-0.006662123049821306
2023-02-06,600010.SH,-0.004041756823951665
2023-02-07,600010.SH,0.004263175567739649
2023-02-08,600010.SH,0.0054278657223110595
2023-02-09,600010.SH,-0.00861057874559723
2023-02-10,600010.SH,0.013828695538925793
2023-02-13,600010.SH,-0.004692927296129827
2023-02-14,600010.SH,-0.003113769750995341
2023-02-15,600010.SH,0.016595798157269782
2023-02-16,600010.SH,-0.03889836955120111
2023-02-17,600010.SH,-0.009800146613306667
2023-02-20,600010.SH,0.011222827357897905
2023-02-21,600010.SH,-0.015006267373124311
2023-02-22,600010.SH,0.00820042531876124
2023-02-23,600010.SH,0.0010575914037626883
2023-02-24,600010.SH,-0.0010705895085246064
2023-02-27,600010.SH,0.01673692938757658
2023-02-28,600010.SH,-0.0010800203908188349
2023-03-01,600010.SH,0.002242732229150309
2023-03-02,600010.SH,0.0060495534202786635
2023-03-03,600010.SH,-0.0072020827179374945
2023-03-06,600010.SH,-0.013199211018963385
2023-03-07,600010.SH,-0.01066901402209675
2023-03-08,600010.SH,0.013826828749539702
2023-03-09,600010.SH,0.016240932461557153
2023-03-10,600010.SH,0.01201736352210791
2023-03-13,600010.SH,-0.003293196487302483
2023-03-14,600010.SH,-0.007314374791431547
2023-03-15,600010.SH,0.01789747042304774
2023-03-16,600010.SH,0.021953109403849085
2023-03-17,600010.SH,0.010561155407520447
2023-03-20,600010.SH,-0.006241533134790193
2023-03-21,600010.SH,0.00819420619537648
2023-03-22,600010.SH,-0.007974376942269679
2023-03-23,600010.SH,0.004133819303116761
2023-03-24,600010.SH,-0.019011020041871562
2023-03-27,600010.SH,0.02034329118180485
2023-03-28,600010.SH,-0.026917287634997913
2023-03-29,600010.SH,0.01734856875053125
2023-03-30,600010.SH,0.00136950253187471
2023-03-31,600010.SH,0.010461761946658286
2023-04-03,600010.SH,0.022769349090287286
2023-04-04,600010.SH,-0.01971763296722644
2023-04-05,600010.SH,-0.0073363169234697085
2023-04-06,600010.SH,-0.01067999992995383
2023-04-07,600010.SH,-7.764880807815087e-06
2023-04-10,600010.SH,0.007671269643285079
2023-04-11,600010.SH,-0.010638318818177285
2023-04-12,600010.SH,-0.014248425237447626
2023-04-13,600010.SH,0.004703599633122002
2023-04-14,600010.SH,0.0010100246343652008
2023-04-17,600010.SH,-0.005221608358010802
2023-04-18,600010.SH,-0.007983334290903026
2023-04-19,600010.SH,-0.004098901189322745
2023-04-20,600010.SH,0.02601819078760768
2023-04-21,600010.SH,0.0029881732072847113
2023-04-24,600010.SH,-0.02276401486405607
2023-04-25,600010.SH,0.013396357495795475
2023-04-26,600010.SH,-0.0066473350028132296
2023-04-27,600010.SH,-0.0026361511547584224
2023-04-28,600010.SH,0.013032144293378638
2023-05-01,600010.SH,-0.016503205173556145
2023-05-02,600010.SH,-0.0021327139224967006
2023-05-03,600010.SH,0.025643941476301717
2023-05-04,600010.SH,-0.009290272732107835
2023-05-05,600010.SH,-0.011972947243079932
2023-05-08,600010.SH,0.006209842335920876
2023-05-09,600010.SH,0.007151471831643221
2023-05-10,600010.SH,-0.00413304904865978
2023-05-11,600010.SH,0.008969582613691391
2023-05-12,600010.SH,0.008260989571164314
2023-05-15,600010.SH,0.0013369032305434567
2023-05-16,600010.SH,0.00800564923929743
2023-05-17,600010.SH,-0.0032580620576912024
2023-05-18,600010.SH,-0.01638362547430681
2023-05-19,600010.SH,0.02905758508430109
2022-01-03,600011.SH,-0.004720837799776884
2022-01-04,600011.SH,-0.007318443725323201
2022-01-05,600011.SH,-0.008952992942302016
2022-01-06,600011.SH,0.00868920188164393
2022-01-07,600011.SH,-0.024940537016124045
2022-01-10,600011.SH,-0.014842165483398654
2022-01-11,600011.SH,0.011473369883049521
2022-01-12,600011.SH,0.0021901549450320796
2022-01-13,600011.SH,0.005549685985713881
2022-01-14,600011.SH,-0.024536399804507267
2022-01-17,600011.SH,0.025404135497192757
2022-01-18,600011.SH,-0.005696477625987166
2022-01-19,600011.SH,0.01581385372342838
2022-01-20,600011.SH,0.019233368315559125
2022-01-21,600011.SH,0.009513402155863165
2022-01-24,600011.SH,-0.01542418751214972
2022-01-25,600011.SH,0.00446590472085522
2022-01-26,600011.SH,-0.01238027491308059
2022-01-27,600011.SH,0.007317998125511099
2022-01-28,600011.SH,-0.002898129878745622
2022-01-31,600011.SH,-0.021865003974086167
2022-02-01,600011.SH,0.005770405154614349
2022-02-02,600011.SH,0.00896925914389863
2022-02-03,600011.SH,-0.006084239851572787
2022-02-04,600011.SH,-0.009029894905602536
2022-02-07,600011.SH,0.0007675273597618454
2022-02-08,600011.SH,-0.004679089898517932
2022-02-09,600011.SH,-0.019628203069827807
2022-02-10,600011.SH,0.007373158924850668
2022-02-11,600011.SH,0.008637598003631279
2022-02-14,600011.SH,0.015136862560187363
2022-02-15,600011.SH,-0.014730348882977015
2022-02-16,600011.SH,-0.003208586423679446
2022-02-17,600011.SH,-0.02115550550911891
2022-02-18,600011.SH,-0.005344470586272628
2022-02-21,600011.SH,0.0015247989767255207
2022-02-22,600011.SH,0.007527811047676561
2022-02-23,600011.SH,-0.010347361320069396
2022-02-24,600011.SH,-0.011074513843294522
2022-02-25,600011.SH,0.02475166745671007
2022-02-28,600011.SH,0.009470658341514678
2022-03-01,600011.SH,0.007735179251189821
2022-03-02,600011.SH,-0.009021085110397304
2022-03-03,600011.SH,-0.004106426091834019
2022-03-04,600011.SH,-0.02093057792704568
2022-03-07,600011.SH,0.011436914093067685
2022-03-08,600011.SH,0.011454527281149311
2022-03-09,600011.SH,-2.8955419366753776e-06
2022-03-10,600011.SH,0.004059041486212601
2022-03-11,600011.SH,0.007902075178521683
2022-03-14,600011.SH,-0.013234145541278657
2022-03-15,600011.SH,-0.0008485075088297319
2022-03-16,600011.SH,-0.02302027518777064
2022-03-17,600011.SH,0.015157723094009054
2022-03-18,600011.SH,0.004993574084190643
2022-03-21,600011.SH,-0.02713794919730038
2022-03-22,600011.SH,-0.017338754276213227
2022-03-23,600011.SH,0.010636073756300305
2022-03-24,600011.SH,-0.011651051046270193
2022-03-25,600011.SH,-0.005497595244037037
2022-03-28,600011.SH,0.005984664203578457
2022-03-29,600011.SH,0.00044631889993959313
2022-03-30,600011.SH,0.0060501877494709595
2022-03-31,600011.SH,-0.002230370841447913
2022-04-01,600011.SH,0.012912554110122865
2022-04-04,600011.SH,0.0025424502717792835
2022-04-05,600011.SH,-0.005623232315062494
2022-04-06,600011.SH,0.0024112052569360614
2022-04-07,600011.SH,-0.009426168600545765
2022-04-08,600011.SH,0.014439843999456907
2022-04-11,600011.SH,-0.008381598439464616
2022-04-12,600011.SH,0.003743144375776398
2022-04-13,600011.SH,-0.018109815854201076
2022-04-14,600011.SH,-0.0052543652878518175
2022-04-15,600011.SH,-0.0104795963274336
2022-04-18,600011.SH,0.008026859559190535
2022-04-19,600011.SH,-0.0027581881515098133
2022-04-20,600011.SH,-0.0033758006636980913
2022-04-21,600011.SH,-0.0051359687771141
2022-04-22,600011.SH,-0.015140735015070331
2022-04-25,600011.SH,0.0031693628957527318
2022-04-26,600011.SH,-0.009951275324419213
2022-04-27,600011.SH,-0.009760500696103198
2022-04-28,600011.SH,0.012416991709329462
2022-04-29,600011.SH,-0.010389973946639656
2022-05-02,600011.SH,0.016596209185553906
2022-05-03,600011.SH,-0.009087740548448757
2022-05-04,600011.SH,0.0025477157878080682
2022-05-05,600011.SH,0.0032912131086839224
2022-05-06,600011.SH,-0.013403973686941673
2022-05-09,600011.SH,0.01960646393442142
2022-05-10,600011.SH,-0.0021394199463995477
2022-05-11,600011.SH,0.004077795699976375
2022-05-12,600011.SH,-0.008158032911866786
2022-05-13,600011.SH,-0.015147119287461885
2022-05-16,600011.SH,-0.020245423378618246
2022-05-17,600011.SH,0.001778387928798716
2022-05-18,600011.SH,-0.004863881146305097
2022-05-19,600011.SH,0.006868729080596374
2022-05-20,600011.SH,0.006338009028169304
2022-05-23,600011.SH,0.008538112536675113
2022-05-24,600011.SH,0.018047251743651377
2022-05-25,600011.SH,-0.017067385238866035
2022-05-26,600011.SH,-0.0010566666474301437
2022-05-27,600011.SH,-0.017507822800192543
2022-05-30,600011.SH,0.005631836473316953
2022-05-31,600011.SH,-0.005893657021784135
2022-06-01,600011.SH,-0.016617388943510447
2022-06-02,600011.SH,0.0048350229695468885
2022-06-03,600011.SH,-0.028759686742726574
2022-06-06,600011.SH,0.0029438242676692603
2022-06-07,600011.SH,-0.014651840221213623
2022-06-08,600011.SH,0.0005350752882717731
2022-06-09,600011.SH,-0.007788836574766902
2022-06-10,600011.SH,0.019656520995179772
2022-06-13,600011.SH,0.004242791222463005
2022-06-14,600011.SH,-0.0023677328673873963
2022-06-15,600011.SH,0.008355518096932402
2022-06-16,600011.SH,-0.0011624076788844615
2022-06-17,600011.SH,-0.01153957105659505
2022-06-20,600011.SH,-0.004856554620223819
2022-06-21,600011.SH,-0.020148291547828743
2022-06-22,600011.SH,0.0013883656224352912
2022-06-23,600011.SH,0.0006708676807392865
2022-06-24,600011.SH,0.007693960518849264
2022-06-27,600011.SH,-0.007922395107276561
2022-06-28,600011.SH,0.015948904504308383
2022-06-29,600011.SH,-0.009316830197908911
2022-06-30,600011.SH,0.008885646906815323
2022-07-01,600011.SH,-0.007345262190227978
2022-07-04,600011.SH,-0.010804906474860806
2022-07-05,600011.SH,-0.0134823477387233
2022-07-06,600011.SH,-0.00836115639565208
2022-07-07,600011.SH,0.002283590970264213
2022-07-08,600011.SH,-0.005867947892868541
2022-07-11,600011.SH,0.016567327717267846
2022-07-12,600011.SH,-0.0037102491264424855
2022-07-13,600011.SH,0.004027066806403222
2022-07-14,600011.SH,0.010216261889152138
2022-07-15,600011.SH,0.02543203673937088
2022-07-18,600011.SH,0.007132180811004108
2022-07-19,600011.SH,-0.00845005340454002
2022-07-20,600011.SH,-0.006193111077120152
2022-07-21,600011.SH,-0.004028103338797089
2022-07-22,600011.SH,0.0033582117164245133
2022-07-25,600011.SH,0.002062120454973342
2022-07-26,600011.SH,-0.0050170735914679306
2022-07-27,600011.SH,-0.004275693498902537
2022-07-28,600011.SH,0.03279451943361485
2022-07-29,600011.SH,-0.0069136979678580375
2022-08-01,600011.SH,0.0017102530733746403
2022-08-02,600011.SH,-0.01578742072502782
2022-08-03,600011.SH,0.0044587439285782016
2022-08-04,600011.SH,0.004977800015405389
2022-08-05,600011.SH,-0.007213759194958005
2022-08-08,600011.SH,0.019269389242951348
2022-08-09,600011.SH,0.0036191533845486407
2022-08-10,600011.SH,0.002695668468437074
2022-08-11,600011.SH,0.0035872773839685165
2022-08-12,600011.SH,-0.005586496220292095
2022-08-15,600011.SH,-0.005563946958999452
2022-08-16,600011.SH,-0.006221005628709313
2022-08-17,600011.SH,0.02133830278547783
2022-08-18,600011.SH,-0.004277216818870494
2022-08-19,600011.SH,0.007298846960140933
2022-08-22,600011.SH,-0.013633576584571847
2022-08-23,600011.SH,0.024390246510618878
2022-08-24,600011.SH,-0.007424591704638565
2022-08-25,600011.SH,0.0030232590075327274
2022-08-26,600011.SH,-0.0035285076320978014
2022-08-29,600011.SH,0.012357171131057876
2022-08-30,600011.SH,-0.0054662477603817615
2022-08-31,600011.SH,-0.010992500460329561
2022-09-01,600011.SH,-0.019503026742756238
2022-09-02,600011.SH,-0.006988850085050851
2022-09-05,600011.SH,-0.012349803253909462
2022-09-06,600011.SH,0.007847445103705816
2022-09-07,600011.SH,-0.020243725319955344
2022-09-08,600011.SH,0.0014551069324018446
2022-09-09,600011.SH,-0.0027155394707422827
2022-09-12,600011.SH,-0.004432553505663931
2022-09-13,600011.SH,0.012611154040651438
2022-09-14,600011.SH,-0.016364086830519292
2022-09-15,600011.SH,0.016819746580761262
2022-09-16,600011.SH,-0.0035803567321851366
2022-09-19,600011.SH,0.028301761714922196
2022-09-20,600011.SH,0.008961380887036711
2022-09-21,600011.SH,-0.019876230962504286
2022-09-22,600011.SH,-0.020116099116068382
2022-09-23,600011.SH,0.019262675510093096
2022-09-26,600011.SH,0.01116554445916471
2022-09-27,600011.SH,-0.0031295787764744607
2022-09-28,600011.SH,0.009656890048633078
2022-09-29,600011.SH,0.004204665604238052
2022-09-30,600011.SH,-0.00794342773459336
2022-10-03,600011.SH,0.0023884617848764483
2022-10-04,600011.SH,0.01323778924136836
2022-10-05,600011.SH,-0.004752967658083442
2022-10-06,600011.SH,-0.0029300337422871526
2022-10-07,600011.SH,-0.018695697813405417
2022-10-10,600011.SH,-0.00786185353626049
2022-10-11,600011.SH,0.014443447156257071
2022-10-12,600011.SH,-0.0006541426342083976
2022-10-13,600011.SH,0.005900781131877126
2022-10-14,600011.SH,-0.0060088407119075725
2022-10-17,600011.SH,-0.012262978306063689
2022-10-18,600011.SH,-0.009107645184669468
2022-10-19,600011.SH,-0.007863394849276848
2022-10-20,600011.SH,-0.014066818311175167
2022-10-21,600011.SH,0.011641783613667672
2022-10-24,600011.SH,0.01641308835497958
2022-10-25,600011.SH,-0.0077098084710289574
2022-10-26,600011.SH,0.018187369734041205
2022-10-27,600011.SH,-0.01886230826277005
2022-10-28,600011.SH,-0.0026986475659525047
2022-10-31,600011.SH,0.011685432291777443
2022-11-01,600011.SH,-0.004840626971907813
2022-11-02,600011.SH,0.013706330277719234
2022-11-03,600011.SH,-0.012301870371877986
2022-11-04,600011.SH,0.0013380322893769073
2022-11-07,600011.SH,0.03678747714624507
2022-11-08,600011.SH,0.0046633083414530565
2022-11-09,600011.SH,-0.01711539128301977
2022-11-10,600011.SH,-0.01834303978952728
2022-11-11,600011.SH,0.006371018285154601
2022-11-14,600011.SH,0.0020378130762348993
2022-11-15,600011.SH,-0.006800233876653516
2022-11-16,600011.SH,0.027443060728935764
2022-11-17,600011.SH,-0.005459381741932237
2022-11-18,600011.SH,-0.010489813532393859
2022-11-21,600011.SH,-0.0017579800390293832
2022-11-22,600011.SH,-0.01150105624077688
2022-11-23,600011.SH,-0.004359681147319423
2022-11-24,600011.SH,0.013230355477246231
2022-11-25,600011.SH,0.01197771389047408
2022-11-28,600011.SH,0.011002700259186492
2022-11-29,600011.SH,-0.013581197248868172
2022-11-30,600011.SH,0.0033225292241439363
2022-12-01,600011.SH,-0.0005843259740282557
2022-12-02,600011.SH,-0.01680535217262208
2022-12-05,600011.SH,-0.000573402853820881
2022-12-06,600011.SH,-0.008094835115455737
2022-12-07,600011.SH,-0.010877046462887244
2022-12-08,600011.SH,-0.014011038239201298
2022-12-09,600011.SH,0.022046060167368528
2022-12-12,600011.SH,-0.009118346000127647
2022-12-13,600011.SH,-0.03950458733585012
2022-12-14,600011.SH,0.01648422534362232
2022-12-15,600011.SH,0.02966206687691588
2022-12-16,600011.SH,-0.004913249547218198
2022-12-19,600011.SH,-0.00397185111639004
2022-12-20,600011.SH,0.019154061326828137
2022-12-21,600011.SH,0.01694331244646135
2022-12-22,600011.SH,-0.003518123625494837
2022-12-23,600011.SH,0.00848269617296881
2022-12-26,600011.SH,0.00984463060545994
2022-12-27,600011.SH,-0.0055020489384090855
2022-12-28,600011.SH,-0.02739262270763702
2022-12-29,600011.SH,-0.005841792736309144
2022-12-30,600011.SH,-0.0033897112081486885
2023-01-02,600011.SH,-0.00543635326597538
2023-01-03,600011.SH,0.005880683802745654
2023-01-04,600011.SH,0.003344640876212778
2023-01-05,600011.SH,0.008438042952069718
2023-01-06,600011.SH,0.0008201411091545009
2023-01-09,600011.SH,0.012777874808235508
2023-01-10,600011.SH,0.00630228526670132
2023-01-11,600011.SH,0.01783006999350556
2023-01-12,600011.SH,-0.016641130282719838
2023-01-13,600011.SH,-0.004583407600800263
2023-01-16,600011.SH,0.0027126967855422594
2023-01-17,600011.SH,0.017990918891172946
2023-01-18,600011.SH,0.0016224223391128876
2023-01-19,600011.SH,0.01381830482722989
2023-01-20,600011.SH,0.020158022906546388
2023-01-23,600011.SH,0.011773799172768837
2023-01-24,600011.SH,-0.009701074464231213
2023-01-25,600011.SH,-0.005596218654091882
2023-01-26,600011.SH,0.021334416248830614
2023-01-27,600011.SH,0.021006583733921624
2023-01-30,600011.SH,0.011267196819485806
2023-01-31,600011.SH,-0.013515298929137609
2023-02-01,600011.SH,0.006878756092086364
2023-02-02,600011.SH,0.009209328277651134
2023-02-03,600011.SH,-0.010040173900110326
2023-02-06,600011.SH,-0.0018757934693757095
2023-02-07,600011.SH,-0.008469025010456592
2023-02-08,600011.SH,0.01339030635176154
2023-02-09,600011.SH,-0.013739216757915224
2023-02-10,600011.SH,-0.005149023749057813
2023-02-13,600011.SH,-0.0010398864171369446
2023-02-14,600011.SH,0.021130368895706138
2023-02-15,600011.SH,0.007545105935421983
2023-02-16,600011.SH,-0.027193425667054343
2023-02-17,600011.SH,-0.007402971289415412
2023-02-20,600011.SH,0.0180010710470927
2023-02-21,600011.SH,-0.025755518017563414
2023-02-22,600011.SH,-0.013002696772056187
2023-02-23,600011.SH,0.013259112831766857
2023-02-24,600011.SH,0.008532784604629248
2023-02-27,600011.SH,0.0027589522199212794
2023-02-28,600011.SH,-0.012690071061076816
2023-03-01,600011.SH,0.0075851697702641226
2023-03-02,600011.SH,0.005833050674072908
2023-03-03,600011.SH,0.01790442526159486
2023-03-06,600011.SH,-0.004537671272839437
2023-03-07,600011.SH,-0.008073532408976621
2023-03-08,600011.SH,0.018271201178573712
2023-03-09,600011.SH,-0.002321285032726954
2023-03-10,600011.SH,0.0035251178833892605
2023-03-13,600011.SH,-0.008179793607742902
2023-03-14,600011.SH,-0.012138590513567398
2023-03-15,600011.SH,0.004987024648099619
2023-03-16,600011.SH,-0.00826595240710232
2023-03-17,600011.SH,0.009756270688123646
2023-03-20,600011.SH,-0.01436658588651802
2023-03-21,600011.SH,-0.0309042964933738
2023-03-22,600011.SH,-0.01601850833229687
2023-03-23,600011.SH,0.0031980749995446315
2023-03-24,600011.SH,-0.015480923863638578
2023-03-27,600011.SH,0.021454049532433135
2023-03-28,600011.SH,-0.0076606340529327775
2023-03-29,600011.SH,0.018179211379730532
2023-03-30,600011.SH,0.005817125913041462
2023-03-31,600011.SH,0.014142122004448426
2023-04-03,600011.SH,-0.002507605359371211
2023-04-04,600011.SH,-0.013164148561033599
2023-04-05,600011.SH,-0.008186586652159775
2023-04-06,600011.SH,-0.007675814398212822
2023-04-07,600011.SH,-0.00650873506516708
2023-04-10,600011.SH,0.0026435481342977716
2023-04-11,600011.SH,0.015019213884187522
2023-04-12,600011.SH,-0.0013230386284157174
2023-04-13,600011.SH,-0.012590366272945675
2023-04-14,600011.SH,0.0017171872133631865
2023-04-17,600011.SH,-0.01057070641006866
2023-04-18,600011.SH,-0.014045031591805387
2023-04-19,600011.SH,0.0032010380626215896
2023-04-20,600011.SH,0.0030323787407798243
2023-04-21,600011.SH,-0.004579246578405474
2023-04-24,600011.SH,-0.03455798937145005
2023-04-25,600011.SH,-0.0011511397031442288
2023-04-26,600011.SH,0.006245975181697857
2023-04-27,600011.SH,-0.003635471250807052
2023-04-28,600011.SH,0.038136764374789356
2023-05-01,600011.SH,-0.00764904967791062
2023-05-02,600011.SH,0.008314473925075937
2023-05-03,600011.SH,0.012679680703084423
2023-05-04,600011.SH,0.00587589455375419
2023-05-05,600011.SH,0.00393757254970265
2023-05-08,600011.SH,-0.02266052095498095
2023-05-09,600011.SH,0.0023114158032184013
2023-05-10,600011.SH,0.0010146364633010201
2023-05-11,600011.SH,0.008025279237209469
2023-05-12,600011.SH,0.011302498557590144
2023-05-15,600011.SH,0.015072124187796071
2023-05-16,600011.SH,0.0056957828862145635
2023-05-17,600011.SH,0.010151875190164023
2023-05-18,600011.SH,-0.016302389536442644
2023-05-19,600011.SH,-0.01213416633408319
2022-01-03,600012.SH,0.018578875868280328
2022-01-04,600012.SH,-0.007310857498453287
2022-01-05,600012.SH,-0.00022868226800969085
2022-01-06,600012.SH,0.001310572795658529
2022-01-07,600012.SH,-0.02209951272561327
2022-01-10,600012.SH,-0.01750702626535696
2022-01-11,600012.SH,-0.011808754800698316
2022-01-12,600012.SH,-0.017534144760953742
2022-01-13,600012.SH,-0.002084453036578502
2022-01-14,600012.SH,-0.012753610123792634
2022-01-17,600012.SH,0.01810677665333558
2022-01-18,600012.SH,0.009153102016100752
2022-01-19,600012.SH,0.0031814223812695595
2022-01-20,600012.SH,0.001586725580199757
2022-01-21,600012.SH,0.002529790580216608
2022-01-24,600012.SH,-0.0032643286667515025
2022-01-25,600012.SH,0.010111963669786745
2022-01-26,600012.SH,-0.008609979071815647
2022-01-27,600012.SH,0.01781884020370027
2022-01-28,600012.SH,-0.00031951419881059604
2022-01-31,600012.SH,0.006449572276814714
2022-02-01,600012.SH,-0.010345958441123033
2022-02-02,600012.SH,-0.008345552956294177
2022-02-03,600012.SH,0.0014473540236348093
2022-02-04,600012.SH,0.0038266180541613975
2022-02-07,600012.SH,0.002936404914169858
2022-02-08,600012.SH,0.008480340098801189
2022-02-09,600012.SH,-0.0005623171446372463
2022-02-10,600012.SH,-0.0047656016216880166
2022-02-11,600012.SH,0.008963850714500867
2022-02-14,600012.SH,0.021397654968946443
2022-02-15,600012.SH,-0.008860311039515187
2022-02-16,600012.SH,0.006996300059348269
2022-02-17,600012.SH,-0.015338836971459028
2022-02-18,600012.SH,-0.0009073984073064397
2022-02-21,600012.SH,0.025396030465183784
2022-02-22,600012.SH,0.007774239716100128
2022-02-23,600012.SH,-0.01030134487461045
2022-02-24,600012.SH,-0.0037220426290944116
2022-02-25,600012.SH,0.006752664747835991
2022-02-28,600012.SH,-0.02151010528014624
2022-03-01,600012.SH,-0.004719505348292257
2022-03-02,600012.SH,-0.00583254382940237
2022-03-03,600012.SH,-0.001708824181059304
2022-03-04,600012.SH,0.0034045121214300316
2022-03-07,600012.SH,0.013044331903311302
2022-03-08,600012.SH,0.003756072377046244
2022-03-09,600012.SH,-0.008787783571031191
2022-03-10,600012.SH,0.008679825089685612
2022-03-11,600012.SH,-0.002725600779766903
2022-03-14,600012.SH,0.0007523201813008466
2022-03-15,600012.SH,0.0021325686151775366
2022-03-16,600012.SH,0.010761131441264527
2022-03-17,600012.SH,-0.024964412340837863
2022-03-18,600012.SH,-0.007646320265668825
2022-03-21,600012.SH,-0.005147913042430656
2022-03-22,600012.SH,-0.010012562932641259
2022-03-23,600012.SH,0.020957788811158
2022-03-24,600012.SH,0.001205927861650448
2022-03-25,600012.SH,0.00726868065184644
2022-03-28,600012.SH,-0.01616969572636338
2022-03-29,600012.SH,-0.003798648582202669
2022-03-30,600012.SH,0.00025415798436193775
2022-03-31,600012.SH,0.003906048369616599
2022-04-01,600012.SH,0.003809821623174845
2022-04-04,600012.SH,0.008871271027523329
2022-04-05,600012.SH,0.004742320070291151
2022-04-06,600012.SH,-0.016001415817302307
2022-04-07,600012.SH,-0.0036428319422742586
2022-04-08,600012.SH,-0.019015614893888155
2022-04-11,600012.SH,-0.0015415165831273794
2022-04-12,600012.SH,-0.006563064780123215
2022-04-13,600012.SH,-0.002302943128685184
2022-04-14,600012.SH,-0.010317696431204572
2022-04-15,600012.SH,0.018988887117365905
2022-04-18,600012.SH,-0.0005646262489114309
2022-04-19,600012.SH,-0.0017359630995797152
2022-04-20,600012.SH,0.009812164135397433
2022-04-21,600012.SH,-0.004865074406222025
2022-04-22,600012.SH,-0.007938015902888576
2022-04-25,600012.SH,0.005445919646468034
2022-04-26,600012.SH,0.023279323226113854
2022-04-27,600012.SH,0.00010681665599966868
2022-04-28,600012.SH,0.01300970835432055
2022-04-29,600012.SH,0.0024900142872072394
2022-05-02,600012.SH,0.007575880211229842
2022-05-03,600012.SH,-0.01364717643792858
2022-05-04,600012.SH,0.010697489058003851
2022-05-05,600012.SH,-0.011135130145233199
2022-05-06,600012.SH,0.019581000645010473
2022-05-09,600012.SH,0.007323133953964844
2022-05-10,600012.SH,-0.02729011934905715
2022-05-11,600012.SH,-0.006791447446671619
2022-05-12,600012.SH,0.005901732521978213
2022-05-13,600012.SH,-0.015868914202061907
2022-05-16,600012.SH,-0.004426841669448966
2022-05-17,600012.SH,-0.019081838575958174
2022-05-18,600012.SH,-0.02103779834868793
2022-05-19,600012.SH,0.002483739783311439
2022-05-20,600012.SH,-0.006928175769981338
2022-05-23,600012.SH,-0.006509143942938332
2022-05-24,600012.SH,0.02266673784871045
2022-05-25,600012.SH,-0.011352185519881985
2022-05-26,600012.SH,0.009031780621060187
2022-05-27,600012.SH,-0.006789241728442764
2022-05-30,600012.SH,-0.017210659984301872
2022-05-31,600012.SH,-0.020790478275969772
2022-06-01,600012.SH,-0.0025931544447181857
2022-06-02,600012.SH,0.0265344650865288
2022-06-03,600012.SH,-0.00802586526655068
2022-06-06,600012.SH,-0.013780959103079467
2022-06-07,600012.SH,-0.029202995832535154
2022-06-08,600012.SH,0.0025773362844694423
2022-06-09,600012.SH,-0.012530597664389628
2022-06-10,600012.SH,0.01198969575681465
2022-06-13,600012.SH,-0.013043120879624837
2022-06-14,600012.SH,0.0053635346694228935
2022-06-15,600012.SH,0.00863655179446617
2022-06-16,600012.SH,0.008339594748502505
2022-06-17,600012.SH,-0.0061757007220948484
2022-06-20,600012.SH,-0.007935351629991014
2022-06-21,600012.SH,0.006860968545253817
2022-06-22,600012.SH,0.001616633426655012
2022-06-23,600012.SH,0.020613463979518357
2022-06-24,600012.SH,0.002061538074646329
2022-06-27,600012.SH,-0.010428983581435021
2022-06-28,600012.SH,0.031476176810888296
2022-06-29,600012.SH,-0.015556441800007271
2022-06-30,600012.SH,-0.010802433099175456
2022-07-01,600012.SH,-0.008070640741966043
2022-07-04,600012.SH,-0.002446667328706332
2022-07-05,600012.SH,-0.014880325605333299
2022-07-06,600012.SH,0.0049068686050251446
2022-07-07,600012.SH,-0.0021754038910719265
2022-07-08,600012.SH,-0.010018257085813194
2022-07-11,600012.SH,-0.03169950723953349
2022-07-12,600012.SH,0.021316873849680056
2022-07-13,600012.SH,0.005232129407809474
2022-07-14,600012.SH,0.02178007332800415
2022-07-15,600012.SH,0.009529886312718394
2022-07-18,600012.SH,-0.0013947271462845315
2022-07-19,600012.SH,-0.014639463623459057
2022-07-20,600012.SH,-0.002359132600765021
2022-07-21,600012.SH,-0.0037164443696081416
2022-07-22,600012.SH,0.0010772711069183044
2022-07-25,600012.SH,-0.009827062608169434
2022-07-26,600012.SH,-0.009422963789017906
2022-07-27,600012.SH,-0.003581828743337942
2022-07-28,600012.SH,0.02136629311459415
2022-07-29,600012.SH,-0.01764213805073843
2022-08-01,600012.SH,-0.014425714249053834
2022-08-02,600012.SH,-0.027758281679504664
2022-08-03,600012.SH,-0.02427248475524936
2022-08-04,600012.SH,-0.012006463784507718
2022-08-05,600012.SH,-0.016575072947450455
2022-08-08,600012.SH,0.006801961842492375
2022-08-09,600012.SH,-0.019104948637551064
2022-08-10,600012.SH,-0.002317971149492351
2022-08-11,600012.SH,0.00800983921078879
2022-08-12,600012.SH,-0.005443669428525168
2022-08-15,600012.SH,-0.005846257376133698
2022-08-16,600012.SH,-0.01582959407907717
2022-08-17,600012.SH,0.0016669082690340762
2022-08-18,600012.SH,-0.017962654189137898
2022-08-19,600012.SH,0.00627581536093061
2022-08-22,600012.SH,0.0014583503725704716
2022-08-23,600012.SH,0.016476258274347157
2022-08-24,600012.SH,0.009385731353680236
2022-08-25,600012.SH,-0.008628671821944165
2022-08-26,600012.SH,-8.060188504359188e-05
2022-08-29,600012.SH,-0.008451726863807582
2022-08-30,600012.SH,0.0015566799769091422
2022-08-31,600012.SH,0.01673141112687189
2022-09-01,600012.SH,-0.02742484848017411
2022-09-02,600012.SH,-0.012570268753779562
2022-09-05,600012.SH,0.013498192413738523
2022-09-06,600012.SH,-0.0020261848990519027
2022-09-07,600012.SH,-0.005157541344074998
2022-09-08,600012.SH,-0.006239491584555456
2022-09-09,600012.SH,5.371189628049786e-05
2022-09-12,600012.SH,-0.005511557662407572
2022-09-13,600012.SH,0.007707920614291245
2022-09-14,600012.SH,0.0033754549784615435
2022-09-15,600012.SH,0.013934062930658589
2022-09-16,600012.SH,-0.005273685235217906
2022-09-19,600012.SH,0.013151155843840887
2022-09-20,600012.SH,-0.007528526897915625
2022-09-21,600012.SH,-0.013121718861479129
2022-09-22,600012.SH,0.010589405677743458
2022-09-23,600012.SH,0.014164377233812557
2022-09-26,600012.SH,0.0019140600063946422
2022-09-27,600012.SH,0.00036719970037833337
2022-09-28,600012.SH,-0.016583457829721
2022-09-29,600012.SH,-0.00029854958721250123
2022-09-30,600012.SH,-0.019267596815835814
2022-10-03,600012.SH,-0.011600910673603446
2022-10-04,600012.SH,0.014516304313404371
2022-10-05,600012.SH,0.0026271409972916746
2022-10-06,600012.SH,0.005188978348712713
2022-10-07,600012.SH,-0.012296788844101524
2022-10-10,600012.SH,-0.002712547163965018
2022-10-11,600012.SH,0.013979865959341618
2022-10-12,600012.SH,-0.0055585205986701655
2022-10-13,600012.SH,0.0023678459432038786
2022-10-14,600012.SH,-0.011987789882948683
2022-10-17,600012.SH,-0.0038774740274539637
2022-10-18,600012.SH,-0.004485246271322716
2022-10-19,600012.SH,0.00617678007680666
2022-10-20,600012.SH,-0.008743806925299982
2022-10-21,600012.SH,0.009120390571585566
2022-10-24,600012.SH,0.012920921011921688
2022-10-25,600012.SH,-0.02528356167678418
2022-10-26,600012.SH,-0.010776318351879902
2022-10-27,600012.SH,-0.012209314297367591
2022-10-28,600012.SH,-0.01116973392422352
2022-10-31,600012.SH,0.007119165141368691
2022-11-01,600012.SH,0.01045136397684963
2022-11-02,600012.SH,0.02325076902658918
2022-11-03,600012.SH,0.0018457054532516187
2022-11-04,600012.SH,-0.010024336453897723
2022-11-07,600012.SH,0.005386717028657263
2022-11-08,600012.SH,0.002645870084343152
2022-11-09,600012.SH,0.001670288804579601
2022-11-10,600012.SH,-0.0068458170424773555
2022-11-11,600012.SH,0.021786321230056322
2022-11-14,600012.SH,0.014231792103041962
2022-11-15,600012.SH,0.027990401482771224
2022-11-16,600012.SH,0.005393985589537364
2022-11-17,600012.SH,-0.011955894296437996
2022-11-18,600012.SH,-0.0032475129616784306
2022-11-21,600012.SH,-0.019461607254799562
2022-11-22,600012.SH,0.0002789891381432888
2022-11-23,600012.SH,0.006093928520879769
2022-11-24,600012.SH,-0.0012362489634410567
2022-11-25,600012.SH,0.006135496389012375
2022-11-28,600012.SH,-0.004210068182453769
2022-11-29,600012.SH,-0.03446902370533175
2022-11-30,600012.SH,-0.0018147559478089558
2022-12-01,600012.SH,-0.0056872507356474575
2022-12-02,600012.SH,0.005492408195428816
2022-12-05,600012.SH,-0.010389650256606868
2022-12-06,600012.SH,0.007525282240451616
2022-12-07,600012.SH,-0.012190407263150894
2022-12-08,600012.SH,-0.02488690805350372
2022-12-09,600012.SH,0.002882309161401246
2022-12-12,600012.SH,0.0009262180513012388
2022-12-13,600012.SH,0.0031855571561805723
2022-12-14,600012.SH,0.017924400530617744
2022-12-15,600012.SH,0.03819760456572354
2022-12-16,600012.SH,0.001193565459813332
2022-12-19,600012.SH,0.0038902956404929666
2022-12-20,600012.SH,-0.0063806704798126425
2022-12-21,600012.SH,0.031143868665568175
2022-12-22,600012.SH,-0.0025318423053431703
2022-12-23,600012.SH,-0.005820610513653094
2022-12-26,600012.SH,-0.00046399944455902814
2022-12-27,600012.SH,0.006045966410871518
2022-12-28,600012.SH,-0.019719839418225343
2022-12-29,600012.SH,0.005926149037400297
2022-12-30,600012.SH,-0.02053487461390012
2023-01-02,600012.SH,0.0018006911364455455
2023-01-03,600012.SH,-0.007347303293653237
2023-01-04,600012.SH,-0.0007868280102369886
2023-01-05,600012.SH,-0.012011716478202778
2023-01-06,600012.SH,0.002160013868553097
2023-01-09,600012.SH,0.02699552200273217
2023-01-10,600012.SH,0.015094030891834134
2023-01-11,600012.SH,0.006358840817148194
2023-01-12,600012.SH,0.00017230012497341526
2023-01-13,600012.SH,0.008442687051660165
2023-01-16,600012.SH,0.005527239672732787
2023-01-17,600012.SH,-0.0057662297286888275
2023-01-18,600012.SH,-0.0015526814636299378
2023-01-19,600012.SH,-0.0014742358242360448
2023-01-20,600012.SH,0.02381786032241089
2023-01-23,600012.SH,0.02373701499746056
2023-01-24,600012.SH,-0.005303631431327285
2023-01-25,600012.SH,-0.03014939302489751
2023-01-26,600012.SH,0.015618048790481232
2023-01-27,600012.SH,-0.006938897860313696
2023-01-30,600012.SH,-0.0027923471895117133
2023-01-31,600012.SH,-0.007690923997883502
2023-02-01,600012.SH,0.00996504910759269
2023-02-02,600012.SH,-0.0012457250476711132
2023-02-03,600012.SH,-0.015379501801332468
2023-02-06,600012.SH,-0.0025138379073912642
2023-02-07,600012.SH,-0.001984917890271518
2023-02-08,600012.SH,-0.010672636949180124
2023-02-09,600012.SH,-0.0056630013012120405
2023-02-10,600012.SH,0.0025680200880241547
2023-02-13,600012.SH,-0.0037968536938514166
2023-02-14,600012.SH,-0.012914585885662102
2023-02-15,600012.SH,0.02166258199770065
2023-02-16,600012.SH,-0.04792138189688372
2023-02-17,600012.SH,-0.006358453666361826
2023-02-20,600012.SH,-0.004789885174559583
2023-02-21,600012.SH,0.0038497406962109447
2023-02-22,600012.SH,0.002641301427457036
2023-02-23,600012.SH,-0.0027861261772183076
2023-02-24,600012.SH,-0.004500084863808725
2023-02-27,600012.SH,0.019684625086648297
2023-02-28,600012.SH,-0.01031270736051449
2023-03-01,600012.SH,-0.010204769642246729
2023-03-02,600012.SH,0.016377200769357947
2023-03-03,600012.SH,-0.014878346039032772
2023-03-06,600012.SH,-0.004228215362534442
2023-03-07,600012.SH,0.001223950063130464
2023-03-08,600012.SH,0.01315672458088244
2023-03-09,600012.SH,-0.0002845268857144187
2023-03-10,600012.SH,0.022131019354684575
2023-03-13,600012.SH,-0.006184379627609406
2023-03-14,600012.SH,0.002854405544697381
2023-03-15,600012.SH,0.008312729443817753
2023-03-16,600012.SH,-0.0032610341507639255
2023-03-17,600012.SH,0.01091138328891193
2023-03-20,600012.SH,0.008402217798919165
2023-03-21,600012.SH,-0.002900191091495022
2023-03-22,600012.SH,0.00222742031285556
2023-03-23,600012.SH,0.00841407813120481
2023-03-24,600012.SH,-0.01835375107729901
2023-03-27,600012.SH,0.003679281806930652
2023-03-28,600012.SH,-0.004520067367957425
2023-03-29,600012.SH,0.00240337762268409
2023-03-30,600012.SH,0.010291781196408417
2023-03-31,600012.SH,0.016911631138222007
2023-04-03,600012.SH,-0.010060299453585024
2023-04-04,600012.SH,-0.029091581997619506
2023-04-05,600012.SH,0.003711219148871937
2023-04-06,600012.SH,-0.017528921828703872
2023-04-07,600012.SH,-0.0011258271879269577
2023-04-10,600012.SH,0.019899143247305656
2023-04-11,600012.SH,-0.007609257886874023
2023-04-12,600012.SH,-0.019706815974391823
2023-04-13,600012.SH,0.008634577892429761
2023-04-14,600012.SH,0.0037779645726346766
2023-04-17,600012.SH,-0.013924887761781732
2023-04-18,600012.SH,-0.014708526745635286
2023-04-19,600012.SH,-0.0026083327166628446
2023-04-20,600012.SH,-0.0026632270722795337
2023-04-21,600012.SH,0.013704213518701422
2023-04-24,600012.SH,-0.02609782760484801
2023-04-25,600012.SH,0.01337027971440475
2023-04-26,600012.SH,-0.0034300206118394894
2023-04-27,600012.SH,-0.0071223795531916035
2023-04-28,600012.SH,0.008666661573071645
2023-05-01,600012.SH,-0.042747573989452115
2023-05-02,600012.SH,-0.005936513168268914
2023-05-03,600012.SH,0.0030260586710452514
2023-05-04,600012.SH,-0.004405327730151861
2023-05-05,600012.SH,-0.007055456895405723
2023-05-08,600012.SH,0.014565516510240746
2023-05-09,600012.SH,0.014978664836723794
2023-05-10,600012.SH,0.00795288634481227
2023-05-11,600012.SH,0.005982895759688311
2023-05-12,600012.SH,0.01868674078893986
2023-05-15,600012.SH,-0.012849416187971705
2023-05-16,600012.SH,0.009005682793634898
2023-05-17,600012.SH,-0.005548881706745646
2023-05-18,600012.SH,-0.023420780442144417
2023-05-19,600012.SH,-0.012421634623566432
2022-01-03,600013.SH,0.0024930480243281566
2022-01-04,600013.SH,-0.016562864932099998
2022-01-05,600013.SH,0.009764344883409657
2022-01-06,600013.SH,-0.010557857818910464
2022-01-07,600013.SH,-0.03687925694538931
2022-01-10,600013.SH,0.003306438286537216
2022-01-11,600013.SH,0.010060724519352627
2022-01-12,600013.SH,-0.013022909097886733
2022-01-13,600013.SH,-0.00016440569473970553
2022-01-14,600013.SH,0.003370719181424598
2022-01-17,600013.SH,0.011227189881808684
2022-01-18,600013.SH,0.00770456644526637
2022-01-19,600013.SH,0.011479786393615698
2022-01-20,600013.SH,0.0017108049037320595
2022-01-21,600013.SH,0.004051859224662652
2022-01-24,600013.SH,-0.007052826085989822
2022-01-25,600013.SH,0.00022238579594956523
2022-01-26,600013.SH,-0.011569115920839514
2022-01-27,600013.SH,0.007756284788743088
2022-01-28,600013.SH,-5.533232803474781e-05
2022-01-31,600013.SH,-0.011963175333707343
2022-02-01,600013.SH,0.002570522743772944
2022-02-02,600013.SH,1.6478631729658494e-05
2022-02-03,600013.SH,-0.0034185703020221565
2022-02-04,600013.SH,-0.006379427304505372
2022-02-07,600013.SH,0.0007639677226863222
2022-02-08,600013.SH,-0.01693256591774654
2022-02-09,600013.SH,0.01183265066420721
2022-02-10,600013.SH,-0.003468042583353735
2022-02-11,600013.SH,0.015646200971833606
2022-02-14,600013.SH,0.012351531561802149
2022-02-15,600013.SH,-0.0037397559884170296
2022-02-16,600013.SH,0.015039918568111939
2022-02-17,600013.SH,-0.009283563913919705
2022-02-18,600013.SH,0.017316334227338553
2022-02-21,600013.SH,0.009422229197412734
2022-02-22,600013.SH,0.003242608641695895
2022-02-23,600013.SH,-0.00602166592158648
2022-02-24,600013.SH,0.0018826665374713242
2022-02-25,600013.SH,-0.0016505738259329043
2022-02-28,600013.SH,-0.003894451860564316
2022-03-01,600013.SH,-0.0020405277573286576
2022-03-02,600013.SH,-0.004326973895068644
2022-03-03,600013.SH,-0.0003508972709695363
2022-03-04,600013.SH,0.00803623523783759
2022-03-07,600013.SH,0.014796825772047302
2022-03-08,600013.SH,-0.0027869531487645666
2022-03-09,600013.SH,-0.005550723525941867
2022-03-10,600013.SH,-0.008931085678553382
2022-03-11,600013.SH,0.020844362463502172
2022-03-14,600013.SH,0.005359650180738142
2022-03-15,600013.SH,0.009848329007224101
2022-03-16,600013.SH,-0.025059330409155815
2022-03-17,600013.SH,-0.0025690696209271567
2022-03-18,600013.SH,0.0013294986097884885
2022-03-21,600013.SH,-0.007638599691290986
2022-03-22,600013.SH,0.008555918238450476
2022-03-23,600013.SH,0.03507784174630346
2022-03-24,600013.SH,-0.016397277196485465
2022-03-25,600013.SH,-0.002474645623035122
2022-03-28,600013.SH,-0.022240518828212204
2022-03-29,600013.SH,0.01338291136027871
2022-03-30,600013.SH,0.01172557769113689
2022-03-31,600013.SH,0.003334500472937741
2022-04-01,600013.SH,0.0060554092823515825
2022-04-04,600013.SH,-0.0018186583803678118
2022-04-05,600013.SH,0.006110470999444341
2022-04-06,600013.SH,-0.007497832582402075
2022-04-07,600013.SH,0.004263041655507238
2022-04-08,600013.SH,0.004557463116239649
2022-04-11,600013.SH,-0.012085439967535586
2022-04-12,600013.SH,-0.01141595764700631
2022-04-13,600013.SH,-0.00724986623272214
2022-04-14,600013.SH,0.011930840090360878
2022-04-15,600013.SH,0.017604336643402857
2022-04-18,600013.SH,0.011378745155002966
2022-04-19,600013.SH,0.004615121065550396
2022-04-20,600013.SH,-0.0007302230923975298
2022-04-21,600013.SH,-0.0020732554799484763
2022-04-22,600013.SH,0.004065090004589244
2022-04-25,600013.SH,0.005366610146465005
2022-04-26,600013.SH,-0.019521694016030704
2022-04-27,600013.SH,-0.006185127006776555
2022-04-28,600013.SH,-0.0038828733868021686
2022-04-29,600013.SH,-0.014671295834997104
2022-05-02,600013.SH,0.01871313579170593
2022-05-03,600013.SH,0.0010431716474003767
2022-05-04,600013.SH,0.013831702128707978
2022-05-05,600013.SH,0.006480225887768867
2022-05-06,600013.SH,0.0043861277724903305
2022-05-09,600013.SH,-0.004042897304320202
2022-05-10,600013.SH,-0.0006685885441097217
2022-05-11,600013.SH,-0.0032558472395988283
2022-05-12,600013.SH,-0.014308884527593524
2022-05-13,600013.SH,-0.018893950169368186
2022-05-16,600013.SH,-0.014809725764548323
2022-05-17,600013.SH,-0.0064468014582780035
2022-05-18,600013.SH,-0.003364473500954792
2022-05-19,600013.SH,-0.0026149910058645555
2022-05-20,600013.SH,-0.0025551364174616377
2022-05-23,600013.SH,-0.0048460897258002875
2022-05-24,600013.SH,-0.018302373866261046
2022-05-25,600013.SH,-0.007697132088006831
2022-05-26,600013.SH,0.016690010949160478
2022-05-27,600013.SH,-0.024286999006355815
2022-05-30,600013.SH,-0.0005165884587856379
2022-05-31,600013.SH,0.008252435702568221
2022-06-01,600013.SH,-0.010318394137309308
2022-06-02,600013.SH,0.006743955903936023
2022-06-03,600013.SH,-0.026858725957818002
2022-06-06,600013.SH,0.01974770056500258
2022-06-07,600013.SH,0.0010685585486920803
2022-06-08,600013.SH,-0.0042869312176341745
2022-06-09,600013.SH,0.0019745418199485863
2022-06-10,600013.SH,0.007191820008165767
2022-06-13,600013.SH,-0.012992228997477817
2022-06-14,600013.SH,-0.004611369550035527
2022-06-15,600013.SH,0.00512413020942053
2022-06-16,600013.SH,0.006573020579937923
2022-06-17,600013.SH,-0.023087278140989462
2022-06-20,600013.SH,-0.008720387927365698
2022-06-21,600013.SH,-0.013367921531597566
2022-06-22,600013.SH,0.01792279100741138
2022-06-23,600013.SH,0.01264137697955502
2022-06-24,600013.SH,-0.002370860600119127
2022-06-27,600013.SH,-0.004131355673428463
2022-06-28,600013.SH,-0.007187552748982709
2022-06-29,600013.SH,-0.020504723302387846
2022-06-30,600013.SH,0.00504521976340901
2022-07-01,600013.SH,0.014905253923679716
2022-07-04,600013.SH,0.004145486706743441
2022-07-05,600013.SH,-0.011933914566660762
2022-07-06,600013.SH,0.0007616138179760683
2022-07-07,600013.SH,-0.01134273971255381
2022-07-08,600013.SH,0.008831208637376143
2022-07-11,600013.SH,-0.010012119668304082
2022-07-12,600013.SH,0.023664409080226604
2022-07-13,600013.SH,0.02064020763925566
2022-07-14,600013.SH,-0.0014341171799284423
2022-07-15,600013.SH,0.01665137577046572
2022-07-18,600013.SH,-0.0033751757755302522
2022-07-19,600013.SH,-0.008714768601312307
2022-07-20,600013.SH,-0.017659512776988007
2022-07-21,600013.SH,0.03210408265273211
2022-07-22,600013.SH,-0.017275807507230196
2022-07-25,600013.SH,-0.001033158724793583
2022-07-26,600013.SH,0.001268303032199567
2022-07-27,600013.SH,-0.001142047136023044
2022-07-28,600013.SH,0.009629647624114729
2022-07-29,600013.SH,-0.009191700403503113
2022-08-01,600013.SH,-0.00020421675028268874
2022-08-02,600013.SH,-0.0031712400608627737
2022-08-03,600013.SH,-0.01012145771492357
2022-08-04,600013.SH,0.0018115457665342678
2022-08-05,600013.SH,0.013695818599815756
2022-08-08,600013.SH,0.02351310472778248
2022-08-09,600013.SH,0.0017551423067574566
2022-08-10,600013.SH,-0.0038556674306483175
2022-08-11,600013.SH,-0.009994417535424412
2022-08-12,600013.SH,-0.01167586165051035
2022-08-15,600013.SH,-0.0051974757844445016
2022-08-16,600013.SH,-0.010585136131279977
2022-08-17,600013.SH,0.0076704258676378
2022-08-18,600013.SH,-0.018453080324998462
2022-08-19,600013.SH,-0.00980386396066455
2022-08-22,600013.SH,-0.0095729244624419
2022-08-23,600013.SH,-0.007244070317709098
2022-08-24,600013.SH,-0.006925649112727017
2022-08-25,600013.SH,-0.005192121909707748
2022-08-26,600013.SH,-0.01368527330299781
2022-08-29,600013.SH,-0.0014407796784481532
2022-08-30,600013.SH,0.010970808247913516
2022-08-31,600013.SH,-0.009134138040480227
2022-09-01,600013.SH,-0.014175119186238004
2022-09-02,600013.SH,-0.004849202893166179
2022-09-05,600013.SH,-0.0057592476305698345
2022-09-06,600013.SH,0.004805390935310528
2022-09-07,600013.SH,0.01324491769045041
2022-09-08,600013.SH,0.007892770778248811
2022-09-09,600013.SH,0.008302109140259539
2022-09-12,600013.SH,0.019704460147595526
2022-09-13,600013.SH,-0.01801772724276278
2022-09-14,600013.SH,0.010250937621261176
2022-09-15,600013.SH,0.012770930846316534
2022-09-16,600013.SH,0.013537865347750257
2022-09-19,600013.SH,0.01615766572713156
2022-09-20,600013.SH,0.0019551237445768112
2022-09-21,600013.SH,-0.012548844377384549
2022-09-22,600013.SH,-0.007273829825103266
2022-09-23,600013.SH,0.010089944368804477
2022-09-26,600013.SH,0.0224680867669175
2022-09-27,600013.SH,-0.01730072015178281
2022-09-28,600013.SH,-0.00848125718703068
2022-09-29,600013.SH,0.03213978682270408
2022-09-30,600013.SH,-0.015117170092071829
2022-10-03,600013.SH,-0.00954465338228139
2022-10-04,600013.SH,-0.0036791949759884066
2022-10-05,600013.SH,0.00020161574598152225
2022-10-06,600013.SH,-0.007403623835182519
2022-10-07,600013.SH,-0.0031636525362666017
2022-10-10,600013.SH,0.011189261750742174
2022-10-11,600013.SH,0.004272220702361576
2022-10-12,600013.SH,0.008610790447866175
2022-10-13,600013.SH,0.013373803501818427
2022-10-14,600013.SH,-0.005851815861055241
2022-10-17,600013.SH,0.0010156627337394595
2022-10-18,600013.SH,0.02566674860742489
2022-10-19,600013.SH,0.0007948324820317952
2022-10-20,600013.SH,-0.003776442691361741
2022-10-21,600013.SH,-0.011432231666423848
2022-10-24,600013.SH,0.006356629080106695
2022-10-25,600013.SH,0.0036521280270838275
2022-10-26,600013.SH,0.017340398097018025
2022-10-27,600013.SH,0.010909935537733666
2022-10-28,600013.SH,0.00523053831240051
2022-10-31,600013.SH,-0.0045345394605188875
2022-11-01,600013.SH,0.00917654167428811
2022-11-02,600013.SH,-0.001714838920988027
2022-11-03,600013.SH,-0.01611075736780679
2022-11-04,600013.SH,-0.0031759540475932387
2022-11-07,600013.SH,0.03144112393765351
2022-11-08,600013.SH,0.01097374531497782
2022-11-09,600013.SH,0.006383949271490628
2022-11-10,600013.SH,-0.0033592447204394494
2022-11-11,600013.SH,-0.00912260759690077
2022-11-14,600013.SH,0.0007760597942645775
2022-11-15,600013.SH,0.005068624443926485
2022-11-16,600013.SH,-0.005018934403748596
2022-11-17,600013.SH,0.0005804802939601804
2022-11-18,600013.SH,-0.009830310830302997
2022-11-21,600013.SH,-0.0029825509932654894
2022-11-22,600013.SH,0.006357819667092496
2022-11-23,600013.SH,-0.0036683332175092525
2022-11-24,600013.SH,0.01554993991265886
2022-11-25,600013.SH,-0.012444237988085284
2022-11-28,600013.SH,-0.023691960266810613
2022-11-29,600013.SH,-0.015945218193484656
2022-11-30,600013.SH,-0.006010066161516868
2022-12-01,600013.SH,-0.012900205400747822
2022-12-02,600013.SH,0.015517915759526666
2022-12-05,600013.SH,-0.022273456052667423
2022-12-06,600013.SH,0.0030746109196942545
2022-12-07,600013.SH,-0.024009899502300567
2022-12-08,600013.SH,-0.002653747870454682
2022-12-09,600013.SH,0.02001828925797704
2022-12-12,600013.SH,-0.006505937158386111
2022-12-13,600013.SH,-0.018223180803659717
2022-12-14,600013.SH,0.007039429093687278
2022-12-15,600013.SH,0.032513042427382115
2022-12-16,600013.SH,0.008335444186672893
2022-12-19,600013.SH,0.0018570865179376272
2022-12-20,600013.SH,-0.006241762800190252
2022-12-21,600013.SH,0.017218966379865423
2022-12-22,600013.SH,0.016379863815950198
2022-12-23,600013.SH,-0.0009379946603477608
2022-12-26,600013.SH,0.020837109202429947
2022-12-27,600013.SH,-0.003925165062654171
2022-12-28,600013.SH,-0.003430109086204662
2022-12-29,600013.SH,0.005125068345127096
2022-12-30,600013.SH,-0.007025883384331213
2023-01-02,600013.SH,-0.009569276752908931
2023-01-03,600013.SH,-0.010226274491377637
2023-01-04,600013.SH,0.011740203148036633
2023-01-05,600013.SH,0.007472890375949323
2023-01-06,600013.SH,0.018893743761580314
2023-01-09,600013.SH,0.026141031375087304
2023-01-10,600013.SH,0.002589628984573693
2023-01-11,600013.SH,-0.00029794117512230633
2023-01-12,600013.SH,0.013935152168407627
2023-01-13,600013.SH,0.00713136796324718
2023-01-16,600013.SH,-0.015597016855018693
2023-01-17,600013.SH,-0.00780440256180265
2023-01-18,600013.SH,0.004141009226255175
2023-01-19,600013.SH,0.014972599856604762
2023-01-20,600013.SH,0.012322539672394965
2023-01-23,600013.SH,0.013812106067553953
2023-01-24,600013.SH,0.0014859137722922173
2023-01-25,600013.SH,0.004399440708316972
2023-01-26,600013.SH,-0.009786217439022743
2023-01-27,600013.SH,0.004635972973389116
2023-01-30,600013.SH,0.010788032451104955
2023-01-31,600013.SH,-0.029222546462670383
2023-02-01,600013.SH,0.0008705514393657241
2023-02-02,600013.SH,-0.004769488917574287
2023-02-03,600013.SH,-0.00866646376471666
2023-02-06,600013.SH,0.012506341227341046
2023-02-07,600013.SH,0.022335631681501166
2023-02-08,600013.SH,-0.007723141143882874
2023-02-09,600013.SH,0.002928203018507301
2023-02-10,600013.SH,0.004760072376895465
2023-02-13,600013.SH,0.0018604386894923945
2023-02-14,600013.SH,0.005210296444212089
2023-02-15,600013.SH,0.014809360808458537
2023-02-16,600013.SH,-0.0036575663193861817
2023-02-17,600013.SH,0.009129863027603104
2023-02-20,600013.SH,-0.009189439605003097
2023-02-21,600013.SH,0.010325162726302288
2023-02-22,600013.SH,0.005948417094544203
2023-02-23,600013.SH,-0.010904101388310772
2023-02-24,600013.SH,0.01393820757474017
2023-02-27,600013.SH,0.01569954205630385
2023-02-28,600013.SH,-0.010266214028566593
2023-03-01,600013.SH,0.008123029556355939
2023-03-02,600013.SH,-0.022810642642979842
2023-03-03,600013.SH,-0.0012945787056895183
2023-03-06,600013.SH,-0.015105693830177298
2023-03-07,600013.SH,-0.014540129160772585
2023-03-08,600013.SH,0.024740539604986893
2023-03-09,600013.SH,0.009703317121246235
2023-03-10,600013.SH,0.013560182033834075
2023-03-13,600013.SH,0.0037712616007972866
2023-03-14,600013.SH,0.006474389277724012
2023-03-15,600013.SH,0.02386583714251747
2023-03-16,600013.SH,-0.004757713165563018
2023-03-17,600013.SH,0.006575621691610372
2023-03-20,600013.SH,0.006308097360234058
2023-03-21,600013.SH,-0.01882764476396766
2023-03-22,600013.SH,-0.006155088210456255
2023-03-23,600013.SH,0.003623757771283439
2023-03-24,600013.SH,-0.010764727562469264
2023-03-27,600013.SH,0.001242517175622261
2023-03-28,600013.SH,-0.00014896240796831938
2023-03-29,600013.SH,0.028606248951965736
2023-03-30,600013.SH,0.0027677271705645688
2023-03-31,600013.SH,0.01748227935211548
2023-04-03,600013.SH,0.025793661713200286
2023-04-04,600013.SH,-0.01807647782895148
2023-04-05,600013.SH,0.017611128106104084
2023-04-06,600013.SH,-0.009322827474487455
2023-04-07,600013.SH,0.013672723519719064
2023-04-10,600013.SH,0.019591838715676962
2023-04-11,600013.SH,0.008171354113005786
2023-04-12,600013.SH,-0.006247750247495836
2023-04-13,600013.SH,-0.014350153330315297
2023-04-14,600013.SH,0.001020172242653614
2023-04-17,600013.SH,-0.0007588666048487808
2023-04-18,600013.SH,-0.005500236529139355
2023-04-19,600013.SH,-0.0006701522782086261
2023-04-20,600013.SH,0.0067346709470758395
2023-04-21,600013.SH,0.014794857913626051
2023-04-24,600013.SH,-0.0060787015177862416
2023-04-25,600013.SH,-0.004236571305441626
2023-04-26,600013.SH,-0.006109609988614274
2023-04-27,600013.SH,0.007104711479652668
2023-04-28,600013.SH,0.028204998100782204
2023-05-01,600013.SH,-0.005046003131312343
2023-05-02,600013.SH,-0.01724734952332796
2023-05-03,600013.SH,0.002086490882428216
2023-05-04,600013.SH,-0.021958790742526664
2023-05-05,600013.SH,0.00913246716527549
2023-05-08,600013.SH,0.018990952861958812
2023-05-09,600013.SH,-0.007453334601082939
2023-05-10,600013.SH,-0.02075620222497626
2023-05-11,600013.SH,-0.001775432014606339
2023-05-12,600013.SH,0.011420878473672234
2023-05-15,600013.SH,0.008070572367504915
2023-05-16,600013.SH,0.006249691490204899
2023-05-17,600013.SH,0.013919599946563973
2023-05-18,600013.SH,-0.024537618060254344
2023-05-19,600013.SH,0.010703135941666546
2022-01-03,600014.SH,-0.0006832165624274644
2022-01-04,600014.SH,-0.0010049297518752885
2022-01-05,600014.SH,-0.007230644701180386
2022-01-06,600014.SH,0.0075740847012204125
2022-01-07,600014.SH,-0.013245573803340557
2022-01-10,600014.SH,0.0011400743200856364
2022-01-11,600014.SH,-0.01482982300073937
2022-01-12,600014.SH,-0.002222415253399616
2022-01-13,600014.SH,-0.01098676217145574
2022-01-14,600014.SH,-0.0017693909785058892
2022-01-17,600014.SH,0.014807349163463891
2022-01-18,600014.SH,0.019094037908512464
2022-01-19,600014.SH,-0.0048220489625940164
2022-01-20,600014.SH,0.01829019451263217
2022-01-21,600014.SH,0.0173490906127869
2022-01-24,600014.SH,-0.023306809401620575
2022-01-25,600014.SH,0.009073455473644496
2022-01-26,600014.SH,0.0019140517311690688
2022-01-27,600014.SH,0.004440338546583806
2022-01-28,600014.SH,-0.012507143063141109
2022-01-31,600014.SH,0.007950658652734548
2022-02-01,600014.SH,-0.0174425246308091
2022-02-02,600014.SH,0.007996816364283219
2022-02-03,600014.SH,-0.0016374764345837075
2022-02-04,600014.SH,0.0037287579397351366
2022-02-07,600014.SH,-0.009083383999031162
2022-02-08,600014.SH,-0.0025873634038517607
2022-02-09,600014.SH,0.003912707302543736
2022-02-10,600014.SH,0.013365765668965399
2022-02-11,600014.SH,0.026321068030594533
2022-02-14,600014.SH,0.0020583688091759464
2022-02-15,600014.SH,-9.789995321114351e-05
2022-02-16,600014.SH,-0.014963292094915218
2022-02-17,600014.SH,0.0036779306060844043
2022-02-18,600014.SH,-0.004457610092488365
2022-02-21,600014.SH,0.002285296159943895
2022-02-22,600014.SH,-0.0068042882518789625
2022-02-23,600014.SH,-0.007483241202898263
2022-02-24,600014.SH,-0.0033638737569428416
2022-02-25,600014.SH,0.010041756238682744
2022-02-28,600014.SH,0.005888357907799706
2022-03-01,600014.SH,-0.008953676077964254
2022-03-02,600014.SH,0.0019537838447923382
2022-03-03,600014.SH,0.0013277039479034788
2022-03-04,600014.SH,0.012550834373272814
2022-03-07,600014.SH,-0.005327879020967263
2022-03-08,600014.SH,-0.009051317049924425
2022-03-09,600014.SH,0.0014485043633667054
2022-03-10,600014.SH,0.018390835387417807
2022-03-11,600014.SH,0.00215005392207164
2022-03-14,600014.SH,0.00031625719779130755
2022-03-15,600014.SH,-0.003653164369866008
2022-03-16,600014.SH,0.005920418107962891
2022-03-17,600014.SH,-0.012853395679706205
2022-03-18,600014.SH,-0.011016923810624763
2022-03-21,600014.SH,0.0005893191748934934
2022-03-22,600014.SH,-0.020761344908681367
2022-03-23,600014.SH,0.024705437143688565
2022-03-24,600014.SH,-0.00068471778337239
2022-03-25,600014.SH,0.016738537554842944
2022-03-28,600014.SH,-0.007881788053429897
2022-03-29,600014.SH,-0.0042903154144499
2022-03-30,600014.SH,-0.009329462580714184
2022-03-31,600014.SH,0.003289024238624619
2022-04-01,600014.SH,-0.004062550479183508
2022-04-04,600014.SH,0.011208330982363237
2022-04-05,600014.SH,0.005277997727493516
2022-04-06,600014.SH,0.01106927197066554
2022-04-07,600014.SH,0.010581483455585863
2022-04-08,600014.SH,0.007715318966898943
2022-04-11,600014.SH,-0.013176937959004795
2022-04-12,600014.SH,-0.013849069092109794
2022-04-13,600014.SH,-0.002618899379844876
2022-04-14,600014.SH,0.00011255722526102479
2022-04-15,600014.SH,0.003831263776841099
2022-04-18,600014.SH,-0.005088039060812064
2022-04-19,600014.SH,-0.012234297995455286
2022-04-20,600014.SH,0.007622410538796616
2022-04-21,600014.SH,0.013871623905799655
2022-04-22,600014.SH,-0.012331334007428713
2022-04-25,600014.SH,0.010360345005523498
2022-04-26,600014.SH,-0.010622764258885958
2022-04-27,600014.SH,-0.002739379010517475
2022-04-28,600014.SH,0.011115541005919837
2022-04-29,600014.SH,-0.0014918448244828318
2022-05-02,600014.SH,0.011854499726506582
2022-05-03,600014.SH,0.015332684862947876
2022-05-04,600014.SH,-0.006938840460676478
2022-05-05,600014.SH,-0.006012776478678185
2022-05-06,600014.SH,-0.003648973294046354
2022-05-09,600014.SH,0.00277807033771614
2022-05-10,600014.SH,-0.024333390018994323
2022-05-11,600014.SH,-0.005460668863321334
2022-05-12,600014.SH,-0.006083453006200311
2022-05-13,600014.SH,-0.005661077797686249
2022-05-16,600014.SH,-0.008052705989284299
2022-05-17,600014.SH,-0.016588563176528588
2022-05-18,600014.SH,-0.0020783661671828144
2022-05-19,600014.SH,0.010430824412025188
2022-05-20,600014.SH,-0.014929290340794594
2022-05-23,600014.SH,-0.007955542986139302
2022-05-24,600014.SH,-0.011859805488691302
2022-05-25,600014.SH,-0.013756711512184255
2022-05-26,600014.SH,-0.0015245710564990916
2022-05-27,600014.SH,-0.006727279674018798
2022-05-30,600014.SH,-0.011097327256539193
2022-05-31,600014.SH,-0.01273469630977574
2022-06-01,600014.SH,-0.01496557142303049
2022-06-02,600014.SH,0.00843360408497187
2022-06-03,600014.SH,-0.009561417439689713
2022-06-06,600014.SH,0.007499042632565083
2022-06-07,600014.SH,0.0020254961377108166
2022-06-08,600014.SH,-0.0201639296105883
2022-06-09,600014.SH,-0.017767999474036147
2022-06-10,600014.SH,-0.0034960306614738885
2022-06-13,600014.SH,-0.008268894801716673
2022-06-14,600014.SH,0.0026112218707359954
2022-06-15,600014.SH,0.014430230887897732
2022-06-16,600014.SH,0.02093519325741332
2022-06-17,600014.SH,-0.011790022818271139
2022-06-20,600014.SH,-0.0014039511880085832
2022-06-21,600014.SH,0.007837228756307893
2022-06-22,600014.SH,-0.006300701257741528
2022-06-23,600014.SH,0.019362159828277884
2022-06-24,600014.SH,0.005077123607863995
2022-06-27,600014.SH,-0.011244566426948373
2022-06-28,600014.SH,0.016258450376127914
2022-06-29,600014.SH,-0.007340486198437564
2022-06-30,600014.SH,-0.00739478855385626
2022-07-01,600014.SH,-0.007787138381077195
2022-07-04,600014.SH,-0.010309333214130764
2022-07-05,600014.SH,-0.0049121841424793755
2022-07-06,600014.SH,0.004646701229425975
2022-07-07,600014.SH,-0.00011329313730790765
2022-07-08,600014.SH,-0.008195031111732538
2022-07-11,600014.SH,-0.01967048879392358
2022-07-12,600014.SH,-0.006434719439218957
2022-07-13,600014.SH,-0.015394432053007043
2022-07-14,600014.SH,0.021621269718438363
2022-07-15,600014.SH,0.011188799490590973
2022-07-18,600014.SH,0.004640972565164494
2022-07-19,600014.SH,-0.004206422710859385
2022-07-20,600014.SH,-0.011032841856925272
2022-07-21,600014.SH,-0.009898477439609905
2022-07-22,600014.SH,-0.007155144943889518
2022-07-25,600014.SH,0.013379946126440008
2022-07-26,600014.SH,0.012246372407364696
2022-07-27,600014.SH,0.008746903848938427
2022-07-28,600014.SH,0.011902773234489544
2022-07-29,600014.SH,-0.008794675348891019
2022-08-01,600014.SH,0.005917137557601024
2022-08-02,600014.SH,-0.009865442310074902
2022-08-03,600014.SH,-0.0077921808049064125
2022-08-04,600014.SH,-0.010218897821107815
2022-08-05,600014.SH,-0.0021595915349458526
2022-08-08,600014.SH,0.01578491290940331
2022-08-09,600014.SH,0.003504977086721671
2022-08-10,600014.SH,0.012799143232786943
2022-08-11,600014.SH,-0.00978631463356221
2022-08-12,600014.SH,-0.022912394652438224
2022-08-15,600014.SH,0.008526916301138972
2022-08-16,600014.SH,0.019090733173947553
2022-08-17,600014.SH,0.021501964971505104
2022-08-18,600014.SH,-0.019811014381096195
2022-08-19,600014.SH,-0.0010240375385380087
2022-08-22,600014.SH,-0.0021322417341865206
2022-08-23,600014.SH,0.02086374021980681
2022-08-24,600014.SH,-0.009049298616571656
2022-08-25,600014.SH,-0.0024964313897537357
2022-08-26,600014.SH,0.0016332204353562182
2022-08-29,600014.SH,0.003407482949423624
2022-08-30,600014.SH,0.00013256666785285134
2022-08-31,600014.SH,-0.019278014755945486
2022-09-01,600014.SH,-0.0035928705156089624
2022-09-02,600014.SH,0.0010244590571554264
2022-09-05,600014.SH,0.0005547887243253491
2022-09-06,600014.SH,0.016685130964347792
2022-09-07,600014.SH,-0.0034649793856832015
2022-09-08,600014.SH,-0.009406834556138003
2022-09-09,600014.SH,0.01255086592229253
2022-09-12,600014.SH,0.014322972411799209
2022-09-13,600014.SH,0.006658746004929676
2022-09-14,600014.SH,0.011733733633276233
2022-09-15,600014.SH,-0.0016981136627066198
2022-09-16,600014.SH,-0.0020902111739013137
2022-09-19,600014.SH,0.013865381424314892
2022-09-20,600014.SH,-0.00417725687983717
2022-09-21,600014.SH,-0.001964386901039502
2022-09-22,600014.SH,-0.01281926580300516
2022-09-23,600014.SH,0.0032820953828780995
2022-09-26,600014.SH,0.014447042518142992
2022-09-27,600014.SH,0.00026723400180707433
2022-09-28,600014.SH,0.006281322059875402
2022-09-29,600014.SH,0.01562296336941186
2022-09-30,600014.SH,-0.004244901542749547
2022-10-03,600014.SH,-0.003954899311574363
2022-10-04,600014.SH,0.0032643891445930514
2022-10-05,600014.SH,-0.010319032133989364
2022-10-06,600014.SH,0.0028474085828331898
2022-10-07,600014.SH,-0.004638790847032507
2022-10-10,600014.SH,0.019598822594801623
2022-10-11,600014.SH,0.024681677838241923
2022-10-12,600014.SH,0.007053070578730047
2022-10-13,600014.SH,0.008936179739144718
2022-10-14,600014.SH,-0.01728096731805995
2022-10-17,600014.SH,-0.013000984528912294
2022-10-18,600014.SH,-0.008907564395562624
2022-10-19,600014.SH,-0.008736504149336459
2022-10-20,600014.SH,-0.0047306541909833836
2022-10-21,600014.SH,0.002022376144551764
2022-10-24,600014.SH,0.016540522317624956
2022-10-25,600014.SH,-0.017532682458845185
2022-10-26,600014.SH,-0.006585704131334773
2022-10-27,600014.SH,0.01063521133076296
2022-10-28,600014.SH,0.005088431137035799
2022-10-31,600014.SH,0.004114353181103621
2022-11-01,600014.SH,0.0032328118065090405
2022-11-02,600014.SH,0.009672045392792965
2022-11-03,600014.SH,-0.0009203042111853739
2022-11-04,600014.SH,-0.0008407099709794932
2022-11-07,600014.SH,0.05155905692595432
2022-11-08,600014.SH,0.0038375399417962973
2022-11-09,600014.SH,0.008038568371882196
2022-11-10,600014.SH,-0.025539871639768362
2022-11-11,600014.SH,-0.0041250816747653565
2022-11-14,600014.SH,0.014113976668277293
2022-11-15,600014.SH,0.02416294621383752
2022-11-16,600014.SH,-0.028876388958395005
2022-11-17,600014.SH,-8.57147813085931e-05
2022-11-18,600014.SH,0.01688257705389428
2022-11-21,600014.SH,-0.03166661187589396
2022-11-22,600014.SH,0.010468220644747232
2022-11-23,600014.SH,-0.02519471627753656
2022-11-24,600014.SH,0.01902681841764
2022-11-25,600014.SH,-0.005919156962071271
2022-11-28,600014.SH,-0.028732883672988537
2022-11-29,600014.SH,-0.012716933965511374
2022-11-30,600014.SH,0.010207070127161325
2022-12-01,600014.SH,-0.004860445256660774
2022-12-02,600014.SH,0.0016127609516675403
2022-12-05,600014.SH,-0.011131647348731323
2022-12-06,600014.SH,-0.019367997986230675
2022-12-07,600014.SH,-0.007143186907482409
2022-12-08,600014.SH,0.00576117723133503
2022-12-09,600014.SH,0.028329785438500975
2022-12-12,600014.SH,-0.030178138946205708
2022-12-13,600014.SH,-0.023923228699746456
2022-12-14,600014.SH,0.006235630808597108
2022-12-15,600014.SH,0.00731078284112182
2022-12-16,600014.SH,-0.008930633835042343
2022-12-19,600014.SH,0.0009881663975009843
2022-12-20,600014.SH,-0.0115700884248996
2022-12-21,600014.SH,0.02160086574800002
2022-12-22,600014.SH,-0.0018838171872257595
2022-12-23,600014.SH,-0.00744381401597391
2022-12-26,600014.SH,0.00449348074865411
2022-12-27,600014.SH,-0.016019883160797367
2022-12-28,600014.SH,-0.006331870132711536
2022-12-29,600014.SH,-0.0009967339748250714
2022-12-30,600014.SH,-0.009311690514677957
2023-01-02,600014.SH,0.0018833791684044173
2023-01-03,600014.SH,0.00031131751223408173
2023-01-04,600014.SH,-0.0007860778556466577
2023-01-05,600014.SH,-0.0015806683250089615
2023-01-06,600014.SH,0.013792628113463592
2023-01-09,600014.SH,0.007146745809462184
2023-01-10,600014.SH,0.004419383529664495
2023-01-11,600014.SH,0.0009523406405524434
2023-01-12,600014.SH,-0.006042346384172774
2023-01-13,600014.SH,0.005229471813907356
2023-01-16,600014.SH,-0.01132472371004483
2023-01-17,600014.SH,0.00639342310330837
2023-01-18,600014.SH,-0.0004957390722074607
2023-01-19,600014.SH,0.013705999706243328
2023-01-20,600014.SH,0.009305410898335333
2023-01-23,600014.SH,-0.0019944375037048625
2023-01-24,600014.SH,-0.022562469398448276
2023-01-25,600014.SH,-0.0050703408242504236
2023-01-26,600014.SH,0.011844611877494126
2023-01-27,600014.SH,0.010598696325662044
2023-01-30,600014.SH,-0.0014734217959350617
2023-01-31,600014.SH,0.004997148358973134
2023-02-01,600014.SH,0.0036221483739691147
2023-02-02,600014.SH,-0.005115733716232056
2023-02-03,600014.SH,-0.018820294673742473
2023-02-06,600014.SH,-0.021111422491896216
2023-02-07,600014.SH,0.017436016558783435
2023-02-08,600014.SH,0.01413040829453657
2023-02-09,600014.SH,0.00367008214241914
2023-02-10,600014.SH,-0.009788794222285485
2023-02-13,600014.SH,0.016096857789936112
2023-02-14,600014.SH,-0.0022966915183968107
2023-02-15,600014.SH,0.009081677471678734
2023-02-16,600014.SH,-0.006160676723089618
2023-02-17,600014.SH,0.0046943037287312485
2023-02-20,600014.SH,0.02342313075852551
2023-02-21,600014.SH,0.004855174520686992
2023-02-22,600014.SH,-0.006945624646357567
2023-02-23,600014.SH,-0.020171823094426618
2023-02-24,600014.SH,-0.01584599790219339
2023-02-27,600014.SH,0.011032843985251435
2023-02-28,600014.SH,-0.0008249578510552951
2023-03-01,600014.SH,0.0128989658361462
2023-03-02,600014.SH,-0.002425121719379093
2023-03-03,600014.SH,-0.010439939204794071
2023-03-06,600014.SH,-0.00615445790550422
2023-03-07,600014.SH,0.007452487673106719
2023-03-08,600014.SH,0.014707549322291513
2023-03-09,600014.SH,0.006328593632235248
2023-03-10,600014.SH,0.005888916310467493
2023-03-13,600014.SH,0.018091113252941677
2023-03-14,600014.SH,-0.027806354756005198
2023-03-15,600014.SH,0.017779933297993787
2023-03-16,600014.SH,0.02921516507935238
2023-03-17,600014.SH,-0.008459828458941998
2023-03-20,600014.SH,-0.004786262175291327
2023-03-21,600014.SH,0.0004532566256263745
2023-03-22,600014.SH,-0.010205218726967986
2023-03-23,600014.SH,0.018280413902348622
2023-03-24,600014.SH,-0.004701918841365915
2023-03-27,600014.SH,0.007781806464814483
2023-03-28,600014.SH,0.006447517151651526
2023-03-29,600014.SH,0.009537483838455978
2023-03-30,600014.SH,0.03780559679808522
2023-03-31,600014.SH,0.016078638597741824
2023-04-03,600014.SH,0.007799018514006202
2023-04-04,600014.SH,-0.02968100254095868
2023-04-05,600014.SH,-0.005970128656219845
2023-04-06,600014.SH,0.0020977192772395695
2023-04-07,600014.SH,-0.017500807242528924
2023-04-10,600014.SH,-0.009485744276805774
2023-04-11,600014.SH,0.005423425199057317
2023-04-12,600014.SH,0.008116001646119808
2023-04-13,600014.SH,-0.007685926644561936
2023-04-14,600014.SH,-0.0030989892832533495
2023-04-17,600014.SH,-0.028317360572458823
2023-04-18,600014.SH,-0.0008465809921507162
2023-04-19,600014.SH,0.0091088268612404
2023-04-20,600014.SH,-0.008574828702157436
2023-04-21,600014.SH,0.016215416264767708
2023-04-24,600014.SH,-0.010673360809863709
2023-04-25,600014.SH,0.013758093257715532
2023-04-26,600014.SH,0.0064115195041940425
2023-04-27,600014.SH,0.00984794937109473
2023-04-28,600014.SH,0.018136886440227047
2023-05-01,600014.SH,-0.007821182999425988
2023-05-02,600014.SH,-0.02291640509276803
2023-05-03,600014.SH,-0.010283343753868308
2023-05-04,600014.SH,-0.020012834197529257
2023-05-05,600014.SH,0.01050939066770254
2023-05-08,600014.SH,0.006828222134687061
2023-05-09,600014.SH,0.010019488419035733
2023-05-10,600014.SH,0.006603508822385957
2023-05-11,600014.SH,0.017995062505533194
2023-05-12,600014.SH,-0.00017607863502562202
2023-05-15,600014.SH,0.004248785261602059
2023-05-16,600014.SH,-0.006603108335628815
2023-05-17,600014.SH,0.0002802755307181404
2023-05-18,600014.SH,-0.0036888484274301063
2023-05-19,600014.SH,-0.03526735020663973
2022-01-03,600015.SH,0.026550177034432295
2022-01-04,600015.SH,-0.002655786075949214
2022-01-05,600015.SH,4.6576812317598165e-05
2022-01-06,600015.SH,0.02679821528343199
2022-01-07,600015.SH,-0.019082593214092634
2022-01-10,600015.SH,-0.009092242196617967
2022-01-11,600015.SH,-0.003848434878637989
2022-01-12,600015.SH,0.013989977635684735
2022-01-13,600015.SH,-0.0011842563230931142
2022-01-14,600015.SH,-0.005329510413193548
2022-01-17,600015.SH,0.01907300532915709
2022-01-18,600015.SH,0.012073730058042352
2022-01-19,600015.SH,-1.5235070850991034e-05
2022-01-20,600015.SH,0.02012183937931889
2022-01-21,600015.SH,0.029124907032295887
2022-01-24,600015.SH,-0.0037002352150716927
2022-01-25,600015.SH,0.004117607151385655
2022-01-26,600015.SH,-0.005964789970441176
2022-01-27,600015.SH,0.02013189741877336
2022-01-28,600015.SH,-0.006391384638219247
2022-01-31,600015.SH,-0.004262074505478695
2022-02-01,600015.SH,-0.020821865846497943
2022-02-02,600015.SH,-0.0020583479170074963
2022-02-03,600015.SH,-0.006414235883530121
2022-02-04,600015.SH,-0.003985992517909085
2022-02-07,600015.SH,0.01487376485379536
2022-02-08,600015.SH,0.009618401533679034
2022-02-09,600015.SH,-0.006197232586985312
2022-02-10,600015.SH,-0.003977943960873247
2022-02-11,600015.SH,0.017194054856369607
2022-02-14,600015.SH,0.028399284293255615
2022-02-15,600015.SH,-0.002969821028834894
2022-02-16,600015.SH,-0.008523206487960622
2022-02-17,600015.SH,0.004739146531063406
2022-02-18,600015.SH,-0.0050054358866429005
2022-02-21,600015.SH,0.012952082322342363
2022-02-22,600015.SH,0.021815010247694312
2022-02-23,600015.SH,-0.00466769499318565
2022-02-24,600015.SH,-0.014351944518145959
2022-02-25,600015.SH,0.009308429329312987
2022-02-28,600015.SH,0.0012459461794740627
2022-03-01,600015.SH,-0.009595924291092585
2022-03-02,600015.SH,0.0016862826104115129
2022-03-03,600015.SH,0.01303563459003098
2022-03-04,600015.SH,-0.002175580247599901
2022-03-07,600015.SH,-0.0020228479671306303
2022-03-08,600015.SH,-0.0026442236876327765
2022-03-09,600015.SH,0.0002894083855217921
2022-03-10,600015.SH,-0.0001923753246567501
2022-03-11,600015.SH,-0.009569694311121424
2022-03-14,600015.SH,0.021234643493515934
2022-03-15,600015.SH,0.009715233974203395
2022-03-16,600015.SH,-0.005933295478551809
2022-03-17,600015.SH,0.0062766259584658615
2022-03-18,600015.SH,0.00394738093325569
2022-03-21,600015.SH,-0.009242122313913883
2022-03-22,600015.SH,0.000524388219901202
2022-03-23,600015.SH,0.009269225647268564
2022-03-24,600015.SH,-0.0025420126777793454
2022-03-25,600015.SH,0.011163135696313489
2022-03-28,600015.SH,-0.017289560781568458
2022-03-29,600015.SH,-0.015972067469104193
2022-03-30,600015.SH,0.0027643950904951216
2022-03-31,600015.SH,0.0026470837728012364
2022-04-01,600015.SH,-0.013213909838744743
2022-04-04,600015.SH,0.011423395570486577
2022-04-05,600015.SH,0.006863620544440254
2022-04-06,600015.SH,0.02158475041077297
2022-04-07,600015.SH,0.0029518320168506204
2022-04-08,600015.SH,-0.006917553564543596
2022-04-11,600015.SH,-0.02129970089109579
2022-04-12,600015.SH,-0.0069798786471577745
2022-04-13,600015.SH,-0.00533243648242934
2022-04-14,600015.SH,-0.004135677395437378
2022-04-15,600015.SH,-0.0006098929314738793
2022-04-18,600015.SH,-0.014262773836351422
2022-04-19,600015.SH,0.005845746307640191
2022-04-20,600015.SH,-0.006438475068107954
2022-04-21,600015.SH,0.004658159637608901
2022-04-22,600015.SH,-0.016741706530739697
2022-04-25,600015.SH,-0.0021693340941564424
2022-04-26,600015.SH,-0.008091319063708483
2022-04-27,600015.SH,-0.003017339242128876
2022-04-28,600015.SH,0.0017434220032384855
2022-04-29,600015.SH,0.004824033670149885
2022-05-02,600015.SH,0.011222889273978217
2022-05-03,600015.SH,0.005866426709840658
2022-05-04,600015.SH,0.014560994049252882
2022-05-05,600015.SH,0.009543052086474246
2022-05-06,600015.SH,0.0032051774520495996
2022-05-09,600015.SH,0.015414199934332844
2022-05-10,600015.SH,0.009942208983541178
2022-05-11,600015.SH,0.0030992718833071226
2022-05-12,600015.SH,-0.01518402165761222
2022-05-13,600015.SH,-0.021913277002610712
2022-05-16,600015.SH,-0.014325440819689539
2022-05-17,600015.SH,-0.002785386691476226
2022-05-18,600015.SH,-0.008191438811517451
2022-05-19,600015.SH,0.014566880148293125
2022-05-20,600015.SH,0.005908533844562325
2022-05-23,600015.SH,0.008966404254456944
2022-05-24,600015.SH,0.02244923202709139
2022-05-25,600015.SH,-0.013220050815078589
2022-05-26,600015.SH,0.01072647954229445
2022-05-27,600015.SH,-0.01354423184963318
2022-05-30,600015.SH,-0.018134163776533024
2022-05-31,600015.SH,-0.010474887759843012
2022-06-01,600015.SH,0.010535105049068013
2022-06-02,600015.SH,0.0113298852008438
2022-06-03,600015.SH,0.0063595303305201325
2022-06-06,600015.SH,0.005247690601047975
2022-06-07,600015.SH,0.0263799123545873
2022-06-08,600015.SH,-0.0029779873904038434
2022-06-09,600015.SH,-0.011343659873570274
2022-06-10,600015.SH,-0.012216864817504006
2022-06-13,600015.SH,0.006869685730417259
2022-06-14,600015.SH,-0.0031598415985671577
2022-06-15,600015.SH,-0.006295659229899727
2022-06-16,600015.SH,0.025626536768193042
2022-06-17,600015.SH,0.009667381668175379
2022-06-20,600015.SH,0.00313253373113187
2022-06-21,600015.SH,-0.0021877062608992824
2022-06-22,600015.SH,0.0012502148187216052
2022-06-23,600015.SH,0.010274956624964979
2022-06-24,600015.SH,0.01450607177404061
2022-06-27,600015.SH,0.018390615158138373
2022-06-28,600015.SH,0.015387888681740564
2022-06-29,600015.SH,0.010238806418990777
2022-06-30,600015.SH,0.003853931918332632
2022-07-01,600015.SH,-0.009760601472388383
2022-07-04,600015.SH,0.005168635636043605
2022-07-05,600015.SH,0.006045913606637263
2022-07-06,600015.SH,0.02506409740792858
2022-07-07,600015.SH,0.010091131869200621
2022-07-08,600015.SH,-0.011509705819441272
2022-07-11,600015.SH,-0.010291565190219537
2022-07-12,600015.SH,0.008268805815215472
2022-07-13,600015.SH,0.023444757495865512
2022-07-14,600015.SH,0.02031153835567881
2022-07-15,600015.SH,0.027856218446746746
2022-07-18,600015.SH,0.003829254009378894
2022-07-19,600015.SH,-0.011195215586567038
2022-07-20,600015.SH,-0.01867771531228965
2022-07-21,600015.SH,0.003495951551205987
2022-07-22,600015.SH,0.010677471199915614
2022-07-25,600015.SH,-0.0057199958667455
2022-07-26,600015.SH,-0.004370653633364659
2022-07-27,600015.SH,-0.009780103695396168
2022-07-28,600015.SH,0.0156941525110327
2022-07-29,600015.SH,0.014923180326745583
2022-08-01,600015.SH,0.014975899763258051
2022-08-02,600015.SH,-0.006251584775649388
2022-08-03,600015.SH,-0.007653920724842501
2022-08-04,600015.SH,-0.005425966494287027
2022-08-05,600015.SH,0.004849926390398661
2022-08-08,600015.SH,0.01728309083363121
2022-08-09,600015.SH,0.0016248400442979603
2022-08-10,600015.SH,0.009239453010955755
2022-08-11,600015.SH,0.0005248580456232712
2022-08-12,600015.SH,-0.012421074479791839
2022-08-15,600015.SH,-0.010145902018639307
2022-08-16,600015.SH,0.01127181162042951
2022-08-17,600015.SH,0.044133225547945146
2022-08-18,600015.SH,-0.018614762919135528
2022-08-19,600015.SH,-0.0058867984138698285
2022-08-22,600015.SH,-0.01679494570277771
2022-08-23,600015.SH,0.006419699952608402
2022-08-24,600015.SH,0.012037412839219476
2022-08-25,600015.SH,0.0046594262392179965
2022-08-26,600015.SH,0.001394211158721211
2022-08-29,600015.SH,5.105390614386623e-05
2022-08-30,600015.SH,-0.00335228395442705
2022-08-31,600015.SH,-0.006081095560252429
2022-09-01,600015.SH,-0.010005791593895955
2022-09-02,600015.SH,-0.026065663983275478
2022-09-05,600015.SH,-0.010232398705449005
2022-09-06,600015.SH,0.0014170694385068888
2022-09-07,600015.SH,0.008921015145425249
2022-09-08,600015.SH,0.0015044428768451032
2022-09-09,600015.SH,0.008397221117559774
2022-09-12,600015.SH,-0.007948535964370044
2022-09-13,600015.SH,-0.013080606849605181
2022-09-14,600015.SH,0.0033447365558950566
2022-09-15,600015.SH,-0.018936386736181397
2022-09-16,600015.SH,0.015676345083690955
2022-09-19,600015.SH,-0.005947123499259962
2022-09-20,600015.SH,0.009899324417025034
2022-09-21,600015.SH,-0.018681598501333628
2022-09-22,600015.SH,-0.00045623644224949446
2022-09-23,600015.SH,0.045289032597014944
2022-09-26,600015.SH,-0.00894245053494488
2022-09-27,600015.SH,0.005517617772345679
2022-09-28,600015.SH,-0.021147125705025298
2022-09-29,600015.SH,0.01595924356011266
2022-09-30,600015.SH,-0.010924087091866843
2022-10-03,600015.SH,-0.005859992927028178
2022-10-04,600015.SH,-0.003970248405770014
2022-10-05,600015.SH,0.004648570112088287
2022-10-06,600015.SH,-0.01452455331346438
2022-10-07,600015.SH,0.011108829440791302
2022-10-10,600015.SH,-0.0013919066757103575
2022-10-11,600015.SH,-0.002767051883521162
2022-10-12,600015.SH,0.016674047488620947
2022-10-13,600015.SH,0.004478083818123332
2022-10-14,600015.SH,0.002674982896172084
2022-10-17,600015.SH,0.011823814077692478
2022-10-18,600015.SH,-0.01472729921020732
2022-10-19,600015.SH,-0.010600402492756514
2022-10-20,600015.SH,-0.005814839538794263
2022-10-21,600015.SH,0.012590044474257898
2022-10-24,600015.SH,0.011702397472519254
2022-10-25,600015.SH,-0.00884821553095192
2022-10-26,600015.SH,-0.0017537439302277376
2022-10-27,600015.SH,-0.004378925825215019
2022-10-28,600015.SH,0.010424536101887557
2022-10-31,600015.SH,0.008059116110411577
2022-11-01,600015.SH,0.0003549507830496613
2022-11-02,600015.SH,0.005054113203405082
2022-11-03,600015.SH,-0.006773696972360824
2022-11-04,600015.SH,-0.019588500853793274
2022-11-07,600015.SH,0.018705376381691216
2022-11-08,600015.SH,0.016924177086673004
2022-11-09,600015.SH,-0.0006534057380452776
2022-11-10,600015.SH,-0.0016309878923059483
2022-11-11,600015.SH,-0.02406364692598535
2022-11-14,600015.SH,0.007508939730770032
2022-11-15,600015.SH,0.018526265256580226
2022-11-16,600015.SH,0.010200356661348274
2022-11-17,600015.SH,-0.005016347230259243
2022-11-18,600015.SH,-0.007257319430513687
2022-11-21,600015.SH,-0.03294628521357958
2022-11-22,600015.SH,0.0044968233000114806
2022-11-23,600015.SH,0.004955015642204654
2022-11-24,600015.SH,0.006507404419627351
2022-11-25,600015.SH,-0.015494524422673243
2022-11-28,600015.SH,-0.019931746681613724
2022-11-29,600015.SH,-0.014939385167228663
2022-11-30,600015.SH,0.014833082237894328
2022-12-01,600015.SH,-0.006467650527466123
2022-12-02,600015.SH,-0.018063131479856852
2022-12-05,600015.SH,-0.00476371895495668
2022-12-06,600015.SH,-0.0012875300564877351
2022-12-07,600015.SH,-0.005421390870110747
2022-12-08,600015.SH,-0.00566903018901066
2022-12-09,600015.SH,-0.012824248444872854
2022-12-12,600015.SH,-0.004846958605907679
2022-12-13,600015.SH,-0.018809078722677956
2022-12-14,600015.SH,0.00047802081208352283
2022-12-15,600015.SH,0.021355803250187617
2022-12-16,600015.SH,-0.005262821940302619
2022-12-19,600015.SH,-0.01935333775717249
2022-12-20,600015.SH,0.00977820857809959
2022-12-21,600015.SH,0.021462969630560737
2022-12-22,600015.SH,-0.007425094664430923
2022-12-23,600015.SH,-0.010638459069807364
2022-12-26,600015.SH,-0.003575079433398968
2022-12-27,600015.SH,0.013737449911535225
2022-12-28,600015.SH,-0.018121475434799843
2022-12-29,600015.SH,0.009574120892063456
2022-12-30,600015.SH,-0.01265115805826422
2023-01-02,600015.SH,-0.0028637349482258934
2023-01-03,600015.SH,-0.019211976974204893
2023-01-04,600015.SH,0.0003901928157241817
2023-01-05,600015.SH,0.0016932374095616305
2023-01-06,600015.SH,-0.0095917926981587
2023-01-09,600015.SH,0.013088085215077084
2023-01-10,600015.SH,0.0021335571581379553
2023-01-11,600015.SH,-0.003623504871129441
2023-01-12,600015.SH,0.008971973645535983
2023-01-13,600015.SH,-0.02202189254505425
2023-01-16,600015.SH,-0.0023056567809056887
2023-01-17,600015.SH,0.018726305674119387
2023-01-18,600015.SH,0.0136211386036987
2023-01-19,600015.SH,0.020643413676829984
2023-01-20,600015.SH,0.00957003145849348
2023-01-23,600015.SH,-0.0032712531450243025
2023-01-24,600015.SH,-0.009133715616614562
2023-01-25,600015.SH,-0.003461219296688283
2023-01-26,600015.SH,0.0014567055701167585
2023-01-27,600015.SH,0.009676231981680918
2023-01-30,600015.SH,0.025172752407166127
2023-01-31,600015.SH,-0.014575520247067491
2023-02-01,600015.SH,-0.006024440180367607
2023-02-02,600015.SH,-0.009812084757449224
2023-02-03,600015.SH,-0.001117789958200068
2023-02-06,600015.SH,-0.004369660249204028
2023-02-07,600015.SH,0.010878046595492685
2023-02-08,600015.SH,-0.004916608104743546
2023-02-09,600015.SH,0.005968865988969877
2023-02-10,600015.SH,-0.0024108978790249418
2023-02-13,600015.SH,-0.009340859578894575
2023-02-14,600015.SH,-0.0027894846912040966
2023-02-15,600015.SH,-0.00019860777028710835
2023-02-16,600015.SH,-0.000639671941634265
2023-02-17,600015.SH,-0.0028586202516623447
2023-02-20,600015.SH,0.007857240257801535
2023-02-21,600015.SH,-0.003000739411211197
2023-02-22,600015.SH,-0.01349459487036855
2023-02-23,600015.SH,-0.016392579369008013
2023-02-24,600015.SH,0.013635889203504864
2023-02-27,600015.SH,0.008611483799330643
2023-02-28,600015.SH,-0.020976210966623256
2023-03-01,600015.SH,0.00846526655327694
2023-03-02,600015.SH,0.00236202422219429
2023-03-03,600015.SH,0.015937886921901054
2023-03-06,600015.SH,-0.004885683301906644
2023-03-07,600015.SH,0.003764277406465337
2023-03-08,600015.SH,0.017593109126794883
2023-03-09,600015.SH,-0.006868911883424646
2023-03-10,600015.SH,0.0042251721385841105
2023-03-13,600015.SH,-0.0014196677842349542
2023-03-14,600015.SH,-0.009808764125479846
2023-03-15,600015.SH,0.021906074958046376
2023-03-16,600015.SH,0.006412446186543944
2023-03-17,600015.SH,0.007418866045290967
2023-03-20,600015.SH,-0.02829973278230035
2023-03-21,600015.SH,0.021087135113059822
2023-03-22,600015.SH,-0.014522110627937772
2023-03-23,600015.SH,0.0284347990361484
2023-03-24,600015.SH,-0.023918843791432085
2023-03-27,600015.SH,-0.0018652088462240788
2023-03-28,600015.SH,-0.023553702285137576
2023-03-29,600015.SH,0.01299122650716553
2023-03-30,600015.SH,-0.005005616298262244
2023-03-31,600015.SH,0.003835167720190871
2023-04-03,600015.SH,-0.007878944642634816
2023-04-04,600015.SH,-0.004802771417847296
2023-04-05,600015.SH,0.006579011132489864
2023-04-06,600015.SH,0.008744281370029328
2023-04-07,600015.SH,-0.01100330494965993
2023-04-10,600015.SH,0.014278021176681777
2023-04-11,600015.SH,-0.007793081486837947
2023-04-12,600015.SH,-0.008941833655983151
2023-04-13,600015.SH,-0.013298192064334968
2023-04-14,600015.SH,0.004906756317964295
2023-04-17,600015.SH,0.00043773686913288826
2023-04-18,600015.SH,0.004541544689142351
2023-04-19,600015.SH,-0.005932046949766158
2023-04-20,600015.SH,0.019227175335083564
2023-04-21,600015.SH,0.004429240406717548
2023-04-24,600015.SH,-0.021576285027754948
2023-04-25,600015.SH,-0.004650181035947105
2023-04-26,600015.SH,-0.0050230893577548974
2023-04-27,600015.SH,0.02073426074494388
2023-04-28,600015.SH,0.016003785118149892
2023-05-01,600015.SH,-0.014759787739425895
2023-05-02,600015.SH,-0.007351295986898312
2023-05-03,600015.SH,0.02918703669672712
2023-05-04,600015.SH,0.00039734969283270784
2023-05-05,600015.SH,0.004596971236440144
2023-05-08,600015.SH,0.00021070235455902505
2023-05-09,600015.SH,0.004630226453038129
2023-05-10,600015.SH,-0.0031088295093483617
2023-05-11,600015.SH,-0.0005021504065846677
2023-05-12,600015.SH,0.012935937681529272
2023-05-15,600015.SH,0.01638390548149049
2023-05-16,600015.SH,-0.011261073948452067
2023-05-17,600015.SH,-0.009118721456666864
2023-05-18,600015.SH,-0.011738347670888123
2023-05-19,600015.SH,-0.005548185043001121
2022-01-03,600016.SH,0.02242239538549476
2022-01-04,600016.SH,0.0016972193502244222
2022-01-05,600016.SH,0.0154468330876343
2022-01-06,600016.SH,0.004880860795995706
2022-01-07,600016.SH,-0.018471415577098832
2022-01-10,600016.SH,-0.024934490192552533
2022-01-11,600016.SH,0.008840125505816455
2022-01-12,600016.SH,0.0023806053093391962
2022-01-13,600016.SH,0.012725564386748526
2022-01-14,600016.SH,-0.008932648554150314
2022-01-17,600016.SH,0.00561739233689866
2022-01-18,600016.SH,0.007922790769037943
2022-01-19,600016.SH,0.009447221335560682
2022-01-20,600016.SH,-0.005684226565230526
2022-01-21,600016.SH,0.011100636075400112
2022-01-24,600016.SH,-0.007079295324794212
2022-01-25,600016.SH,-0.0076363664068769726
2022-01-26,600016.SH,-0.028517118333172657
2022-01-27,600016.SH,0.005662865291674647
2022-01-28,600016.SH,0.014077722544850678
2022-01-31,600016.SH,0.015267947759051865
2022-02-01,600016.SH,-0.001893674248530567
2022-02-02,600016.SH,0.029400387347814715
2022-02-03,600016.SH,-0.001665646686117866
2022-02-04,600016.SH,0.006106412939122953
2022-02-07,600016.SH,-0.007329377292970109
2022-02-08,600016.SH,-0.0008875149084146966
2022-02-09,600016.SH,-0.0038515386538937367
2022-02-10,600016.SH,-0.017303428578475215
2022-02-11,600016.SH,0.016317490623532178
2022-02-14,600016.SH,0.01071685641558353
2022-02-15,600016.SH,-0.011265707928628889
2022-02-16,600016.SH,-0.015897658648699055
2022-02-17,600016.SH,-0.008553776191345851
2022-02-18,600016.SH,0.022562758486201394
2022-02-21,600016.SH,0.029969566849994307
2022-02-22,600016.SH,-0.017520248419259834
2022-02-23,600016.SH,-0.010265731775463048
2022-02-24,600016.SH,-0.016939427426466903
2022-02-25,600016.SH,0.015088119714712807
2022-02-28,600016.SH,0.008811968842566806
2022-03-01,600016.SH,-0.0020204591273567897
2022-03-02,600016.SH,-0.004598346852399364
2022-03-03,600016.SH,-0.0029168956295433273
2022-03-04,600016.SH,0.017075947416874793
2022-03-07,600016.SH,0.007219103923992488
2022-03-08,600016.SH,0.0136696644327499
2022-03-09,600016.SH,-0.024880410390131516
2022-03-10,600016.SH,0.004763421716287051
2022-03-11,600016.SH,0.021372742146501474
2022-03-14,600016.SH,0.015574245889886717
2022-03-15,600016.SH,-0.01342059005249471
2022-03-16,600016.SH,-0.014791504885681274
2022-03-17,600016.SH,-0.014572564390045624
2022-03-18,600016.SH,0.01334803436928634
2022-03-21,600016.SH,-0.0026682399631876505
2022-03-22,600016.SH,-0.00987909360712783
2022-03-23,600016.SH,0.012301109925283058
2022-03-24,600016.SH,-0.033000304216230784
2022-03-25,600016.SH,-0.00310338619783392
2022-03-28,600016.SH,-0.013098520914663342
2022-03-29,600016.SH,0.0057776734446470255
2022-03-30,600016.SH,-0.018111116685133363
2022-03-31,600016.SH,0.0008782255738499323
2022-04-01,600016.SH,0.015786670023531058
2022-04-04,600016.SH,-0.008167755362133319
2022-04-05,600016.SH,-0.0004979722301457698
2022-04-06,600016.SH,-0.003039069310256503
2022-04-07,600016.SH,0.024007610253623256
2022-04-08,600016.SH,-0.0038317965301692958
2022-04-11,600016.SH,-0.011921496570454077
2022-04-12,600016.SH,-0.0005167001803809603
2022-04-13,600016.SH,-0.020619104968506337
2022-04-14,600016.SH,0.0017684538869215264
2022-04-15,600016.SH,-0.003417844219840584
2022-04-18,600016.SH,0.004134764705491144
2022-04-19,600016.SH,0.005066043318936107
2022-04-20,600016.SH,0.006809932379435445
2022-04-21,600016.SH,-0.0024820999335480685
2022-04-22,600016.SH,-0.0011077802844897827
2022-04-25,600016.SH,0.018558618041464532
2022-04-26,600016.SH,-0.013609064516506264
2022-04-27,600016.SH,-0.0014527629685504482
2022-04-28,600016.SH,-0.004985509921372918
2022-04-29,600016.SH,-0.010196767323080086
2022-05-02,600016.SH,-0.01241079637620935
2022-05-03,600016.SH,0.010352409821500253
2022-05-04,600016.SH,-0.007643566059060333
2022-05-05,600016.SH,0.0141066929727826
2022-05-06,600016.SH,-0.002641516672235559
2022-05-09,600016.SH,-0.0009319656471753115
2022-05-10,600016.SH,0.011343348628579279
2022-05-11,600016.SH,0.006552459538426013
2022-05-12,600016.SH,0.0014489133023886363
2022-05-13,600016.SH,-0.00588716997360104
2022-05-16,600016.SH,-0.0144624275819487
2022-05-17,600016.SH,-0.010665273176024118
2022-05-18,600016.SH,-0.014594218545450045
2022-05-19,600016.SH,0.012238843306790089
2022-05-20,600016.SH,-0.01417796575455401
2022-05-23,600016.SH,0.011826263017063412
2022-05-24,600016.SH,0.007235484699090281
2022-05-25,600016.SH,-0.0026450261283280643
2022-05-26,600016.SH,0.013487404754280036
2022-05-27,600016.SH,-0.007230297228183196
2022-05-30,600016.SH,-0.004622583605794142
2022-05-31,600016.SH,-0.007900410917369365
2022-06-01,600016.SH,0.006225918928371339
2022-06-02,600016.SH,9.394287829210968e-05
2022-06-03,600016.SH,-0.015080933458271438
2022-06-06,600016.SH,0.0035782564217416123
2022-06-07,600016.SH,0.010547736773934786
2022-06-08,600016.SH,-0.005751653384288721
2022-06-09,600016.SH,0.006514528109829585
2022-06-10,600016.SH,-0.000988349715439995
2022-06-13,600016.SH,-0.006612778056563219
2022-06-14,600016.SH,0.00015108847466031427
2022-06-15,600016.SH,-0.012991597122392558
2022-06-16,600016.SH,0.002446962662980473
2022-06-17,600016.SH,-0.007221513917175127
2022-06-20,600016.SH,0.0031703185475263785
2022-06-21,600016.SH,0.001102944486030428
2022-06-22,600016.SH,-0.003086468424382944
2022-06-23,600016.SH,0.023138848057989447
2022-06-24,600016.SH,0.022192661296239237
2022-06-27,600016.SH,0.015408793082273678
2022-06-28,600016.SH,0.0031755231574049168
2022-06-29,600016.SH,-0.014462590636519366
2022-06-30,600016.SH,0.01301934844114921
2022-07-01,600016.SH,-0.005001210611243979
2022-07-04,600016.SH,-0.00579474907420693
2022-07-05,600016.SH,-0.0038300095671420977
2022-07-06,600016.SH,0.015154198248096358
2022-07-07,600016.SH,-0.0074922772860728315
2022-07-08,600016.SH,-0.00957205076982195
2022-07-11,600016.SH,0.0011409680425102531
2022-07-12,600016.SH,-0.009094760679996969
2022-07-13,600016.SH,0.006828467117416448
2022-07-14,600016.SH,0.00482995060302714
2022-07-15,600016.SH,0.013475094758790527
2022-07-18,600016.SH,-0.00231572530859507
2022-07-19,600016.SH,-0.003145109581460209
2022-07-20,600016.SH,-0.02027659653223182
2022-07-21,600016.SH,-0.004342489550933375
2022-07-22,600016.SH,-0.0059879831292330155
2022-07-25,600016.SH,-0.01479248536410178
2022-07-26,600016.SH,-0.000608742214139364
2022-07-27,600016.SH,0.010187540528252019
2022-07-28,600016.SH,0.007735801436421033
2022-07-29,600016.SH,-0.0007701013934393259
2022-08-01,600016.SH,0.0024653248358461875
2022-08-02,600016.SH,-0.028569924210921943
2022-08-03,600016.SH,-0.008029288991656183
2022-08-04,600016.SH,0.027128394764861986
2022-08-05,600016.SH,-0.0016570226176937678
2022-08-08,600016.SH,0.012952188971475757
2022-08-09,600016.SH,0.00847826617277992
2022-08-10,600016.SH,0.024315242770164086
2022-08-11,600016.SH,0.0057553136560281335
2022-08-12,600016.SH,-0.0310356189171717
2022-08-15,600016.SH,-0.0020869457212315057
2022-08-16,600016.SH,0.01991749293613072
2022-08-17,600016.SH,0.023252168327075967
2022-08-18,600016.SH,-0.018117112566512585
2022-08-19,600016.SH,0.009526209874076898
2022-08-22,600016.SH,-0.020030289938106884
2022-08-23,600016.SH,0.01978062099568255
2022-08-24,600016.SH,-0.00647921815143235
2022-08-25,600016.SH,-0.0005106668343444929
2022-08-26,600016.SH,-0.008903900229001949
2022-08-29,600016.SH,-0.010702782138915033
2022-08-30,600016.SH,0.018430084070461594
2022-08-31,600016.SH,-0.002605296193789267
2022-09-01,600016.SH,-0.015396870847395187
2022-09-02,600016.SH,-0.02167578030342418
2022-09-05,600016.SH,-0.01733631152221741
2022-09-06,600016.SH,0.00011992371605661252
2022-09-07,600016.SH,0.0023995253230312853
2022-09-08,600016.SH,0.008853231078347576
2022-09-09,600016.SH,-0.003316905807401668
2022-09-12,600016.SH,0.026153449940844745
2022-09-13,600016.SH,-0.005419944211371418
2022-09-14,600016.SH,-0.00566753507546869
2022-09-15,600016.SH,-0.0019454575228934085
2022-09-16,600016.SH,0.013337668853371468
2022-09-19,600016.SH,0.03326115407641361
2022-09-20,600016.SH,-0.016152294111586727
2022-09-21,600016.SH,-0.013257372940110985
2022-09-22,600016.SH,0.0017025248765350307
2022-09-23,600016.SH,-0.0012620317564060162
2022-09-26,600016.SH,0.01945616483597724
2022-09-27,600016.SH,0.010778568295814901
2022-09-28,600016.SH,-0.0022832104255195306
2022-09-29,600016.SH,0.017194185047338943
2022-09-30,600016.SH,0.008752658404928173
2022-10-03,600016.SH,0.012326449389364854
2022-10-04,600016.SH,0.004526942227167525
2022-10-05,600016.SH,-0.008480619475869047
2022-10-06,600016.SH,-0.009240776044497535
2022-10-07,600016.SH,0.008462098316091024
2022-10-10,600016.SH,-0.011017159187518215
2022-10-11,600016.SH,0.008734114510597711
2022-10-12,600016.SH,0.001751576964758624
2022-10-13,600016.SH,0.00012148521902731815
2022-10-14,600016.SH,-0.01360317415805694
2022-10-17,600016.SH,0.02525538596748664
2022-10-18,600016.SH,-0.007961828065808394
2022-10-19,600016.SH,-0.01410456075766292
2022-10-20,600016.SH,0.003128099308388521
2022-10-21,600016.SH,-0.0002771510841512773
2022-10-24,600016.SH,0.02172057805096187
2022-10-25,600016.SH,-0.008964265543719327
2022-10-26,600016.SH,-0.0022391801389549932
2022-10-27,600016.SH,-0.021710604347614182
2022-10-28,600016.SH,-0.01881873169301309
2022-10-31,600016.SH,-0.010334924301834195
2022-11-01,600016.SH,0.008098315158873805
2022-11-02,600016.SH,-0.0029233099391326456
2022-11-03,600016.SH,0.011319728225194626
2022-11-04,600016.SH,-0.005265075244806088
2022-11-07,600016.SH,0.023767260273939314
2022-11-08,600016.SH,-0.00649857642187361
2022-11-09,600016.SH,0.00763517435033175
2022-11-10,600016.SH,-0.016720082773291046
2022-11-11,600016.SH,-0.009129861787675815
2022-11-14,600016.SH,0.013709325847164729
2022-11-15,600016.SH,0.02368600390802159
2022-11-16,600016.SH,0.012665462607770638
2022-11-17,600016.SH,-0.0004116169571333952
2022-11-18,600016.SH,-0.0022097481612864227
2022-11-21,600016.SH,-0.007877404510179188
2022-11-22,600016.SH,-0.012894135135462441
2022-11-23,600016.SH,0.023228826117828946
2022-11-24,600016.SH,0.0038506292903436184
2022-11-25,600016.SH,0.009727492567550903
2022-11-28,600016.SH,-0.007121860013587137
2022-11-29,600016.SH,-0.009107341081359615
2022-11-30,600016.SH,0.006040907625902103
2022-12-01,600016.SH,0.002969202256623952
2022-12-02,600016.SH,-0.012641752490570039
2022-12-05,600016.SH,0.0037414677874479142
2022-12-06,600016.SH,0.017710298075093948
2022-12-07,600016.SH,-0.016648756923271623
2022-12-08,600016.SH,-0.011389301291706701
2022-12-09,600016.SH,0.011799510471424843
2022-12-12,600016.SH,-0.013763743172043246
2022-12-13,600016.SH,0.008339943361687788
2022-12-14,600016.SH,0.004652962965268471
2022-12-15,600016.SH,0.013819349135415533
2022-12-16,600016.SH,0.006736476333541037
2022-12-19,600016.SH,0.0032994926045793794
2022-12-20,600016.SH,0.02393614689794932
2022-12-21,600016.SH,0.009325194776986206
2022-12-22,600016.SH,-0.006632045255050206
2022-12-23,600016.SH,-0.008568992205254922
2022-12-26,600016.SH,0.007651712294970912
2022-12-27,600016.SH,-0.01426283837711009
2022-12-28,600016.SH,0.003840296996709287
2022-12-29,600016.SH,0.002164157118795052
2022-12-30,600016.SH,-0.011574713091619043
2023-01-02,600016.SH,-0.0058090331977939695
2023-01-03,600016.SH,-0.011078639793752636
2023-01-04,600016.SH,0.00913448823733766
2023-01-05,600016.SH,-0.016153517607586196
2023-01-06,600016.SH,0.008891267300853543
2023-01-09,600016.SH,0.0288462404906532
2023-01-10,600016.SH,0.016098649507790712
2023-01-11,600016.SH,-0.012237228159512904
2023-01-12,600016.SH,-0.00494213782281009
2023-01-13,600016.SH,0.004215182550284691
2023-01-16,600016.SH,-0.006475283488486281
2023-01-17,600016.SH,-0.011462103089437747
2023-01-18,600016.SH,0.003074866727426996
2023-01-19,600016.SH,0.016645177520281766
2023-01-20,600016.SH,0.03173009330583976
2023-01-23,600016.SH,0.0005544853942775394
2023-01-24,600016.SH,0.00557557617570777
2023-01-25,600016.SH,-0.0215701758071671
2023-01-26,600016.SH,-0.0007509493542541632
2023-01-27,600016.SH,0.009318613399272008
2023-01-30,600016.SH,0.014678455033206634
2023-01-31,600016.SH,-0.02353061515653746
2023-02-01,600016.SH,0.007660281917304564
2023-02-02,600016.SH,-0.010180429029575874
2023-02-03,600016.SH,-0.010695643738370618
2023-02-06,600016.SH,0.004597029396641668
2023-02-07,600016.SH,-0.0022398473565092914
2023-02-08,600016.SH,-0.0020706126725880793
2023-02-09,600016.SH,-0.013635323469388958
2023-02-10,600016.SH,-0.007311490280776944
2023-02-13,600016.SH,0.015565290136488304
2023-02-14,600016.SH,0.0019497490139910774
2023-02-15,600016.SH,0.0017488581174392743
2023-02-16,600016.SH,-0.023680987026630296
2023-02-17,600016.SH,-0.017869078327743097
2023-02-20,600016.SH,-0.008729497550422547
2023-02-21,600016.SH,0.01597134930796133
2023-02-22,600016.SH,-0.004400140894436369
2023-02-23,600016.SH,0.0048535275011834
2023-02-24,600016.SH,0.0016704854847523181
2023-02-27,600016.SH,0.01345901475139852
2023-02-28,600016.SH,-0.005861949653907867
2023-03-01,600016.SH,-0.019815251712608506
2023-03-02,600016.SH,-0.0005788085484474026
2023-03-03,600016.SH,-0.0009804596472402951
2023-03-06,600016.SH,0.006437200849519882
2023-03-07,600016.SH,0.006971144562789159
2023-03-08,600016.SH,-0.0009365600978763385
2023-03-09,600016.SH,0.01708262812217746
2023-03-10,600016.SH,0.011235347587469602
2023-03-13,600016.SH,0.00037476284886109844
2023-03-14,600016.SH,0.005483725940148633
2023-03-15,600016.SH,0.011923782652704155
2023-03-16,600016.SH,0.018896598410191628
2023-03-17,600016.SH,0.01003012569928857
2023-03-20,600016.SH,-0.0003159784194176089
2023-03-21,600016.SH,0.009538837355428036
2023-03-22,600016.SH,0.005349325594524905
2023-03-23,600016.SH,0.015752722419731816
2023-03-24,600016.SH,0.004768205743230612
2023-03-27,600016.SH,0.012345626868479176
2023-03-28,600016.SH,0.00015130618722574265
2023-03-29,600016.SH,0.021761697368618847
2023-03-30,600016.SH,0.005097990509028692
2023-03-31,600016.SH,0.01489763442462103
2023-04-03,600016.SH,0.02306196670207831
2023-04-04,600016.SH,0.003642919234326388
2023-04-05,600016.SH,-0.0006173834524188349
2023-04-06,600016.SH,-0.013911573313814693
2023-04-07,600016.SH,0.010485496263154787
2023-04-10,600016.SH,0.020094011045365914
2023-04-11,600016.SH,0.008256083029155198
2023-04-12,600016.SH,-0.008810170530529416
2023-04-13,600016.SH,-0.004792773144377253
2023-04-14,600016.SH,4.517214413306026e-05
2023-04-17,600016.SH,-0.01637586299077898
2023-04-18,600016.SH,-0.004078698933300298
2023-04-19,600016.SH,0.0051503162288060265
2023-04-20,600016.SH,0.005488545619651258
2023-04-21,600016.SH,0.013908348663890693
2023-04-24,600016.SH,-0.005441992145674909
2023-04-25,600016.SH,0.012133910768796205
2023-04-26,600016.SH,-0.002186215266279324
2023-04-27,600016.SH,0.010869337324865265
2023-04-28,600016.SH,0.01370929142781006
2023-05-01,600016.SH,-0.02886336600009746
2023-05-02,600016.SH,0.001998466383448613
2023-05-03,600016.SH,0.0061885669919163186
2023-05-04,600016.SH,0.013282724825061537
2023-05-05,600016.SH,0.02638030101721367
2023-05-08,600016.SH,0.010058354470950508
2023-05-09,600016.SH,0.009264376899629029
2023-05-10,600016.SH,-0.002930326741594175
2023-05-11,600016.SH,-0.0035267845166013917
2023-05-12,600016.SH,-0.008842099824086801
2023-05-15,600016.SH,-0.006862566929718305
2023-05-16,600016.SH,0.0013980369598852638
2023-05-17,600016.SH,-0.01889264686783603
2023-05-18,600016.SH,-0.012349980040642545
2023-05-19,600016.SH,-0.003656359773167083
2022-01-03,600017.SH,0.00028347110318087095
2022-01-04,600017.SH,-0.014937108831805414
2022-01-05,600017.SH,0.002588471422637654
2022-01-06,600017.SH,0.024763456012368328
2022-01-07,600017.SH,-0.008986828694324663
2022-01-10,600017.SH,-0.016020443823880043
2022-01-11,600017.SH,0.00033924534171864986
2022-01-12,600017.SH,-0.002813074095271327
2022-01-13,600017.SH,-0.007813963597435821
2022-01-14,600017.SH,-0.014515653598027187
2022-01-17,600017.SH,0.01714042400216976
2022-01-18,600017.SH,0.002024491708263426
2022-01-19,600017.SH,-0.010418718289818987
2022-01-20,600017.SH,0.008586526215049836
2022-01-21,600017.SH,0.004920172269307601
2022-01-24,600017.SH,-0.026601381945004263
2022-01-25,600017.SH,0.0025425426944880604
2022-01-26,600017.SH,0.001008738536850612
2022-01-27,600017.SH,0.011539896265676511
2022-01-28,600017.SH,0.021898543864059688
2022-01-31,600017.SH,0.011032195914759707
2022-02-01,600017.SH,0.009041903892277006
2022-02-02,600017.SH,0.03778119006853551
2022-02-03,600017.SH,0.0063453267611955615
2022-02-04,600017.SH,-0.0017959204979778472
2022-02-07,600017.SH,0.006920334530407484
2022-02-08,600017.SH,-0.001333890849523148
2022-02-09,600017.SH,0.00400041570986232
2022-02-10,600017.SH,-0.003175415538015229
2022-02-11,600017.SH,0.007426413599691878
2022-02-14,600017.SH,0.010614089926765491
2022-02-15,600017.SH,-0.0101206051296941
2022-02-16,600017.SH,3.6791098482744956e-05
2022-02-17,600017.SH,-0.007887296233788694
2022-02-18,600017.SH,-0.014347375976563504
2022-02-21,600017.SH,-0.005523790871353764
2022-02-22,600017.SH,-0.012384244575853635
2022-02-23,600017.SH,-0.01555097087683997
2022-02-24,600017.SH,-0.002451616430743535
2022-02-25,600017.SH,0.007394130773313967
2022-02-28,600017.SH,0.016598827086619528
2022-03-01,600017.SH,0.011873252375859272
2022-03-02,600017.SH,0.005394951903517024
2022-03-03,600017.SH,0.007941252499124987
2022-03-04,600017.SH,0.0030302795640407224
2022-03-07,600017.SH,0.012743026196708659
2022-03-08,600017.SH,0.016165558140986518
2022-03-09,600017.SH,0.005549718065737371
2022-03-10,600017.SH,0.018142027213176582
2022-03-11,600017.SH,-0.022917249869122833
2022-03-14,600017.SH,-0.0005916765518846254
2022-03-15,600017.SH,0.001992401150191013
2022-03-16,600017.SH,-0.00013041778402963014
2022-03-17,600017.SH,0.013156580238649284
2022-03-18,600017.SH,-0.01826477493644499
2022-03-21,600017.SH,0.009000648955546024
2022-03-22,600017.SH,-0.01391558987007616
2022-03-23,600017.SH,0.0005473780342669411
2022-03-24,600017.SH,-0.009269505948819593
2022-03-25,600017.SH,0.004564162115406001
2022-03-28,600017.SH,-0.029047130970095203
2022-03-29,600017.SH,0.0038196994950394705
2022-03-30,600017.SH,0.008096048768106066
2022-03-31,600017.SH,0.015230194612510933
2022-04-01,600017.SH,0.0013552593405641881
2022-04-04,600017.SH,0.005950950731874915
2022-04-05,600017.SH,-0.0030940722270139274
2022-04-06,600017.SH,0.013181140073368106
2022-04-07,600017.SH,-0.02147864077627495
2022-04-08,600017.SH,-0.011099878088943953
2022-04-11,600017.SH,-0.010150082158785398
2022-04-12,600017.SH,-0.019922000061182873
2022-04-13,600017.SH,-0.009938821860724065
2022-04-14,600017.SH,0.002716530588731019
2022-04-15,600017.SH,-0.005437455199360166
2022-04-18,600017.SH,0.006168572093568871
2022-04-19,600017.SH,0.0028634716068858595
2022-04-20,600017.SH,-0.0010943469216963058
2022-04-21,600017.SH,0.0004727758120513367
2022-04-22,600017.SH,-0.004132421484300629
2022-04-25,600017.SH,0.0035798384340033976
2022-04-26,600017.SH,-0.022698603181877428
2022-04-27,600017.SH,0.0017111084070922122
2022-04-28,600017.SH,-0.0075639154464545765
2022-04-29,600017.SH,0.0030486335833981946
2022-05-02,600017.SH,0.009806314602709401
2022-05-03,600017.SH,0.00794544532057476
2022-05-04,600017.SH,-0.010010084987327583
2022-05-05,600017.SH,0.00013210685937300624
2022-05-06,600017.SH,-0.00885233546633454
2022-05-09,600017.SH,-0.0017288312175109703
2022-05-10,600017.SH,0.011733170369010528
2022-05-11,600017.SH,0.011488519282871722
2022-05-12,600017.SH,-0.01211907863529579
2022-05-13,600017.SH,-0.018081452154837075
2022-05-16,600017.SH,-0.012338856499624191
2022-05-17,600017.SH,-0.004725540480737406
2022-05-18,600017.SH,-0.025576077256176777
2022-05-19,600017.SH,-0.012831807001496892
2022-05-20,600017.SH,-0.002347571004156462
2022-05-23,600017.SH,-0.022515686121494363
2022-05-24,600017.SH,0.005925852320899821
2022-05-25,600017.SH,-0.0012291936829030002
2022-05-26,600017.SH,0.010056784247067865
2022-05-27,600017.SH,-0.008886122395517337
2022-05-30,600017.SH,-0.005301067653416347
2022-05-31,600017.SH,0.0008455321578801451
2022-06-01,600017.SH,0.00013979465645307543
2022-06-02,600017.SH,0.00025229888014456463
2022-06-03,600017.SH,-0.013441334418716406
2022-06-06,600017.SH,0.007307079374928787
2022-06-07,600017.SH,0.019084257233172038
2022-06-08,600017.SH,0.0031100370373414368
2022-06-09,600017.SH,0.0005771057244318006
2022-06-10,600017.SH,-0.005529037901285344
2022-06-13,600017.SH,-0.009477770735060446
2022-06-14,600017.SH,-0.0004923902372922695
2022-06-15,600017.SH,-0.001260909302194097
2022-06-16,600017.SH,0.0027339815525384194
2022-06-17,600017.SH,0.010744491245783989
2022-06-20,600017.SH,0.0006455364366130013
2022-06-21,600017.SH,-0.001622573533364543
2022-06-22,600017.SH,0.008177079961912657
2022-06-23,600017.SH,0.013102492231961872
2022-06-24,600017.SH,0.013879169776630375
2022-06-27,600017.SH,-0.010588102762060226
2022-06-28,600017.SH,0.010249812397782146
2022-06-29,600017.SH,-0.01009048971364076
2022-06-30,600017.SH,0.0011184087341185311
2022-07-01,600017.SH,-0.013696983543065533
2022-07-04,600017.SH,-0.028117785666070108
2022-07-05,600017.SH,-0.021830486357279674
2022-07-06,600017.SH,0.004470727717406161
2022-07-07,600017.SH,-0.001138939321756871
2022-07-08,600017.SH,0.005071030870228579
2022-07-11,600017.SH,-0.002297168243079342
2022-07-12,600017.SH,0.0033234135719164555
2022-07-13,600017.SH,0.006381099775340673
2022-07-14,600017.SH,0.027015680955231224
2022-07-15,600017.SH,0.017409795206484256
2022-07-18,600017.SH,0.0019124375888019828
2022-07-19,600017.SH,-0.01880888616163793
2022-07-20,600017.SH,-0.002867309758897433
2022-07-21,600017.SH,0.006066681068766823
2022-07-22,600017.SH,-0.013578761722522068
2022-07-25,600017.SH,-0.004467408184620563
2022-07-26,600017.SH,0.0001997332395843373
2022-07-27,600017.SH,-0.0036335162185538363
2022-07-28,600017.SH,0.00318313562917514
2022-07-29,600017.SH,-0.005286348320280558
2022-08-01,600017.SH,0.0021205402961016417
2022-08-02,600017.SH,-0.011865772814713344
2022-08-03,600017.SH,-0.01793504090526232
2022-08-04,600017.SH,-0.017251080823140703
2022-08-05,600017.SH,0.0003461453587251324
2022-08-08,600017.SH,0.012331204920719983
2022-08-09,600017.SH,-0.00217428731463656
2022-08-10,600017.SH,0.009849622863071646
2022-08-11,600017.SH,0.003485657839045763
2022-08-12,600017.SH,-0.002463895411931512
2022-08-15,600017.SH,-0.0021936490888613477
2022-08-16,600017.SH,-0.008208511302643239
2022-08-17,600017.SH,0.011357774500068897
2022-08-18,600017.SH,-0.017010249847019463
2022-08-19,600017.SH,0.0007763485565099393
2022-08-22,600017.SH,-0.007026916473330516
2022-08-23,600017.SH,-0.00041027711353087363
2022-08-24,600017.SH,0.0040401791200213345
2022-08-25,600017.SH,-0.010907669960383367
2022-08-26,600017.SH,-0.016936019099153692
2022-08-29,600017.SH,0.0029557596452128273
2022-08-30,600017.SH,-0.001175568341801801
2022-08-31,600017.SH,-0.012010204374965153
2022-09-01,600017.SH,-0.02074331752311237
2022-09-02,600017.SH,-0.005993140847252949
2022-09-05,600017.SH,0.01512978045645663
2022-09-06,600017.SH,0.008601991441222034
2022-09-07,600017.SH,-0.0008757008380383114
2022-09-08,600017.SH,0.009767211790011663
2022-09-09,600017.SH,-0.01581784792676278
2022-09-12,600017.SH,0.030116700362781267
2022-09-13,600017.SH,0.026196063034174547
2022-09-14,600017.SH,-0.03035079314087073
2022-09-15,600017.SH,0.00787527739131154
2022-09-16,600017.SH,-0.0037594188110027277
2022-09-19,600017.SH,0.009638330226920597
2022-09-20,600017.SH,-0.0027179751983839855
2022-09-21,600017.SH,-0.001678161268970418
2022-09-22,600017.SH,-0.012070972663645228
2022-09-23,600017.SH,0.004098351315850431
2022-09-26,600017.SH,0.012067474153315135
2022-09-27,600017.SH,0.0037116886633632926
2022-09-28,600017.SH,-0.01490271184674072
2022-09-29,600017.SH,-0.0047707825517621875
2022-09-30,600017.SH,0.011071062552005297
2022-10-03,600017.SH,-0.013582082948730975
2022-10-04,600017.SH,0.0037730844883171275
2022-10-05,600017.SH,-0.007134795041132443
2022-10-06,600017.SH,0.00543990210706085
2022-10-07,600017.SH,0.016420356042714336
2022-10-10,600017.SH,0.008499934807684312
2022-10-11,600017.SH,-0.0039237965848901765
2022-10-12,600017.SH,-0.013116555014871334
2022-10-13,600017.SH,0.0011618625929456982
2022-10-14,600017.SH,-0.019083708803580846
2022-10-17,600017.SH,-0.01760925991090695
2022-10-18,600017.SH,0.0014475670394014373
2022-10-19,600017.SH,-0.020613710062203812
2022-10-20,600017.SH,0.00790779668582755
2022-10-21,600017.SH,0.01553333844645071
2022-10-24,600017.SH,0.004844685012526331
2022-10-25,600017.SH,-0.006221415337734664
2022-10-26,600017.SH,-0.012074420280086677
2022-10-27,600017.SH,0.002363407798122516
2022-10-28,600017.SH,-0.007603308989239387
2022-10-31,600017.SH,-0.0028502906134467015
2022-11-01,600017.SH,0.0014115736135015661
2022-11-02,600017.SH,0.00604170477548832
2022-11-03,600017.SH,-0.004487639464036747
2022-11-04,600017.SH,0.003929258134797965
2022-11-07,600017.SH,0.018356053538598677
2022-11-08,600017.SH,0.019290204327908535
2022-11-09,600017.SH,-0.011838009460623848
2022-11-10,600017.SH,0.007479198153919021
2022-11-11,600017.SH,-0.009441187966043943
2022-11-14,600017.SH,0.0018156943157450845
2022-11-15,600017.SH,0.015237831165491166
2022-11-16,600017.SH,0.011577470174874815
2022-11-17,600017.SH,0.001187625559084927
2022-11-18,600017.SH,0.012699201079894699
2022-11-21,600017.SH,0.00019771103486039554
2022-11-22,600017.SH,-0.008774219435126369
2022-11-23,600017.SH,0.004367392252768257
2022-11-24,600017.SH,0.0018260502304222482
2022-11-25,600017.SH,-0.01574817382769582
2022-11-28,600017.SH,-0.01669618057782906
2022-11-29,600017.SH,-0.02155404530775053
2022-11-30,600017.SH,0.0011947289457901586
2022-12-01,600017.SH,-0.027617466892391553
2022-12-02,600017.SH,-0.004699052444736247
2022-12-05,600017.SH,0.008145365020154541
2022-12-06,600017.SH,0.010465010256720796
2022-12-07,600017.SH,-0.01991366789611971
2022-12-08,600017.SH,-0.025705091055955788
2022-12-09,600017.SH,0.021632279960874648
2022-12-12,600017.SH,-0.03347366315226725
2022-12-13,600017.SH,0.0023272565311896563
2022-12-14,600017.SH,0.012559433647738108
2022-12-15,600017.SH,0.04155354055969726
2022-12-16,600017.SH,-0.026642187886367394
2022-12-19,600017.SH,0.006235470597774089
2022-12-20,600017.SH,0.0017273560393820915
2022-12-21,600017.SH,0.010519075840523934
2022-12-22,600017.SH,-0.021593291279547344
2022-12-23,600017.SH,0.003995256299580287
2022-12-26,600017.SH,0.01298007445626253
2022-12-27,600017.SH,0.021329406615391847
2022-12-28,600017.SH,0.007071254058765128
2022-12-29,600017.SH,-0.00700953700568568
2022-12-30,600017.SH,-0.021037792303135003
2023-01-02,600017.SH,-0.015590304287021186
2023-01-03,600017.SH,0.012601143536323061
2023-01-04,600017.SH,-0.005924383725768612
2023-01-05,600017.SH,0.010359680939160943
2023-01-06,600017.SH,0.009023028588981779
2023-01-09,600017.SH,0.011400755358498233
2023-01-10,600017.SH,-0.0018252485042552545
2023-01-11,600017.SH,0.009420780397216137
2023-01-12,600017.SH,0.0002705351522549177
2023-01-13,600017.SH,-0.0036914577699567906
2023-01-16,600017.SH,0.001187583598139223
2023-01-17,600017.SH,0.0010922330011751587
2023-01-18,600017.SH,-0.008761640574696184
2023-01-19,600017.SH,0.02274361422605127
2023-01-20,600017.SH,0.011946982663516287
2023-01-23,600017.SH,0.007975872538030051
2023-01-24,600017.SH,-0.010643056261100004
2023-01-25,600017.SH,-0.020990504822676906
2023-01-26,600017.SH,0.026879883249853673
2023-01-27,600017.SH,0.01756810790881285
2023-01-30,600017.SH,0.012678996839752498
2023-01-31,600017.SH,-0.017834794749536274
2023-02-01,600017.SH,0.004416328120854721
2023-02-02,600017.SH,0.01745863716467955
2023-02-03,600017.SH,-0.012421745850989955
2023-02-06,600017.SH,-0.010097758823072567
2023-02-07,600017.SH,0.020832084391216688
2023-02-08,600017.SH,-5.7042429288774e-05
2023-02-09,600017.SH,0.015346883798710015
2023-02-10,600017.SH,-0.014811825251427707
2023-02-13,600017.SH,0.0031660298021899355
2023-02-14,600017.SH,0.0219313260889859
2023-02-15,600017.SH,0.012069443230533876
2023-02-16,600017.SH,-0.023173312450128342
2023-02-17,600017.SH,-0.01357232129206167
2023-02-20,600017.SH,0.012235529915332048
2023-02-21,600017.SH,-0.005333328908910079
2023-02-22,600017.SH,-0.003923402244470204
2023-02-23,600017.SH,-0.026398797057754775
2023-02-24,600017.SH,0.018192909870687203
2023-02-27,600017.SH,0.025367654820570306
2023-02-28,600017.SH,-0.01258673873146041
2023-03-01,600017.SH,-0.004630865246283774
2023-03-02,600017.SH,0.01273086870744317
2023-03-03,600017.SH,-0.0041499120371022505
2023-03-06,600017.SH,-0.01947523649380678
2023-03-07,600017.SH,-0.02029682950357245
2023-03-08,600017.SH,0.003940705438653919
2023-03-09,600017.SH,-0.00988513928939774
2023-03-10,600017.SH,0.007630284478051308
2023-03-13,600017.SH,0.016863382448798703
2023-03-14,600017.SH,-0.00024130820831572315
2023-03-15,600017.SH,0.017508410030479447
2023-03-16,600017.SH,-0.003721401325415929
2023-03-17,600017.SH,0.0072755960780187855
2023-03-20,600017.SH,0.016836440592582547
2023-03-21,600017.SH,-0.0029524942533953264
2023-03-22,600017.SH,-0.0017350962102056274
2023-03-23,600017.SH,-0.007738600797925559
2023-03-24,600017.SH,0.0057746322392497815
2023-03-27,600017.SH,0.0014867364498926377
2023-03-28,600017.SH,0.008980128039023734
2023-03-29,600017.SH,0.008138173790149503
2023-03-30,600017.SH,0.012122745560058143
2023-03-31,600017.SH,0.021275293533284417
2023-04-03,600017.SH,0.001321794133981988
2023-04-04,600017.SH,-0.0016572576876074056
2023-04-05,600017.SH,-0.008125474023116603
2023-04-06,600017.SH,-0.0015967153404830977
2023-04-07,600017.SH,-0.008048291680595508
2023-04-10,600017.SH,0.015585406952534374
2023-04-11,600017.SH,0.00048034046363895893
2023-04-12,600017.SH,-0.005091683681564015
2023-04-13,600017.SH,-0.018856675948440864
2023-04-14,600017.SH,0.002737826589898028
2023-04-17,600017.SH,-0.009290602845453163
2023-04-18,600017.SH,-0.010770657759897375
2023-04-19,600017.SH,0.0019457961085069895
2023-04-20,600017.SH,0.010582541050532667
2023-04-21,600017.SH,-0.001293478754855605
2023-04-24,600017.SH,-0.01961790182608149
2023-04-25,600017.SH,-0.007620585576707132
2023-04-26,600017.SH,0.024033598975470697
2023-04-27,600017.SH,0.013902308885063394
2023-04-28,600017.SH,0.01566061850952517
2023-05-01,600017.SH,-0.004784776939670993
2023-05-02,600017.SH,-0.024521352168366622
2023-05-03,600017.SH,-0.020849546795993226
2023-05-04,600017.SH,-0.0166456658131306
2023-05-05,600017.SH,-0.001978049051593019
2023-05-08,600017.SH,0.0005807976571219745
2023-05-09,600017.SH,0.008829238292696221
2023-05-10,600017.SH,0.004636595691231756
2023-05-11,600017.SH,-0.004872530323022451
2023-05-12,600017.SH,0.012544079309513022
2023-05-15,600017.SH,0.002006921092619672
2023-05-16,600017.SH,0.005350300240920414
2023-05-17,600017.SH,-0.0030349735932821914
2023-05-18,600017.SH,0.006924589280706147
2023-05-19,600017.SH,-0.0022153159262200857
2022-01-03,600018.SH,0.02017955887307314
2022-01-04,600018.SH,-0.016223759386746202
2022-01-05,600018.SH,0.013431882966007194
2022-01-06,600018.SH,0.006927832925524425
2022-01-07,600018.SH,-0.01888570567589833
2022-01-10,600018.SH,-0.004094282650223079
2022-01-11,600018.SH,-0.001969011566557612
2022-01-12,600018.SH,-0.02914959411032194
2022-01-13,600018.SH,-0.03076309049177739
2022-01-14,600018.SH,0.005899870182251851
2022-01-17,600018.SH,0.019337768377699585
2022-01-18,600018.SH,0.025095744945991053
2022-01-19,600018.SH,0.0003529630976679541
2022-01-20,600018.SH,-0.00390841836423465
2022-01-21,600018.SH,-0.00045576368849364933
2022-01-24,600018.SH,-0.006760094549452778
2022-01-25,600018.SH,-0.007120375970191102
2022-01-26,600018.SH,0.008814686423106677
2022-01-27,600018.SH,0.029422631206895547
2022-01-28,600018.SH,0.004383399719411753
2022-01-31,600018.SH,-0.0015875363753440435
2022-02-01,600018.SH,-0.018397106139975854
2022-02-02,600018.SH,0.025244669670952756
2022-02-03,600018.SH,-0.00047316774805995234
2022-02-04,600018.SH,-0.0063182665614109805
2022-02-07,600018.SH,0.0019946724828395403
2022-02-08,600018.SH,-0.0015986418054650658
2022-02-09,600018.SH,0.0043923042461308116
2022-02-10,600018.SH,-0.011122807615688693
2022-02-11,600018.SH,0.014317439916587404
2022-02-14,600018.SH,0.01608907039560696
2022-02-15,600018.SH,0.008336688475263195
2022-02-16,600018.SH,-0.006109303610988493
2022-02-17,600018.SH,-0.007872178913822806
2022-02-18,600018.SH,-0.00719533890231561
2022-02-21,600018.SH,0.016629348071948564
2022-02-22,600018.SH,-0.009669979201469916
2022-02-23,600018.SH,-0.01158547554769251
2022-02-24,600018.SH,-0.006585377864704548
2022-02-25,600018.SH,0.006416984139491174
2022-02-28,600018.SH,-0.011114936032550054
2022-03-01,600018.SH,0.002037175491561395
2022-03-02,600018.SH,0.00262822452812758
2022-03-03,600018.SH,-0.0019260897607052678
2022-03-04,600018.SH,-0.0013138310690073902
2022-03-07,600018.SH,0.0033735692822593694
2022-03-08,600018.SH,0.005711825898115528
2022-03-09,600018.SH,-0.008516390633678587
2022-03-10,600018.SH,0.005067847267906113
2022-03-11,600018.SH,0.010481364255970094
2022-03-14,600018.SH,-0.008198804283151031
2022-03-15,600018.SH,0.001305486911850143
2022-03-16,600018.SH,-0.025473559798196106
2022-03-17,600018.SH,0.0068564497740450404
2022-03-18,600018.SH,-0.004686563302721152
2022-03-21,600018.SH,-0.013613019122005368
2022-03-22,600018.SH,-0.0012784820083816962
2022-03-23,600018.SH,-7.647165907936036e-05
2022-03-24,600018.SH,-0.01726160424015001
2022-03-25,600018.SH,-0.00685510846178596
2022-03-28,600018.SH,-0.02413075054850044
2022-03-29,600018.SH,0.010894295600111865
2022-03-30,600018.SH,-0.006029158791985914
2022-03-31,600018.SH,0.009352029877389013
2022-04-01,600018.SH,-0.0026732015612163764
2022-04-04,600018.SH,0.013942115339231594
2022-04-05,600018.SH,-0.013050620587300657
2022-04-06,600018.SH,-0.003306535063698973
2022-04-07,600018.SH,0.00739232014874672
2022-04-08,600018.SH,0.021747618765212997
2022-04-11,600018.SH,-0.003901237706901724
2022-04-12,600018.SH,-0.01499533785532058
2022-04-13,600018.SH,-0.000505128651507751
2022-04-14,600018.SH,0.02535903065728219
2022-04-15,600018.SH,-0.015156955016278428
2022-04-18,600018.SH,-0.0029009375931451217
2022-04-19,600018.SH,-0.005786996761825211
2022-04-20,600018.SH,-0.0029025647428057967
2022-04-21,600018.SH,0.0016771561684399464
2022-04-22,600018.SH,-0.015517094973694337
2022-04-25,600018.SH,0.017693762435959416
2022-04-26,600018.SH,-0.019521493513299404
2022-04-27,600018.SH,-0.004906558868745565
2022-04-28,600018.SH,0.007404402765620345
2022-04-29,600018.SH,-0.009868565736170844
2022-05-02,600018.SH,-0.005898161822743037
2022-05-03,600018.SH,-0.017241975285361366
2022-05-04,600018.SH,-0.0022000390104563216
2022-05-05,600018.SH,-0.0037243223872573928
2022-05-06,600018.SH,0.005624560325269333
2022-05-09,600018.SH,-0.008691430605459505
2022-05-10,600018.SH,0.00734247349280083
2022-05-11,600018.SH,-0.0022308912647085836
2022-05-12,600018.SH,0.0012606182562735777
2022-05-13,600018.SH,0.0009120923107359298
2022-05-16,600018.SH,-0.01595485476310336
2022-05-17,600018.SH,-0.017839763846167457
2022-05-18,600018.SH,-0.013455610904280586
2022-05-19,600018.SH,0.0012729281185549135
2022-05-20,600018.SH,-0.008153481390793773
2022-05-23,600018.SH,-0.01133227779833285
2022-05-24,600018.SH,-0.009837026148042065
2022-05-25,600018.SH,-0.00845940177728179
2022-05-26,600018.SH,0.00949838121060559
2022-05-27,600018.SH,-0.006106358377544094
2022-05-30,600018.SH,0.010352044235317229
2022-05-31,600018.SH,0.011954689000353236
2022-06-01,600018.SH,0.0048810731073801825
2022-06-02,600018.SH,0.020547671523741425
2022-06-03,600018.SH,-0.006150820462907589
2022-06-06,600018.SH,0.020574381707640695
2022-06-07,600018.SH,0.0204104211615709
2022-06-08,600018.SH,0.004758452062214912
2022-06-09,600018.SH,-0.004504661370861784
2022-06-10,600018.SH,-0.001475285657662718
2022-06-13,600018.SH,-0.004649314482149518
2022-06-14,600018.SH,-0.0015169636226649893
2022-06-15,600018.SH,0.006387333273138101
2022-06-16,600018.SH,0.005610750756973838
2022-06-17,600018.SH,-0.0038259071175832937
2022-06-20,600018.SH,-0.03173967879275792
2022-06-21,600018.SH,0.018665104027375624
2022-06-22,600018.SH,-0.0004447723540890625
2022-06-23,600018.SH,0.015429304975289262
2022-06-24,600018.SH,0.021258756914430653
2022-06-27,600018.SH,0.005857902847607873
2022-06-28,600018.SH,0.026149860150690808
2022-06-29,600018.SH,-0.021927482556096476
2022-06-30,600018.SH,0.01885575363397904
2022-07-01,600018.SH,0.0034584944536434573
2022-07-04,600018.SH,-0.0010264535003797343
2022-07-05,600018.SH,0.0032373041458039833
2022-07-06,600018.SH,-0.006605141285378487
2022-07-07,600018.SH,-0.004663930364485125
2022-07-08,600018.SH,0.0026760536080025297
2022-07-11,600018.SH,-0.02679523445860998
2022-07-12,600018.SH,0.008112688529189612
2022-07-13,600018.SH,0.012026774141606588
2022-07-14,600018.SH,0.035666105301755915
2022-07-15,600018.SH,0.007481345530836271
2022-07-18,600018.SH,0.019411586036524302
2022-07-19,600018.SH,-0.01351101239174394
2022-07-20,600018.SH,-0.02152646484496902
2022-07-21,600018.SH,-0.010078352170847245
2022-07-22,600018.SH,-0.01738204913715186
2022-07-25,600018.SH,0.0007123653931017412
2022-07-26,600018.SH,-0.016020093540292022
2022-07-27,600018.SH,0.006276516245198072
2022-07-28,600018.SH,0.0018981813766036134
2022-07-29,600018.SH,-0.01087394951892372
2022-08-01,600018.SH,-0.006547170159908452
2022-08-02,600018.SH,-0.004918158105043435
2022-08-03,600018.SH,-0.01617099617694505
2022-08-04,600018.SH,-0.003548362089258663
2022-08-05,600018.SH,0.006531814211814276
2022-08-08,600018.SH,0.02496765382480855
2022-08-09,600018.SH,-0.0020587569141112226
2022-08-10,600018.SH,-0.0025803040675771247
2022-08-11,600018.SH,-0.003233419999088054
2022-08-12,600018.SH,-0.004773054270295479
2022-08-15,600018.SH,-0.02232818715757848
2022-08-16,600018.SH,-0.014707891486361875
2022-08-17,600018.SH,0.009835888899851907
2022-08-18,600018.SH,-0.008649315320998854
2022-08-19,600018.SH,-0.0009024254063770987
2022-08-22,600018.SH,-0.0001530101737272152
2022-08-23,600018.SH,-0.008598747911590224
2022-08-24,600018.SH,-0.01271757924309734
2022-08-25,600018.SH,-0.004591991296379347
2022-08-26,600018.SH,-0.002082628250482039
2022-08-29,600018.SH,-0.01978474029201616
2022-08-30,600018.SH,-0.002498910814619004
2022-08-31,600018.SH,-0.0076503060169171334
2022-09-01,600018.SH,-0.013737825580359443
2022-09-02,600018.SH,-0.00870468576166404
2022-09-05,600018.SH,-0.005235085502458664
2022-09-06,600018.SH,0.027411093051366214
2022-09-07,600018.SH,0.006161979305923228
2022-09-08,600018.SH,-0.00902024181529228
2022-09-09,600018.SH,0.0032317240504960727
2022-09-12,600018.SH,0.011688167119710649
2022-09-13,600018.SH,0.013902274755888662
2022-09-14,600018.SH,-0.009291242135833409
2022-09-15,600018.SH,0.016523696657684845
2022-09-16,600018.SH,0.003848596265517684
2022-09-19,600018.SH,0.027201713100455598
2022-09-20,600018.SH,0.014374790024169328
2022-09-21,600018.SH,-0.007825959207837999
2022-09-22,600018.SH,-0.013568099804125926
2022-09-23,600018.SH,0.018273482554644553
2022-09-26,600018.SH,0.011984825494994716
2022-09-27,600018.SH,0.015366917353522545
2022-09-28,600018.SH,-0.0022807977873177824
2022-09-29,600018.SH,0.007635128012809245
2022-09-30,600018.SH,-0.01345251631708716
2022-10-03,600018.SH,-0.019288172003633683
2022-10-04,600018.SH,0.010712205638445584
2022-10-05,600018.SH,-0.011356953009271743
2022-10-06,600018.SH,0.010940507588116901
2022-10-07,600018.SH,-0.014236893728211833
2022-10-10,600018.SH,0.003973010880123972
2022-10-11,600018.SH,0.02276209247548427
2022-10-12,600018.SH,-0.020797791391022398
2022-10-13,600018.SH,0.025334165784136723
2022-10-14,600018.SH,-0.020654228780229274
2022-10-17,600018.SH,0.0010212066061804493
2022-10-18,600018.SH,-0.0010313499071795311
2022-10-19,600018.SH,-0.0024892139222334898
2022-10-20,600018.SH,-0.004286379552833185
2022-10-21,600018.SH,0.007300858311457179
2022-10-24,600018.SH,0.01251792746806623
2022-10-25,600018.SH,0.006997669658406525
2022-10-26,600018.SH,0.005468327369301312
2022-10-27,600018.SH,0.015772999732162243
2022-10-28,600018.SH,0.006389403647480873
2022-10-31,600018.SH,-0.010035438655245792
2022-11-01,600018.SH,0.03041595027990982
2022-11-02,600018.SH,0.004955743774769762
2022-11-03,600018.SH,0.013719394718018148
2022-11-04,600018.SH,-0.005299606462171241
2022-11-07,600018.SH,0.036820032040981804
2022-11-08,600018.SH,-0.0049448147784881685
2022-11-09,600018.SH,0.007670032298525567
2022-11-10,600018.SH,-0.011207010031810988
2022-11-11,600018.SH,0.016513949368921883
2022-11-14,600018.SH,0.006212508315281335
2022-11-15,600018.SH,0.029499218713287027
2022-11-16,600018.SH,-0.006626011824477342
2022-11-17,600018.SH,-0.007681673602356814
2022-11-18,600018.SH,0.0018064494581895487
2022-11-21,600018.SH,-0.009471386950298952
2022-11-22,600018.SH,0.004885916025470613
2022-11-23,600018.SH,-0.0011342024226518215
2022-11-24,600018.SH,0.010134700017452175
2022-11-25,600018.SH,0.00597959694220105
2022-11-28,600018.SH,-0.02802006155499594
2022-11-29,600018.SH,-0.011284807221525826
2022-11-30,600018.SH,-0.0046401756242947945
2022-12-01,600018.SH,-0.01762249654041272
2022-12-02,600018.SH,-0.0008700731761687895
2022-12-05,600018.SH,0.005259626742745849
2022-12-06,600018.SH,0.009637337880821354
2022-12-07,600018.SH,-0.015412957439919339
2022-12-08,600018.SH,-0.0029789523255184403
2022-12-09,600018.SH,0.025714655880684827
2022-12-12,600018.SH,-0.011173093355123917
2022-12-13,600018.SH,-0.015705090147519196
2022-12-14,600018.SH,0.008342967915347214
2022-12-15,600018.SH,0.031619070842604624
2022-12-16,600018.SH,-0.009794001167729641
2022-12-19,600018.SH,-0.013407813851610129
2022-12-20,600018.SH,-0.014116183947567173
2022-12-21,600018.SH,0.022147895676208534
2022-12-22,600018.SH,-0.013362640850068138
2022-12-23,600018.SH,0.0013416547890229393
2022-12-26,600018.SH,0.018615769679185188
2022-12-27,600018.SH,-0.009611116172801902
2022-12-28,600018.SH,-0.0034606223749692436
2022-12-29,600018.SH,-0.0027775251783170264
2022-12-30,600018.SH,-0.007201737710680248
2023-01-02,600018.SH,0.010486210032407024
2023-01-03,600018.SH,-0.01542561806669572
2023-01-04,600018.SH,0.007555338604067718
2023-01-05,600018.SH,0.005872619999384886
2023-01-06,600018.SH,0.001908537540793285
2023-01-09,600018.SH,0.006727256613627393
2023-01-10,600018.SH,0.005427928311196951
2023-01-11,600018.SH,0.00626222204609151
2023-01-12,600018.SH,0.006248768854294165
2023-01-13,600018.SH,0.005613480408743481
2023-01-16,600018.SH,-0.015592187324499292
2023-01-17,600018.SH,0.0124346190704359
2023-01-18,600018.SH,0.010889538834594467
2023-01-19,600018.SH,0.01860617540834774
2023-01-20,600018.SH,-0.002354713845694729
2023-01-23,600018.SH,0.0019393153604511007
2023-01-24,600018.SH,-0.004160398908152457
2023-01-25,600018.SH,-0.020345294153735517
2023-01-26,600018.SH,0.0059277629889407865
2023-01-27,600018.SH,-0.01199170007440831
2023-01-30,600018.SH,0.009914069476997326
2023-01-31,600018.SH,-0.012297134746773028
2023-02-01,600018.SH,-0.009038323795676999
2023-02-02,600018.SH,0.00715001132153471
2023-02-03,600018.SH,-0.009448534949218736
2023-02-06,600018.SH,0.0013919443679444561
2023-02-07,600018.SH,-0.0018055867027021218
2023-02-08,600018.SH,-0.0075950596205802915
2023-02-09,600018.SH,-0.010045815751006508
2023-02-10,600018.SH,-0.0062096083100117334
2023-02-13,600018.SH,-0.0018275680598446125
2023-02-14,600018.SH,0.002700084751067669
2023-02-15,600018.SH,0.009864737005864228
2023-02-16,600018.SH,-0.02476646301741557
2023-02-17,600018.SH,-0.0054088347961322916
2023-02-20,600018.SH,0.026489347226048905
2023-02-21,600018.SH,-0.005339299597485291
2023-02-22,600018.SH,-0.008555036736032244
2023-02-23,600018.SH,0.01888476682385282
2023-02-24,600018.SH,0.006834096894318403
2023-02-27,600018.SH,1.8995054276521595e-05
2023-02-28,600018.SH,-0.0038440191995564674
2023-03-01,600018.SH,-0.00218976478242597
2023-03-02,600018.SH,0.00646241329306782
2023-03-03,600018.SH,-0.002600217560337593
2023-03-06,600018.SH,-0.012821146580525666
2023-03-07,600018.SH,0.013416000309428815
2023-03-08,600018.SH,0.016064370284184115
2023-03-09,600018.SH,0.01439113631039373
2023-03-10,600018.SH,0.01820768963847902
2023-03-13,600018.SH,0.004974849873890565
2023-03-14,600018.SH,0.009626237634018691
2023-03-15,600018.SH,0.026043630136186945
2023-03-16,600018.SH,0.004859325705081924
2023-03-17,600018.SH,0.024640331457841537
2023-03-20,600018.SH,0.00613230440374142
2023-03-21,600018.SH,0.002652192024589758
2023-03-22,600018.SH,-0.003064525276224036
2023-03-23,600018.SH,0.009289042766435072
2023-03-24,600018.SH,-0.02193881684086884
2023-03-27,600018.SH,0.00535808078125524
2023-03-28,600018.SH,0.000686656393370396
2023-03-29,600018.SH,0.005209125535073268
2023-03-30,600018.SH,0.009383722096897027
2023-03-31,600018.SH,0.014778244164725524
2023-04-03,600018.SH,0.013583116440096844
2023-04-04,600018.SH,-0.005945198234568615
2023-04-05,600018.SH,0.0011359074926628058
2023-04-06,600018.SH,-0.02304818645377851
2023-04-07,600018.SH,0.013760988647881507
2023-04-10,600018.SH,0.010670917480502341
2023-04-11,600018.SH,0.00429140595023025
2023-04-12,600018.SH,-0.009016651915623848
2023-04-13,600018.SH,-0.012993855492178557
2023-04-14,600018.SH,0.015702837223015326
2023-04-17,600018.SH,0.004127962008811775
2023-04-18,600018.SH,-0.0009251881833959412
2023-04-19,600018.SH,0.0014210742281026967
2023-04-20,600018.SH,0.0154336761389911
2023-04-21,600018.SH,0.005608061595489246
2023-04-24,600018.SH,-0.020232545252015788
2023-04-25,600018.SH,0.00581599304730538
2023-04-26,600018.SH,-0.003835308883593825
2023-04-27,600018.SH,0.005833764923015869
2023-04-28,600018.SH,0.014971886709426013
2023-05-01,600018.SH,-0.0104765460018587
2023-05-02,600018.SH,-0.010920196976284933
2023-05-03,600018.SH,0.011828614111112246
2023-05-04,600018.SH,-0.02171587012513659
2023-05-05,600018.SH,0.006081925868215684
2023-05-08,600018.SH,-0.0023423976898521736
2023-05-09,600018.SH,-0.003947845836989551
2023-05-10,600018.SH,0.005589073541682272
2023-05-11,600018.SH,-0.003180415242168288
2023-05-12,600018.SH,0.0015586090738455884
2023-05-15,600018.SH,0.014417101265963768
2023-05-16,600018.SH,-0.0038306198769469373
2023-05-17,600018.SH,0.00028131906287284054
2023-05-18,600018.SH,-0.017027052127080413
2023-05-19,600018.SH,0.007149282634304023
2022-01-03,600019.SH,0.010905099079946102
2022-01-04,600019.SH,-0.0009304138086894979
2022-01-05,600019.SH,0.011378907848391094
2022-01-06,600019.SH,0.008260408841324477
2022-01-07,600019.SH,-0.020852048178610538
2022-01-10,600019.SH,-0.018567129121558754
2022-01-11,600019.SH,0.013921778492954987
2022-01-12,600019.SH,0.005118101978517241
2022-01-13,600019.SH,-0.007067451532038554
2022-01-14,600019.SH,-0.006426033738357296
2022-01-17,600019.SH,0.004034032869052496
2022-01-18,600019.SH,-0.005059771573625916
2022-01-19,600019.SH,0.0023047593467027524
2022-01-20,600019.SH,0.004863003013352306
2022-01-21,600019.SH,-0.005785291924940492
2022-01-24,600019.SH,-0.021665665244483524
2022-01-25,600019.SH,-0.01268802872939672
2022-01-26,600019.SH,-0.011385322083578387
2022-01-27,600019.SH,0.006176652706209024
2022-01-28,600019.SH,-0.009152415389513184
2022-01-31,600019.SH,0.005028495368210192
2022-02-01,600019.SH,-0.006102901773061154
2022-02-02,600019.SH,0.015549183815378741
2022-02-03,600019.SH,-0.003065343758427495
2022-02-04,600019.SH,-0.011297798929375916
2022-02-07,600019.SH,-0.0016758926925196972
2022-02-08,600019.SH,-0.008368271635756434
2022-02-09,600019.SH,0.008317937721279107
2022-02-10,600019.SH,-0.0060696311723634315
2022-02-11,600019.SH,0.01262889328939755
2022-02-14,600019.SH,0.013748623344544544
2022-02-15,600019.SH,0.007374015032022246
2022-02-16,600019.SH,-0.015324173718455451
2022-02-17,600019.SH,-0.013287878833271226
2022-02-18,600019.SH,0.008737184849089672
2022-02-21,600019.SH,0.020736749276034683
2022-02-22,600019.SH,0.015754509421910222
2022-02-23,600019.SH,-0.006307590178891497
2022-02-24,600019.SH,0.011781606582337642
2022-02-25,600019.SH,0.002308096804343303
2022-02-28,600019.SH,0.016933709593257264
2022-03-01,600019.SH,-0.005076575823151493
2022-03-02,600019.SH,-0.001122072589677012
2022-03-03,600019.SH,-0.021559639824030696
2022-03-04,600019.SH,-0.010282423643405413
2022-03-07,600019.SH,0.006416276754639752
2022-03-08,600019.SH,-0.006152958298419716
2022-03-09,600019.SH,0.006058260498089305
2022-03-10,600019.SH,0.014495889712698794
2022-03-11,600019.SH,-0.00447256937127165
2022-03-14,600019.SH,-0.007376574367222108
2022-03-15,600019.SH,0.0003084396481609353
2022-03-16,600019.SH,-0.021315369750687187
2022-03-17,600019.SH,-0.0035695053110175873
2022-03-18,600019.SH,-0.0027420749854615463
2022-03-21,600019.SH,-0.008171124016914822
2022-03-22,600019.SH,0.014542454392054748
2022-03-23,600019.SH,0.004765492293005415
2022-03-24,600019.SH,0.006987682867007176
2022-03-25,600019.SH,-0.0026661655263892905
2022-03-28,600019.SH,-0.012735182473510949
2022-03-29,600019.SH,0.009151973845594494
2022-03-30,600019.SH,0.012615596043373225
2022-03-31,600019.SH,0.00048719967387187476
2022-04-01,600019.SH,0.01124050983905629
2022-04-04,600019.SH,0.010558568718241661
2022-04-05,600019.SH,-0.0081891923639149
2022-04-06,600019.SH,0.002460685030164205
2022-04-07,600019.SH,0.02548872877058096
2022-04-08,600019.SH,0.0031865720515733874
2022-04-11,600019.SH,-0.004541926795996666
2022-04-12,600019.SH,-0.002344747930020771
2022-04-13,600019.SH,-0.021965384361564297
2022-04-14,600019.SH,0.008579532684493001
2022-04-15,600019.SH,-0.009028189859820752
2022-04-18,600019.SH,-0.0003749865744358521
2022-04-19,600019.SH,0.018201396641192757
2022-04-20,600019.SH,-0.0012642985679743861
2022-04-21,600019.SH,-0.0023970178912035792
2022-04-22,600019.SH,0.009051053471252015
2022-04-25,600019.SH,-0.005822568127964478
2022-04-26,600019.SH,-0.009769598970429982
2022-04-27,600019.SH,0.009586090907341093
2022-04-28,600019.SH,-0.002626227498907039
2022-04-29,600019.SH,-0.02518268761597761
2022-05-02,600019.SH,0.009335675989510846
2022-05-03,600019.SH,-0.007719877542086879
2022-05-04,600019.SH,0.015498467815123951
2022-05-05,600019.SH,-0.0022158962050940647
2022-05-06,600019.SH,0.014084509145498815
2022-05-09,600019.SH,0.02308006119543943
2022-05-10,600019.SH,-0.009297316114191096
2022-05-11,600019.SH,-0.005318516703935158
2022-05-12,600019.SH,0.003248507054193313
2022-05-13,600019.SH,-0.022072132997205986
2022-05-16,600019.SH,-0.008873950312306393
2022-05-17,600019.SH,-0.012830799773895141
2022-05-18,600019.SH,-0.010428650336745506
2022-05-19,600019.SH,0.0036875777408686087
2022-05-20,600019.SH,-0.006531185287094844
2022-05-23,600019.SH,-0.0013864927415547148
2022-05-24,600019.SH,0.0044055629277206815
2022-05-25,600019.SH,-0.00840182901198894
2022-05-26,600019.SH,0.004714248659488388
2022-05-27,600019.SH,-0.007916517852436968
2022-05-30,600019.SH,-0.0060319938624072075
2022-05-31,600019.SH,-0.004360780018424467
2022-06-01,600019.SH,-0.02085988209395647
2022-06-02,600019.SH,-0.0005821974894303526
2022-06-03,600019.SH,-0.016617841647567334
2022-06-06,600019.SH,-0.005085762721939191
2022-06-07,600019.SH,0.018193864966747134
2022-06-08,600019.SH,-0.004564581178324838
2022-06-09,600019.SH,-0.009800766052848605
2022-06-10,600019.SH,-0.0042552710179436515
2022-06-13,600019.SH,-0.0043937308762400295
2022-06-14,600019.SH,-0.010291124952189708
2022-06-15,600019.SH,-0.0015233531967631915
2022-06-16,600019.SH,0.0034441468446097644
2022-06-17,600019.SH,-0.00468888086734582
2022-06-20,600019.SH,-0.03378714560399989
2022-06-21,600019.SH,-0.009845827004784726
2022-06-22,600019.SH,0.016399237516917457
2022-06-23,600019.SH,0.01917747809299892
2022-06-24,600019.SH,0.019871283326468942
2022-06-27,600019.SH,0.016732181169905314
2022-06-28,600019.SH,0.018436297371401268
2022-06-29,600019.SH,-0.014038791288374156
2022-06-30,600019.SH,-0.01549052172465421
2022-07-01,600019.SH,0.004054838523252769
2022-07-04,600019.SH,-0.002472798681372239
2022-07-05,600019.SH,0.013926738983368598
2022-07-06,600019.SH,0.0014302278144076933
2022-07-07,600019.SH,0.01795117697101461
2022-07-08,600019.SH,-0.013334368262978817
2022-07-11,600019.SH,0.005235853322926672
2022-07-12,600019.SH,0.01947502815192611
2022-07-13,600019.SH,-0.0035244867386520747
2022-07-14,600019.SH,0.011123866350625608
2022-07-15,600019.SH,0.012981107471073328
2022-07-18,600019.SH,-0.008984169416374265
2022-07-19,600019.SH,-0.0012456364550054132
2022-07-20,600019.SH,-0.019022653948340688
2022-07-21,600019.SH,0.0026653549306520485
2022-07-22,600019.SH,-0.0009411374127498073
2022-07-25,600019.SH,-0.02189672641858663
2022-07-26,600019.SH,0.007970885647092082
2022-07-27,600019.SH,-0.0046172687247302575
2022-07-28,600019.SH,0.013851854908679722
2022-07-29,600019.SH,0.007463516931848228
2022-08-01,600019.SH,0.0124388869113289
2022-08-02,600019.SH,-0.009333803900436827
2022-08-03,600019.SH,-0.034633838148064165
2022-08-04,600019.SH,-0.0033191871380510384
2022-08-05,600019.SH,0.0015768081750694473
2022-08-08,600019.SH,0.003800830717237892
2022-08-09,600019.SH,0.0025171027161124734
2022-08-10,600019.SH,0.004251731740921543
2022-08-11,600019.SH,-0.01742190428113832
2022-08-12,600019.SH,-0.0027647011812433576
2022-08-15,600019.SH,-0.013358185606836936
2022-08-16,600019.SH,-0.009865600663656717
2022-08-17,600019.SH,0.012401969386610472
2022-08-18,600019.SH,0.005783692540846377
2022-08-19,600019.SH,0.006298752012156837
2022-08-22,600019.SH,-0.006432419219237997
2022-08-23,600019.SH,0.0030462225591299822
2022-08-24,600019.SH,0.007708275951395958
2022-08-25,600019.SH,0.012240077303241994
2022-08-26,600019.SH,0.006152507965781592
2022-08-29,600019.SH,0.001630368049913438
2022-08-30,600019.SH,0.0096308796707001
2022-08-31,600019.SH,-0.017442294275837874
2022-09-01,600019.SH,-0.01856603442712937
2022-09-02,600019.SH,-0.012273374530548217
2022-09-05,600019.SH,-0.005877937083155299
2022-09-06,600019.SH,0.0019873598037234985
2022-09-07,600019.SH,-0.017441824500118233
2022-09-08,600019.SH,-0.014414398740220472
2022-09-09,600019.SH,-0.0002786464566056604
2022-09-12,600019.SH,0.009753750265465754
2022-09-13,600019.SH,-0.006175477750394904
2022-09-14,600019.SH,-0.0024981657198376375
2022-09-15,600019.SH,0.004511973271395348
2022-09-16,600019.SH,0.01433578738143139
2022-09-19,600019.SH,0.010669790295719564
2022-09-20,600019.SH,0.008429184311792402
2022-09-21,600019.SH,-0.007763614630817077
2022-09-22,600019.SH,-0.02496598398640587
2022-09-23,600019.SH,0.012300841700478243
2022-09-26,600019.SH,0.0014330847729795409
2022-09-27,600019.SH,-0.002517362088430017
2022-09-28,600019.SH,-0.010516806741394795
2022-09-29,600019.SH,0.0155111846727857
2022-09-30,600019.SH,-0.022279908831009915
2022-10-03,600019.SH,-0.007010797898852239
2022-10-04,600019.SH,0.010870770183144295
2022-10-05,600019.SH,0.005919114710213237
2022-10-06,600019.SH,-0.0076826525126027995
2022-10-07,600019.SH,-0.0011300334661243495
2022-10-10,600019.SH,0.004542066119507204
2022-10-11,600019.SH,0.026731117685937417
2022-10-12,600019.SH,-0.014088621352287405
2022-10-13,600019.SH,-0.003959515104495627
2022-10-14,600019.SH,0.011643248119112621
2022-10-17,600019.SH,-0.003120720055000691
2022-10-18,600019.SH,-0.025655780261375716
2022-10-19,600019.SH,-0.015576005916870686
2022-10-20,600019.SH,-0.03471395115007363
2022-10-21,600019.SH,-0.0002637804010449654
2022-10-24,600019.SH,0.015425067941630292
2022-10-25,600019.SH,-0.019727765503604045
2022-10-26,600019.SH,-0.004462187281759729
2022-10-27,600019.SH,0.005363186087020497
2022-10-28,600019.SH,-0.020123539403356393
2022-10-31,600019.SH,-0.005193649519558623
2022-11-01,600019.SH,0.002023771678875011
2022-11-02,600019.SH,0.0031758364848737657
2022-11-03,600019.SH,-0.004174714408735082
2022-11-04,600019.SH,-0.018205044087430844
2022-11-07,600019.SH,0.02835226432417108
2022-11-08,600019.SH,0.00044764347836988554
2022-11-09,600019.SH,0.006904491809960016
2022-11-10,600019.SH,-0.006671109573064007
2022-11-11,600019.SH,0.0027908189779832287
2022-11-14,600019.SH,-0.012637246904189896
2022-11-15,600019.SH,0.025065707816720087
2022-11-16,600019.SH,0.01170609287220894
2022-11-17,600019.SH,-0.00849192988096674
2022-11-18,600019.SH,0.008183576871514688
2022-11-21,600019.SH,-0.018901891579864976
2022-11-22,600019.SH,0.008786187172882116
2022-11-23,600019.SH,0.016969593022453655
2022-11-24,600019.SH,0.01717467334074959
2022-11-25,600019.SH,-0.015638878809623086
2022-11-28,600019.SH,-0.02709610397681169
2022-11-29,600019.SH,-0.00638996309530983
2022-11-30,600019.SH,-0.00018747675104846453
2022-12-01,600019.SH,-0.01595129000309113
2022-12-02,600019.SH,0.0075001080186274365
2022-12-05,600019.SH,-0.0156304750341188
2022-12-06,600019.SH,-0.004995653016329883
2022-12-07,600019.SH,-0.00881292348768311
2022-12-08,600019.SH,-0.0228723902792767
2022-12-09,600019.SH,0.01593916780015571
2022-12-12,600019.SH,0.0005919911889413678
2022-12-13,600019.SH,-0.006663177191425818
2022-12-14,600019.SH,0.027169571594807318
2022-12-15,600019.SH,0.03457656093398323
2022-12-16,600019.SH,-0.00929514968638654
2022-12-19,600019.SH,-0.02631340541787813
2022-12-20,600019.SH,-0.008325278544628991
2022-12-21,600019.SH,0.021462922279089636
2022-12-22,600019.SH,-0.02339737083027877
2022-12-23,600019.SH,-0.005229148653406378
2022-12-26,600019.SH,0.009603506745384276
2022-12-27,600019.SH,0.01817383555334805
2022-12-28,600019.SH,-0.008759445534384935
2022-12-29,600019.SH,-0.007505460806959623
2022-12-30,600019.SH,-0.011523624131914859
2023-01-02,600019.SH,0.0016037397463037023
2023-01-03,600019.SH,-0.003673568194032581
2023-01-04,600019.SH,0.012350042605868153
2023-01-05,600019.SH,-0.012434056080836848
2023-01-06,600019.SH,0.004973917514151547
2023-01-09,600019.SH,0.012553853645028819
2023-01-10,600019.SH,-0.002758893477710838
2023-01-11,600019.SH,0.011211150632793295
2023-01-12,600019.SH,0.0019148281930464342
2023-01-13,600019.SH,0.007889132276254053
2023-01-16,600019.SH,-0.0038314231878544595
2023-01-17,600019.SH,0.006295999808258745
2023-01-18,600019.SH,-0.007102210355801469
2023-01-19,600019.SH,0.010437629419532525
2023-01-20,600019.SH,0.024830804019089707
2023-01-23,600019.SH,0.00944187686565533
2023-01-24,600019.SH,-0.01633410933978216
2023-01-25,600019.SH,-0.00709065752931903
2023-01-26,600019.SH,-0.014208616910643337
2023-01-27,600019.SH,-0.0036374078358170575
2023-01-30,600019.SH,0.013451423993331945
2023-01-31,600019.SH,-0.015208143782905135
2023-02-01,600019.SH,0.008598634549125758
2023-02-02,600019.SH,-0.026528449759487212
2023-02-03,600019.SH,-0.012805981656677342
2023-02-06,600019.SH,-0.0003894762213274669
2023-02-07,600019.SH,0.006762636388835554
2023-02-08,600019.SH,0.010043291500193592
2023-02-09,600019.SH,-0.004439947004162723
2023-02-10,600019.SH,-0.0024844642707691784
2023-02-13,600019.SH,-0.015336993319753706
2023-02-14,600019.SH,-0.000824715294912232
2023-02-15,600019.SH,-0.0008438148400327292
2023-02-16,600019.SH,-0.039011968725504546
2023-02-17,600019.SH,-0.012746595817183256
2023-02-20,600019.SH,0.01649894844901929
2023-02-21,600019.SH,-0.00033766009763596967
2023-02-22,600019.SH,-0.0007765430203366614
2023-02-23,600019.SH,-0.019188736771809222
2023-02-24,600019.SH,-0.015281546324806095
2023-02-27,600019.SH,0.023179932962610554
2023-02-28,600019.SH,-0.03399287263788499
2023-03-01,600019.SH,0.0013626973416689218
2023-03-02,600019.SH,-0.0031743505934837624
2023-03-03,600019.SH,0.0018143016676677734
2023-03-06,600019.SH,-0.01568788413092029
2023-03-07,600019.SH,-0.02105526420939676
2023-03-08,600019.SH,0.002389423834237285
2023-03-09,600019.SH,-0.0028263379402949677
2023-03-10,600019.SH,0.00612755789172875
2023-03-13,600019.SH,0.019119881013897583
2023-03-14,600019.SH,-0.008623334349954813
2023-03-15,600019.SH,0.016961268953723928
2023-03-16,600019.SH,0.005094915642085548
2023-03-17,600019.SH,0.016228456189093174
2023-03-20,600019.SH,-0.003703886345646979
2023-03-21,600019.SH,0.008443676198849224
2023-03-22,600019.SH,-0.007301591967343196
2023-03-23,600019.SH,0.012260596742606829
2023-03-24,600019.SH,-0.02445583985739133
2023-03-27,600019.SH,-0.020123978023569796
2023-03-28,600019.SH,0.002250260075617258
2023-03-29,600019.SH,0.013681808008130852
2023-03-30,600019.SH,0.010761975241368904
2023-03-31,600019.SH,0.009315844113627621
2023-04-03,600019.SH,0.020743420051212887
2023-04-04,600019.SH,-0.017175100202596147
2023-04-05,600019.SH,0.0036731648135380885
2023-04-06,600019.SH,-0.0034296952907177415
2023-04-07,600019.SH,0.013041162858560908
2023-04-10,600019.SH,0.008919531268315437
2023-04-11,600019.SH,-0.0014316585751099602
2023-04-12,600019.SH,-0.020572897272783202
2023-04-13,600019.SH,0.00741393113510154
2023-04-14,600019.SH,0.0044763658134954875
2023-04-17,600019.SH,-0.005201870136106002
2023-04-18,600019.SH,0.02579792019406655
2023-04-19,600019.SH,0.005746523184272945
2023-04-20,600019.SH,-0.003780717762146753
2023-04-21,600019.SH,0.002911056027865757
2023-04-24,600019.SH,-0.028078140157271333
2023-04-25,600019.SH,-0.001523750113585646
2023-04-26,600019.SH,-0.003449627441685449
2023-04-27,600019.SH,-0.002559121627688951
2023-04-28,600019.SH,-0.0010031476003443118
2023-05-01,600019.SH,-0.0005808898777149817
2023-05-02,600019.SH,-0.0017403469571449066
2023-05-03,600019.SH,0.002472530235344454
2023-05-04,600019.SH,-0.005076376900474109
2023-05-05,600019.SH,0.016518265132921983
2023-05-08,600019.SH,0.005703760229025742
2023-05-09,600019.SH,0.0136226526144155
2023-05-10,600019.SH,-0.0032282018545877903
2023-05-11,600019.SH,0.0132123240896456
2023-05-12,600019.SH,0.016078895456690057
2023-05-15,600019.SH,0.0034902115114253777
2023-05-16,600019.SH,-0.00032873779337158886
2023-05-17,600019.SH,0.017466723928792893
2023-05-18,600019.SH,-0.011685777515649389
2023-05-19,600019.SH,0.002732906562350635
2022-01-03,600020.SH,0.0065768207454261155
2022-01-04,600020.SH,-0.014415451372560322
2022-01-05,600020.SH,-0.0020746142866632754
2022-01-06,600020.SH,0.0039859975224312005
2022-01-07,600020.SH,-0.02053045004098677
2022-01-10,600020.SH,-0.024998741671287197
2022-01-11,600020.SH,-0.005492227599854472
2022-01-12,600020.SH,0.0001322891075969646
2022-01-13,600020.SH,0.012525026581451677
2022-01-14,600020.SH,-0.0012804380688523076
2022-01-17,600020.SH,-0.018960161184799755
2022-01-18,600020.SH,0.012635372631004862
2022-01-19,600020.SH,-0.00505327227846745
2022-01-20,600020.SH,0.013548730402621893
2022-01-21,600020.SH,0.0035987221459100843
2022-01-24,600020.SH,-0.008801215963934184
2022-01-25,600020.SH,0.001927648993038578
2022-01-26,600020.SH,-0.007895303889329791
2022-01-27,600020.SH,0.020471652131360617
2022-01-28,600020.SH,-0.0005960091587408974
2022-01-31,600020.SH,0.00937646242344992
2022-02-01,600020.SH,0.0039516223032250416
2022-02-02,600020.SH,0.016450786185228772
2022-02-03,600020.SH,-0.019102424057847192
2022-02-04,600020.SH,0.0077397039843112095
2022-02-07,600020.SH,-0.007396081345261717
2022-02-08,600020.SH,0.011415746295174514
2022-02-09,600020.SH,-0.006801775817491509
2022-02-10,600020.SH,-0.008548879540264651
2022-02-11,600020.SH,0.023210455392375054
2022-02-14,600020.SH,0.007563350138582548
2022-02-15,600020.SH,0.00820974625944055
2022-02-16,600020.SH,-0.0029137386182070887
2022-02-17,600020.SH,-0.010711382409584736
2022-02-18,600020.SH,0.0044795465373019
2022-02-21,600020.SH,-0.00397916662354598
2022-02-22,600020.SH,-0.0010491234573313062
2022-02-23,600020.SH,-0.01754865495465982
2022-02-24,600020.SH,-0.010550287668669773
2022-02-25,600020.SH,0.014457737942293368
2022-02-28,600020.SH,0.008487940135204111
2022-03-01,600020.SH,-0.010476470842363656
2022-03-02,600020.SH,0.003190803610829143
2022-03-03,600020.SH,0.0017862929654423325
2022-03-04,600020.SH,-0.004488366210967561
2022-03-07,600020.SH,0.009216271812921414
2022-03-08,600020.SH,0.005299361853815495
2022-03-09,600020.SH,-0.00986784900885967
2022-03-10,600020.SH,0.023909405619071202
2022-03-11,600020.SH,0.0003677581270012543
2022-03-14,600020.SH,0.0014991031446977016
2022-03-15,600020.SH,0.0009992540894024236
2022-03-16,600020.SH,0.0001424108357305602
2022-03-17,600020.SH,-0.007806154812278813
2022-03-18,600020.SH,-0.01921277982245841
2022-03-21,600020.SH,-0.011897799404906522
2022-03-22,600020.SH,0.011066607994734455
2022-03-23,600020.SH,0.020280852104446342
2022-03-24,600020.SH,-0.009476805452144558
2022-03-25,600020.SH,0.02147877825313659
2022-03-28,600020.SH,-0.005983535884707612
2022-03-29,600020.SH,-0.005344973876232267
2022-03-30,600020.SH,-0.0003570740301707524
2022-03-31,600020.SH,0.007982955970328567
2022-04-01,600020.SH,-0.0026290568582953188
2022-04-04,600020.SH,0.006391828536692911
2022-04-05,600020.SH,0.00029533306814540257
2022-04-06,600020.SH,-0.020568476727401933
2022-04-07,600020.SH,0.004970603824378253
2022-04-08,600020.SH,-0.004560996452709802
2022-04-11,600020.SH,7.518961289985047e-05
2022-04-12,600020.SH,-0.027511267650138185
2022-04-13,600020.SH,-0.01117067848505
2022-04-14,600020.SH,-0.0008402605212157561
2022-04-15,600020.SH,0.010740115527780529
2022-04-18,600020.SH,0.0050884171388932194
2022-04-19,600020.SH,0.014542925285831423
2022-04-20,600020.SH,0.00789045134767758
2022-04-21,600020.SH,0.0009024932098435036
2022-04-22,600020.SH,-7.81853521723188e-05
2022-04-25,600020.SH,0.00011351380676471014
2022-04-26,600020.SH,0.003298553376370991
2022-04-27,600020.SH,-0.016226407905430694
2022-04-28,600020.SH,-0.011290862917699967
2022-04-29,600020.SH,-0.0050098179791631045
2022-05-02,600020.SH,0.016153344333520864
2022-05-03,600020.SH,-0.02577490468301378
2022-05-04,600020.SH,0.013844665109725658
2022-05-05,600020.SH,0.00244462198696721
2022-05-06,600020.SH,-0.01526650021113208
2022-05-09,600020.SH,-0.024694197547111097
2022-05-10,600020.SH,-0.016081744534158185
2022-05-11,600020.SH,-0.0035834350548072475
2022-05-12,600020.SH,-0.0012967260653400387
2022-05-13,600020.SH,-0.00716667112457114
2022-05-16,600020.SH,-0.017071771554994335
2022-05-17,600020.SH,-0.021662002363296927
2022-05-18,600020.SH,-0.012108838497420784
2022-05-19,600020.SH,0.0035342966829032658
2022-05-20,600020.SH,-0.004936104493327712
2022-05-23,600020.SH,-0.010916947425039175
2022-05-24,600020.SH,0.01940829338564212
2022-05-25,600020.SH,-0.009064079485731742
2022-05-26,600020.SH,-0.0027970490755123457
2022-05-27,600020.SH,-0.012892856534761915
2022-05-30,600020.SH,0.009104901294085031
2022-05-31,600020.SH,-0.008928140968691243
2022-06-01,600020.SH,-0.00965739963790222
2022-06-02,600020.SH,0.015983542604144602
2022-06-03,600020.SH,0.007608922013948674
2022-06-06,600020.SH,0.005572215491456336
2022-06-07,600020.SH,0.01424030942731256
2022-06-08,600020.SH,0.00560757986017354
2022-06-09,600020.SH,-0.017624860351690967
2022-06-10,600020.SH,0.0008433778664732813
2022-06-13,600020.SH,-0.01706138796955029
2022-06-14,600020.SH,-0.0001880129727787189
2022-06-15,600020.SH,-0.006087086527069697
2022-06-16,600020.SH,0.008785371558810973
2022-06-17,600020.SH,-0.009413795333587561
2022-06-20,600020.SH,-0.011058948022930592
2022-06-21,600020.SH,0.006756531942299673
2022-06-22,600020.SH,0.0005650543673741647
2022-06-23,600020.SH,-0.007770231375630364
2022-06-24,600020.SH,-0.0007803156816682325
2022-06-27,600020.SH,-0.01233902505238645
2022-06-28,600020.SH,0.014147025389574172
2022-06-29,600020.SH,-0.0044769307940409325
2022-06-30,600020.SH,-0.0025525300434563318
2022-07-01,600020.SH,-0.015286651464238073
2022-07-04,600020.SH,-0.000649939133933982
2022-07-05,600020.SH,-0.01571463173813922
2022-07-06,600020.SH,-0.00630104692298729
2022-07-07,600020.SH,0.005641517620299116
2022-07-08,600020.SH,-0.0035861728187835448
2022-07-11,600020.SH,0.0013643221611747275
2022-07-12,600020.SH,-0.0035753752207229993
2022-07-13,600020.SH,0.018498635670085837
2022-07-14,600020.SH,0.011038024620253618
2022-07-15,600020.SH,0.02984591294344377
2022-07-18,600020.SH,-0.001793851151458782
2022-07-19,600020.SH,-0.01015612659771262
2022-07-20,600020.SH,-0.04126814881974237
2022-07-21,600020.SH,-0.0008774404454184701
2022-07-22,600020.SH,-0.005592629094632334
2022-07-25,600020.SH,-0.00742335425507587
2022-07-26,600020.SH,0.012665106288372929
2022-07-27,600020.SH,-0.012750987944583845
2022-07-28,600020.SH,0.0028920294752618906
2022-07-29,600020.SH,-0.007792337560295776
2022-08-01,600020.SH,-0.006906848486264218
2022-08-02,600020.SH,0.002028900606800558
2022-08-03,600020.SH,0.0013828543856347804
2022-08-04,600020.SH,-0.010898389381776064
2022-08-05,600020.SH,-0.007660335833778597
2022-08-08,600020.SH,0.0025721528226999146
2022-08-09,600020.SH,0.014105050036976121
2022-08-10,600020.SH,0.019071960157347488
2022-08-11,600020.SH,-0.005054182788201084
2022-08-12,600020.SH,-0.023440542094405
2022-08-15,600020.SH,-0.020787559752421497
2022-08-16,600020.SH,-0.004095514012440094
2022-08-17,600020.SH,0.022521137043946305
2022-08-18,600020.SH,-0.027232541484006573
2022-08-19,600020.SH,0.0034948145245119323
2022-08-22,600020.SH,0.008959541470877627
2022-08-23,600020.SH,0.005277492036691098
2022-08-24,600020.SH,0.017975988636753145
2022-08-25,600020.SH,0.005237358108292114
2022-08-26,600020.SH,-0.011168896217437049
2022-08-29,600020.SH,-0.008165014496953683
2022-08-30,600020.SH,0.0022816352264096156
2022-08-31,600020.SH,-0.013164983523661307
2022-09-01,600020.SH,-0.0195035263382474
2022-09-02,600020.SH,0.004844185326628654
2022-09-05,600020.SH,-0.00839290285515256
2022-09-06,600020.SH,0.02341709081537028
2022-09-07,600020.SH,-0.0030849118750626587
2022-09-08,600020.SH,-0.0012054999077107849
2022-09-09,600020.SH,0.007905053299206068
2022-09-12,600020.SH,0.004462427204607812
2022-09-13,600020.SH,0.007434103145856184
2022-09-14,600020.SH,-0.023751714842153722
2022-09-15,600020.SH,0.01324738356462548
2022-09-16,600020.SH,-0.021255249738023452
2022-09-19,600020.SH,0.010017580668983362
2022-09-20,600020.SH,0.010008305350960162
2022-09-21,600020.SH,-0.0035727991931802433
2022-09-22,600020.SH,-0.02392937838358473
2022-09-23,600020.SH,0.0015107794969148273
2022-09-26,600020.SH,0.006902605363040028
2022-09-27,600020.SH,0.000426004917320542
2022-09-28,600020.SH,-0.023384830469524935
2022-09-29,600020.SH,0.011559318579452036
2022-09-30,600020.SH,-0.005742071718347259
2022-10-03,600020.SH,-0.009988187960356448
2022-10-04,600020.SH,0.010399824038042873
2022-10-05,600020.SH,-0.0009195993996146765
2022-10-06,600020.SH,-0.005457517527749524
2022-10-07,600020.SH,-0.020669436790791
2022-10-10,600020.SH,0.004034727206099697
2022-10-11,600020.SH,0.0017291012382099572
2022-10-12,600020.SH,-0.005058746993401488
2022-10-13,600020.SH,0.009942752525845722
2022-10-14,600020.SH,-0.0022280429739046682
2022-10-17,600020.SH,-0.0007703484498610335
2022-10-18,600020.SH,-0.0012051937978842632
2022-10-19,600020.SH,-0.024195297894917932
2022-10-20,600020.SH,-0.004569983125479661
2022-10-21,600020.SH,-0.003272046902378121
2022-10-24,600020.SH,0.019619496145109924
2022-10-25,600020.SH,-0.016015726502204078
2022-10-26,600020.SH,-0.0021713242308683683
2022-10-27,600020.SH,0.006714789204659321
2022-10-28,600020.SH,-0.0035417226788421814
2022-10-31,600020.SH,-0.003066351210435853
2022-11-01,600020.SH,0.029821256228932638
2022-11-02,600020.SH,-8.674277382538301e-05
2022-11-03,600020.SH,-0.001883046249494441
2022-11-04,600020.SH,-0.0021006593331094926
2022-11-07,600020.SH,0.02888530455526715
2022-11-08,600020.SH,4.2537290105784924e-05
2022-11-09,600020.SH,-0.000435016837633392
2022-11-10,600020.SH,-0.011024423240746487
2022-11-11,600020.SH,-0.010435420332890728
2022-11-14,600020.SH,0.02332801878533853
2022-11-15,600020.SH,0.017939883123137594
2022-11-16,600020.SH,0.020984066818484318
2022-11-17,600020.SH,-0.010172475381286615
2022-11-18,600020.SH,-0.005846703615948244
2022-11-21,600020.SH,-0.01626197264139253
2022-11-22,600020.SH,-0.020224113991600397
2022-11-23,600020.SH,0.0009186286275150303
2022-11-24,600020.SH,0.005576752423911567
2022-11-25,600020.SH,0.005882574389898901
2022-11-28,600020.SH,-0.017200172696387527
2022-11-29,600020.SH,-0.022949784013457788
2022-11-30,600020.SH,-0.010285732031900084
2022-12-01,600020.SH,0.0059259886452415825
2022-12-02,600020.SH,-0.012929599867475303
2022-12-05,600020.SH,-0.0013918877780793384
2022-12-06,600020.SH,0.008947514300039344
2022-12-07,600020.SH,-0.015523056245007133
2022-12-08,600020.SH,-0.02550447197253261
2022-12-09,600020.SH,0.0033924383085894797
2022-12-12,600020.SH,-0.0017017400022314496
2022-12-13,600020.SH,-0.021380224815635694
2022-12-14,600020.SH,0.018615574337169635
2022-12-15,600020.SH,0.024384028452129218
2022-12-16,600020.SH,-0.005601208187492462
2022-12-19,600020.SH,0.0017698564241546313
2022-12-20,600020.SH,-0.006604263436654942
2022-12-21,600020.SH,0.004074299365097326
2022-12-22,600020.SH,-0.0007455852864218741
2022-12-23,600020.SH,-0.008255668873180843
2022-12-26,600020.SH,-0.021282784311557536
2022-12-27,600020.SH,0.009965681574571597
2022-12-28,600020.SH,-0.013371861450528478
2022-12-29,600020.SH,0.0036007750629242037
2022-12-30,600020.SH,0.0029290520262098396
2023-01-02,600020.SH,-0.0017377653791778456
2023-01-03,600020.SH,0.007826558396563668
2023-01-04,600020.SH,0.0033953359223720695
2023-01-05,600020.SH,0.011431675530859347
2023-01-06,600020.SH,-0.006848762907209949
2023-01-09,600020.SH,0.00801957673839373
2023-01-10,600020.SH,0.007975050671762404
2023-01-11,600020.SH,0.000909933697093173
2023-01-12,600020.SH,0.011947432747149636
2023-01-13,600020.SH,-0.004319720250376492
2023-01-16,600020.SH,0.014921247247946103
2023-01-17,600020.SH,0.023753929136108916
2023-01-18,600020.SH,0.002042427174965081
2023-01-19,600020.SH,0.022271358274990927
2023-01-20,600020.SH,0.024503553576048318
2023-01-23,600020.SH,-0.008785201569221662
2023-01-24,600020.SH,-0.019224457823336046
2023-01-25,600020.SH,0.0036648973627090038
2023-01-26,600020.SH,0.012269028353440915
2023-01-27,600020.SH,-0.0001630586586207879
2023-01-30,600020.SH,0.0039523802559444975
2023-01-31,600020.SH,-0.03781710261943423
2023-02-01,600020.SH,0.005513884707895433
2023-02-02,600020.SH,-0.003895104686217333
2023-02-03,600020.SH,0.000297270860835001
2023-02-06,600020.SH,0.006178109324240469
2023-02-07,600020.SH,0.007876539976151262
2023-02-08,600020.SH,0.004374320874841365
2023-02-09,600020.SH,-0.01731083697363112
2023-02-10,600020.SH,0.005078524655441055
2023-02-13,600020.SH,0.004278160429578756
2023-02-14,600020.SH,0.013672426634507049
2023-02-15,600020.SH,0.03295403390824723
2023-02-16,600020.SH,-0.037458874263166464
2023-02-17,600020.SH,-0.005779570372259607
2023-02-20,600020.SH,-0.006010567000596871
2023-02-21,600020.SH,0.004093023801347538
2023-02-22,600020.SH,-0.002841298068389932
2023-02-23,600020.SH,-0.016394594990630118
2023-02-24,600020.SH,0.012900007483724614
2023-02-27,600020.SH,0.002804659601505643
2023-02-28,600020.SH,-0.02268210591325516
2023-03-01,600020.SH,-0.003331628601394916
2023-03-02,600020.SH,-0.0062314776592430204
2023-03-03,600020.SH,-0.012776496925749241
2023-03-06,600020.SH,-0.008908902973624297
2023-03-07,600020.SH,-0.004330551325155682
2023-03-08,600020.SH,0.0025352056176008667
2023-03-09,600020.SH,0.013398904476463615
2023-03-10,600020.SH,0.013263487560412185
2023-03-13,600020.SH,0.020045768752139585
2023-03-14,600020.SH,0.0015621949193922896
2023-03-15,600020.SH,0.01370952732702879
2023-03-16,600020.SH,-0.0021158787769107183
2023-03-17,600020.SH,0.006553440009021626
2023-03-20,600020.SH,0.0047497454330427975
2023-03-21,600020.SH,-0.003580975795829342
2023-03-22,600020.SH,-0.00039527096105557245
2023-03-23,600020.SH,-0.0002107981336985868
2023-03-24,600020.SH,-0.0018359233296968295
2023-03-27,600020.SH,0.00045974446622201737
2023-03-28,600020.SH,0.006991590272249227
2023-03-29,600020.SH,0.009979742172075206
2023-03-30,600020.SH,0.02121648924376071
2023-03-31,600020.SH,0.0030244919986323233
2023-04-03,600020.SH,-0.008915570204009524
2023-04-04,600020.SH,-0.018738494504981596
2023-04-05,600020.SH,-0.014381734863528738
2023-04-06,600020.SH,-0.0232034064850413
2023-04-07,600020.SH,0.002069268865668562
2023-04-10,600020.SH,0.01204803953208719
2023-04-11,600020.SH,0.0003034607201389799
2023-04-12,600020.SH,-0.009461069401684293
2023-04-13,600020.SH,-0.014082115574786586
2023-04-14,600020.SH,0.016765948421200525
2023-04-17,600020.SH,-0.01708753827147939
2023-04-18,600020.SH,-0.018590461200005643
2023-04-19,600020.SH,0.010456581947273228
2023-04-20,600020.SH,0.00708494005537536
2023-04-21,600020.SH,0.025257828665974372
2023-04-24,600020.SH,-0.023592372456726154
2023-04-25,600020.SH,0.010894775629809998
2023-04-26,600020.SH,0.011398241891853674
2023-04-27,600020.SH,-0.0019022360390384915
2023-04-28,600020.SH,0.005500469774119299
2023-05-01,600020.SH,-0.009092240905128897
2023-05-02,600020.SH,0.001020091777610462
2023-05-03,600020.SH,-0.009378850424762431
2023-05-04,600020.SH,-0.023937111558678746
2023-05-05,600020.SH,-0.013556707665051983
2023-05-08,600020.SH,0.00890072144139329
2023-05-09,600020.SH,0.004154399955389777
2023-05-10,600020.SH,-0.006189053501927177
2023-05-11,600020.SH,-0.010404331457288847
2023-05-12,600020.SH,-0.002433251082980958
2023-05-15,600020.SH,-0.0029165649645783148
2023-05-16,600020.SH,-0.004848048859888642
2023-05-17,600020.SH,0.003341106669430119
2023-05-18,600020.SH,-0.001072080851596915
2023-05-19,600020.SH,0.02151589625092915
2022-01-03,600021.SH,0.0022375663377261963
2022-01-04,600021.SH,0.002834153781045491
2022-01-05,600021.SH,-0.002296118203346088
2022-01-06,600021.SH,-0.00922494541862385
2022-01-07,600021.SH,-0.019131297976331937
2022-01-10,600021.SH,-0.026394653233640958
2022-01-11,600021.SH,0.001169454897029315
2022-01-12,600021.SH,-0.01033448198383531
2022-01-13,600021.SH,-0.019677123127580166
2022-01-14,600021.SH,0.010535900038013132
2022-01-17,600021.SH,0.001659566667848827
2022-01-18,600021.SH,-0.010153857546010395
2022-01-19,600021.SH,0.009509963485562625
2022-01-20,600021.SH,0.0017317860303514114
2022-01-21,600021.SH,0.014641735074922984
2022-01-24,600021.SH,-0.0142082830498464
2022-01-25,600021.SH,-0.002458970629967982
2022-01-26,600021.SH,-0.0042227437118615265
2022-01-27,600021.SH,0.012959796217499282
2022-01-28,600021.SH,0.007285430085515961
2022-01-31,600021.SH,-0.0023763102956553747
2022-02-01,600021.SH,-0.0001612691396856965
2022-02-02,600021.SH,0.017236616778626444
2022-02-03,600021.SH,0.0007694555291180799
2022-02-04,600021.SH,-0.00485320370994782
2022-02-07,600021.SH,-0.01727001788621714
2022-02-08,600021.SH,0.010250215052226678
2022-02-09,600021.SH,0.0033452895063241354
2022-02-10,600021.SH,-0.0008342976307391674
2022-02-11,600021.SH,0.016224231659979663
2022-02-14,600021.SH,0.0028548444778305343
2022-02-15,600021.SH,0.013189043022571938
2022-02-16,600021.SH,-0.004320674618916956
2022-02-17,600021.SH,-0.003335000040954038
2022-02-18,600021.SH,0.0009773942353012571
2022-02-21,600021.SH,-0.007638950783466169
2022-02-22,600021.SH,-0.0023076786458967975
2022-02-23,600021.SH,-0.003373802746772299
2022-02-24,600021.SH,0.00016640473849602409
2022-02-25,600021.SH,0.0032244103182085945
2022-02-28,600021.SH,-0.015979365042416642
2022-03-01,600021.SH,-0.011071379299384695
2022-03-02,600021.SH,0.015196118579323384
2022-03-03,600021.SH,-0.009068069253187398
2022-03-04,600021.SH,0.01520398105551791
2022-03-07,600021.SH,-0.007591358600343851
2022-03-08,600021.SH,0.005146871126306843
2022-03-09,600021.SH,0.008040846986196499
2022-03-10,600021.SH,-0.0027706359612335793
2022-03-11,600021.SH,0.016462783913501675
2022-03-14,600021.SH,0.003070238770203983
2022-03-15,600021.SH,0.00965881426970502
2022-03-16,600021.SH,-0.01433331663903659
2022-03-17,600021.SH,0.004029833139312497
2022-03-18,600021.SH,0.01202494616415626
2022-03-21,600021.SH,-0.006423882162178879
2022-03-22,600021.SH,0.015095989897678892
2022-03-23,600021.SH,0.0058435724060839885
2022-03-24,600021.SH,0.0007143114679711545
2022-03-25,600021.SH,0.012637370199162345
2022-03-28,600021.SH,-0.02414877889975013
2022-03-29,600021.SH,-0.0005409831935128812
2022-03-30,600021.SH,0.0013756838993437728
2022-03-31,600021.SH,-0.003842143111894225
2022-04-01,600021.SH,0.009269836980284104
2022-04-04,600021.SH,0.007809673342684577
2022-04-05,600021.SH,-0.003515670051059667
2022-04-06,600021.SH,-0.004384589031903386
2022-04-07,600021.SH,0.005963704460821038
2022-04-08,600021.SH,-0.005207430811516194
2022-04-11,600021.SH,-0.008807149636553558
2022-04-12,600021.SH,-0.01550543983566565
2022-04-13,600021.SH,0.019212476626687104
2022-04-14,600021.SH,-0.010116046502223046
2022-04-15,600021.SH,-0.004707954883780068
2022-04-18,600021.SH,0.00046646178677273945
2022-04-19,600021.SH,0.0169869129725531
2022-04-20,600021.SH,-0.01193302897116128
2022-04-21,600021.SH,0.009263946131599792
2022-04-22,600021.SH,9.168332703491863e-06
2022-04-25,600021.SH,0.006990224947204772
2022-04-26,600021.SH,0.007068024097576193
2022-04-27,600021.SH,0.00925386282495031
2022-04-28,600021.SH,-0.007563471417187807
2022-04-29,600021.SH,-0.007626542669772408
2022-05-02,600021.SH,-0.014745240475236784
2022-05-03,600021.SH,-0.0027642886364025003
2022-05-04,600021.SH,-0.00783994132849769
2022-05-05,600021.SH,0.0019821490116421064
2022-05-06,600021.SH,-0.013281469239927398
2022-05-09,600021.SH,0.009371803738973044
2022-05-10,600021.SH,-0.017753570831831468
2022-05-11,600021.SH,-0.0019035404284373659
2022-05-12,600021.SH,-0.012902801617476686
2022-05-13,600021.SH,-0.021995085823023085
2022-05-16,600021.SH,-2.9578753933072813e-05
2022-05-17,600021.SH,-0.004702417439698998
2022-05-18,600021.SH,0.003514056755893575
2022-05-19,600021.SH,0.018795465138800396
2022-05-20,600021.SH,-0.014972219514278136
2022-05-23,600021.SH,0.0119644161920936
2022-05-24,600021.SH,-0.004261230179500492
2022-05-25,600021.SH,0.004610891576957625
2022-05-26,600021.SH,0.0009667474017369775
2022-05-27,600021.SH,-0.01677194286647218
2022-05-30,600021.SH,0.004501198210103386
2022-05-31,600021.SH,0.0018493388124074814
2022-06-01,600021.SH,0.006440419259260948
2022-06-02,600021.SH,0.008871063988607084
2022-06-03,600021.SH,-0.012498990372246398
2022-06-06,600021.SH,0.008744055005365884
2022-06-07,600021.SH,0.004939525573830134
2022-06-08,600021.SH,0.0006603587502854473
2022-06-09,600021.SH,-0.009528468224000495
2022-06-10,600021.SH,0.009004874306774595
2022-06-13,600021.SH,-0.020508019738014697
2022-06-14,600021.SH,0.0005486749399737695
2022-06-15,600021.SH,-0.013663647774268319
2022-06-16,600021.SH,0.01558125130661617
2022-06-17,600021.SH,0.014504456738752784
2022-06-20,600021.SH,-0.012928827760444603
2022-06-21,600021.SH,0.002706725382622682
2022-06-22,600021.SH,0.00932484062099051
2022-06-23,600021.SH,-0.009803728715741753
2022-06-24,600021.SH,0.0014597851458747505
2022-06-27,600021.SH,0.006500125065924577
2022-06-28,600021.SH,-0.017263524126816258
2022-06-29,600021.SH,-0.019278189365332522
2022-06-30,600021.SH,0.005890567471814911
2022-07-01,600021.SH,0.002617361473263049
2022-07-04,600021.SH,0.0006247038484548583
2022-07-05,600021.SH,-0.0021915127810186955
2022-07-06,600021.SH,0.007232249918729871
2022-07-07,600021.SH,0.0037761674976329587
2022-07-08,600021.SH,-0.014922987444427403
2022-07-11,600021.SH,-0.006966505820439404
2022-07-12,600021.SH,-0.003815593084556661
2022-07-13,600021.SH,0.019339845984978184
2022-07-14,600021.SH,0.03118944122855631
2022-07-15,600021.SH,0.037110027735029374
2022-07-18,600021.SH,-0.0007658121505706526
2022-07-19,600021.SH,-0.017454045353905788
2022-07-20,600021.SH,-0.0042866336383488406
2022-07-21,600021.SH,0.007580763724664813
2022-07-22,600021.SH,-0.0032176853472461833
2022-07-25,600021.SH,-0.00965917893088894
2022-07-26,600021.SH,-0.000640136266110816
2022-07-27,600021.SH,-0.01197910768795043
2022-07-28,600021.SH,0.014868465407091469
2022-07-29,600021.SH,0.015045255535624861
2022-08-01,600021.SH,0.015041376742770018
2022-08-02,600021.SH,-0.0011999894815083326
2022-08-03,600021.SH,-0.027217679053846075
2022-08-04,600021.SH,-0.0019171619631264316
2022-08-05,600021.SH,0.020966557034030567
2022-08-08,600021.SH,0.005457323404216223
2022-08-09,600021.SH,0.0004503804426809168
2022-08-10,600021.SH,0.021997159606194236
2022-08-11,600021.SH,0.0021769744324226384
2022-08-12,600021.SH,0.015322013113514851
2022-08-15,600021.SH,-0.01504962793014486
2022-08-16,600021.SH,-0.015699366373694245
2022-08-17,600021.SH,0.029269012217833054
2022-08-18,600021.SH,-0.018529879716510447
2022-08-19,600021.SH,0.0047402337417153965
2022-08-22,600021.SH,-0.007879882873291976
2022-08-23,600021.SH,0.017812478836853173
2022-08-24,600021.SH,0.009222287409099375
2022-08-25,600021.SH,0.003317545960503903
2022-08-26,600021.SH,-0.00435040898810014
2022-08-29,600021.SH,0.0069117386273843074
2022-08-30,600021.SH,0.043826818039129294
2022-08-31,600021.SH,0.003272953146502917
2022-09-01,600021.SH,-0.008808124034669622
2022-09-02,600021.SH,-0.023202130304478562
2022-09-05,600021.SH,-0.004994111151394578
2022-09-06,600021.SH,0.010495627711810437
2022-09-07,600021.SH,-0.00406606949408382
2022-09-08,600021.SH,-0.0011098849541475424
2022-09-09,600021.SH,0.02006676988489322
2022-09-12,600021.SH,0.02291968310734694
2022-09-13,600021.SH,0.00016673284622830786
2022-09-14,600021.SH,-0.015370217293328502
2022-09-15,600021.SH,0.02222398610950324
2022-09-16,600021.SH,0.0029395087730792638
2022-09-19,600021.SH,-0.004978956320055614
2022-09-20,600021.SH,0.008590176682705612
2022-09-21,600021.SH,0.00046111458857065087
2022-09-22,600021.SH,-0.035204357643312006
2022-09-23,600021.SH,0.004961877036520963
2022-09-26,600021.SH,0.012684785653189238
2022-09-27,600021.SH,0.00590895540682537
2022-09-28,600021.SH,-0.008222964415329614
2022-09-29,600021.SH,0.0033701353181982523
2022-09-30,600021.SH,-0.0015846729595450793
2022-10-03,600021.SH,-0.011841039884788202
2022-10-04,600021.SH,0.010567160862999327
2022-10-05,600021.SH,-0.014271997532622623
2022-10-06,600021.SH,-0.013564305126124556
2022-10-07,600021.SH,0.00624514838750787
2022-10-10,600021.SH,0.005225795493563608
2022-10-11,600021.SH,0.020484412222871805
2022-10-12,600021.SH,-0.0046012507540004535
2022-10-13,600021.SH,-0.002799542678582589
2022-10-14,600021.SH,-0.0027941879328390717
2022-10-17,600021.SH,-0.015619334855385646
2022-10-18,600021.SH,0.005768764929463278
2022-10-19,600021.SH,0.003454542591434807
2022-10-20,600021.SH,0.0015756762072307471
2022-10-21,600021.SH,-0.009551062695710977
2022-10-24,600021.SH,-0.0008380180284054892
2022-10-25,600021.SH,-0.012711699471898506
2022-10-26,600021.SH,-0.012705344827558656
2022-10-27,600021.SH,-0.013490295454204595
2022-10-28,600021.SH,0.003825958160194774
2022-10-31,600021.SH,0.014515553744678403
2022-11-01,600021.SH,-0.0061908247693181545
2022-11-02,600021.SH,0.017460404212542698
2022-11-03,600021.SH,0.0033069876233988577
2022-11-04,600021.SH,0.00953132165240541
2022-11-07,600021.SH,0.03190049388363122
2022-11-08,600021.SH,0.012525784867513552
2022-11-09,600021.SH,0.0061833627769318006
2022-11-10,600021.SH,0.0011241865191049475
2022-11-11,600021.SH,-0.012147253312654756
2022-11-14,600021.SH,0.0006083820700021072
2022-11-15,600021.SH,0.019749964617996066
2022-11-16,600021.SH,0.012577257420900538
2022-11-17,600021.SH,-0.002387080501303305
2022-11-18,600021.SH,0.0040447296525641
2022-11-21,600021.SH,-0.007784965243984541
2022-11-22,600021.SH,-0.00649509492392127
2022-11-23,600021.SH,-0.004832460769728526
2022-11-24,600021.SH,0.02061868970866821
2022-11-25,600021.SH,-0.002335342535810518
2022-11-28,600021.SH,-0.015419310104536458
2022-11-29,600021.SH,-0.019115187654405476
2022-11-30,600021.SH,-0.018734324141432876
2022-12-01,600021.SH,-0.008145609151402076
2022-12-02,600021.SH,-0.00621931484491455
2022-12-05,600021.SH,-0.012759555728894083
2022-12-06,600021.SH,0.015091901464014838
2022-12-07,600021.SH,-0.025623368326274175
2022-12-08,600021.SH,-0.004672432446304571
2022-12-09,600021.SH,0.03890105850554512
2022-12-12,600021.SH,0.0004732983869746316
2022-12-13,600021.SH,-0.009089672448614788
2022-12-14,600021.SH,0.0033546218323372377
2022-12-15,600021.SH,0.0096199155880787
2022-12-16,600021.SH,-0.013488049980177955
2022-12-19,600021.SH,-0.009815998993443327
2022-12-20,600021.SH,-0.004463024682057247
2022-12-21,600021.SH,0.010566446600532298
2022-12-22,600021.SH,-0.008917327556282769
2022-12-23,600021.SH,0.0028898967089160854
2022-12-26,600021.SH,-0.006159261586130341
2022-12-27,600021.SH,-0.003344309365597551
2022-12-28,600021.SH,-0.004605969398065608
2022-12-29,600021.SH,-0.00302543565036102
2022-12-30,600021.SH,0.007365070607174375
2023-01-02,600021.SH,0.0004170759754412532
2023-01-03,600021.SH,-0.018266998039665888
2023-01-04,600021.SH,0.006039172732877695
2023-01-05,600021.SH,0.0010140194768876593
2023-01-06,600021.SH,0.0025210278979137307
2023-01-09,600021.SH,-0.004032240201533385
2023-01-10,600021.SH,0.018823981574482358
2023-01-11,600021.SH,-0.007884787868618945
2023-01-12,600021.SH,0.007032964844782274
2023-01-13,600021.SH,0.002001180435370666
2023-01-16,600021.SH,0.00023564122195492143
2023-01-17,600021.SH,0.019600533335059765
2023-01-18,600021.SH,0.004838095934102436
2023-01-19,600021.SH,0.01115870420100943
2023-01-20,600021.SH,0.02364676197108155
2023-01-23,600021.SH,-0.0032242220799891894
2023-01-24,600021.SH,-0.004468877563605461
2023-01-25,600021.SH,-0.02183012785602525
2023-01-26,600021.SH,-0.0008036686486566046
2023-01-27,600021.SH,0.002615860505538972
2023-01-30,600021.SH,0.007522014312941608
2023-01-31,600021.SH,-0.030980594122703847
2023-02-01,600021.SH,0.012392381532472088
2023-02-02,600021.SH,-0.004558927060268072
2023-02-03,600021.SH,0.003913434681395843
2023-02-06,600021.SH,-0.007291842747844675
2023-02-07,600021.SH,-0.009126485060647702
2023-02-08,600021.SH,0.0011777799664424717
2023-02-09,600021.SH,-0.011499719497215694
2023-02-10,600021.SH,0.01186154526980357
2023-02-13,600021.SH,-0.002010516950324086
2023-02-14,600021.SH,-0.0002962661341131224
2023-02-15,600021.SH,0.017689945973255336
2023-02-16,600021.SH,-0.03058274191945331
2023-02-17,600021.SH,-0.014786338669362615
2023-02-20,600021.SH,0.005495615165395946
2023-02-21,600021.SH,-0.008628755162591295
2023-02-22,600021.SH,-0.013975418188064885
2023-02-23,600021.SH,-0.005686213947619784
2023-02-24,600021.SH,0.007874604969552276
2023-02-27,600021.SH,0.001280506288784367
2023-02-28,600021.SH,-0.018462251668742463
2023-03-01,600021.SH,-0.002126691449877694
2023-03-02,600021.SH,0.01513499119542265
2023-03-03,600021.SH,0.008569509509075306
2023-03-06,600021.SH,-0.012631636545684333
2023-03-07,600021.SH,0.003086297514587913
2023-03-08,600021.SH,-0.003161505101716625
2023-03-09,600021.SH,-0.0020652195759932723
2023-03-10,600021.SH,0.014907125502698416
2023-03-13,600021.SH,0.01394160260328068
2023-03-14,600021.SH,0.002538102176302169
2023-03-15,600021.SH,0.016431611316484598
2023-03-16,600021.SH,0.004295309869437653
2023-03-17,600021.SH,0.004988131394153298
2023-03-20,600021.SH,-0.005334023550186604
2023-03-21,600021.SH,-0.003730282199904203
2023-03-22,600021.SH,-0.0032600155001163344
2023-03-23,600021.SH,0.012024827368753387
2023-03-24,600021.SH,-0.007442837311730585
2023-03-27,600021.SH,-0.0055271677606693066
2023-03-28,600021.SH,-0.011514486971473153
2023-03-29,600021.SH,0.01335879480721923
2023-03-30,600021.SH,0.020723684916558856
2023-03-31,600021.SH,0.016089323876761964
2023-04-03,600021.SH,0.001729513404339216
2023-04-04,600021.SH,-0.01033291749079817
2023-04-05,600021.SH,-0.011903839608319892
2023-04-06,600021.SH,0.003713374024606109
2023-04-07,600021.SH,-0.0022802972938499146
2023-04-10,600021.SH,0.00539525533410829
2023-04-11,600021.SH,0.003432315826252817
2023-04-12,600021.SH,-0.010861805749266127
2023-04-13,600021.SH,0.005006960836645147
2023-04-14,600021.SH,-0.0017601441514605047
2023-04-17,600021.SH,-0.008178823733893094
2023-04-18,600021.SH,0.00036814234734026865
2023-04-19,600021.SH,-0.004911590265235469
2023-04-20,600021.SH,0.01117959095020514
2023-04-21,600021.SH,0.007614447471737616
2023-04-24,600021.SH,-0.03387110427899101
2023-04-25,600021.SH,0.004961898720018178
2023-04-26,600021.SH,0.00011864793642923167
2023-04-27,600021.SH,0.004610785204141511
2023-04-28,600021.SH,0.013285974588115323
2023-05-01,600021.SH,-0.013914207484937123
2023-05-02,600021.SH,0.008644604855232736
2023-05-03,600021.SH,-0.0070678235385042585
2023-05-04,600021.SH,-0.01607427855063574
2023-05-05,600021.SH,0.018473778674056435
2023-05-08,600021.SH,0.0077561115788843775
2023-05-09,600021.SH,0.011366727420168074
2023-05-10,600021.SH,0.022968222864559018
2023-05-11,600021.SH,0.012651464760896744
2023-05-12,600021.SH,0.019857150410462557
2023-05-15,600021.SH,-0.0012076964274277376
2023-05-16,600021.SH,-0.008053916597383255
2023-05-17,600021.SH,-0.0009804283780825325
2023-05-18,600021.SH,0.00021283959551898768
2023-05-19,600021.SH,0.0028880491063689303
2022-01-03,600022.SH,0.006470250344024249
2022-01-04,600022.SH,-0.010463316717895244
2022-01-05,600022.SH,0.002265583378321905
2022-01-06,600022.SH,0.005725945288196933
2022-01-07,600022.SH,-0.008363527007578564
2022-01-10,600022.SH,-0.0020101617731943626
2022-01-11,600022.SH,-0.009039693271373994
2022-01-12,600022.SH,0.005093484855565834
2022-01-13,600022.SH,-0.006641621567596607
2022-01-14,600022.SH,-0.002135134902178107
2022-01-17,600022.SH,0.005115526374277746
2022-01-18,600022.SH,0.02188022097582143
2022-01-19,600022.SH,-0.0036525007093217276
2022-01-20,600022.SH,0.010804048064692096
2022-01-21,600022.SH,0.009806006313610642
2022-01-24,600022.SH,-0.015613928204294728
2022-01-25,600022.SH,0.002221435718390539
2022-01-26,600022.SH,-0.010336909652863364
2022-01-27,600022.SH,0.0018894675763984478
2022-01-28,600022.SH,-0.0047966373027224195
2022-01-31,600022.SH,0.009641247073005859
2022-02-01,600022.SH,-0.011432943702834864
2022-02-02,600022.SH,0.0154444095361083
2022-02-03,600022.SH,0.0019097141637610256
2022-02-04,600022.SH,-0.017396423735056617
2022-02-07,600022.SH,0.0023746259803585764
2022-02-08,600022.SH,-0.009876658613150152
2022-02-09,600022.SH,0.009204470796564227
2022-02-10,600022.SH,-0.001770055538540574
2022-02-11,600022.SH,0.003530240556627584
2022-02-14,600022.SH,0.004190381310700302
2022-02-15,600022.SH,-0.002027496895028765
2022-02-16,600022.SH,0.0051715623471338965
2022-02-17,600022.SH,-0.014579836106209231
2022-02-18,600022.SH,-0.0011438354808361454
2022-02-21,600022.SH,0.013577988577442027
2022-02-22,600022.SH,0.003884603575230392
2022-02-23,600022.SH,-0.03106304479978529
2022-02-24,600022.SH,0.013558213912297815
2022-02-25,600022.SH,0.010490277138080921
2022-02-28,600022.SH,0.012915219994157155
2022-03-01,600022.SH,0.002909829679821391
2022-03-02,600022.SH,-0.023877612743832002
2022-03-03,600022.SH,0.008604511197036159
2022-03-04,600022.SH,-0.004718393809183036
2022-03-07,600022.SH,0.007188825715665503
2022-03-08,600022.SH,0.004783419520958231
2022-03-09,600022.SH,0.0041691581813612325
2022-03-10,600022.SH,-0.002318655309517288
2022-03-11,600022.SH,0.009184521982700448
2022-03-14,600022.SH,-0.009570835205056846
2022-03-15,600022.SH,0.027506000060100223
2022-03-16,600022.SH,0.01072223979102479
2022-03-17,600022.SH,0.013769626123806696
2022-03-18,600022.SH,0.008991808623402738
2022-03-21,600022.SH,-0.005956506368283146
2022-03-22,600022.SH,0.009464329047658614
2022-03-23,600022.SH,0.01099776550711389
2022-03-24,600022.SH,-0.022461824347999017
2022-03-25,600022.SH,0.022778240977038726
2022-03-28,600022.SH,-0.0021747135437013843
2022-03-29,600022.SH,-0.0029924713164405526
2022-03-30,600022.SH,-0.010949818052471458
2022-03-31,600022.SH,-0.0011722281149155129
2022-04-01,600022.SH,-0.012521643210532257
2022-04-04,600022.SH,0.015797586407779174
2022-04-05,600022.SH,-0.018822890246629302
2022-04-06,600022.SH,-0.0008305056398497739
2022-04-07,600022.SH,-0.0015731264277396512
2022-04-08,600022.SH,-0.015797469049047688
2022-04-11,600022.SH,-0.007821939653917658
2022-04-12,600022.SH,-0.012404291565148159
2022-04-13,600022.SH,0.001026272766240786
2022-04-14,600022.SH,-0.008698766734856957
2022-04-15,600022.SH,-0.0064337405661737
2022-04-18,600022.SH,-0.018352539252366767
2022-04-19,600022.SH,-0.0252614879939715
2022-04-20,600022.SH,0.01925024162839884
2022-04-21,600022.SH,0.025840705592735387
2022-04-22,600022.SH,-0.0015475102655223784
2022-04-25,600022.SH,-0.004584085758605826
2022-04-26,600022.SH,-0.008279896783434281
2022-04-27,600022.SH,0.005831311252343064
2022-04-28,600022.SH,-0.008197793350207094
2022-04-29,600022.SH,-0.007190378494295425
2022-05-02,600022.SH,0.003768219341472158
2022-05-03,600022.SH,-0.00944334542245037
2022-05-04,600022.SH,-0.0051619745100972125
2022-05-05,600022.SH,0.006779181988102354
2022-05-06,600022.SH,-0.006196631955634862
2022-05-09,600022.SH,0.009840374328017452
2022-05-10,600022.SH,-0.005503673472567208
2022-05-11,600022.SH,-0.002112713449870928
2022-05-12,600022.SH,0.013201879974434397
2022-05-13,600022.SH,-0.015180595923933763
2022-05-16,600022.SH,-0.002378856377464775
2022-05-17,600022.SH,-0.028501925457673508
2022-05-18,600022.SH,-0.012681604757217801
2022-05-19,600022.SH,0.0034750800245482213
2022-05-20,600022.SH,0.011989474349184103
2022-05-23,600022.SH,-0.022624821264914025
2022-05-24,600022.SH,0.009431727763360756
2022-05-25,600022.SH,0.011716776740671224
2022-05-26,600022.SH,-0.0019500795049320271
2022-05-27,600022.SH,-0.009597329544335719
2022-05-30,600022.SH,0.0016738893876143551
2022-05-31,600022.SH,-0.005755090902056847
2022-06-01,600022.SH,0.01294544014733964
2022-06-02,600022.SH,0.011207203200391484
2022-06-03,600022.SH,-0.0005408344303965973
2022-06-06,600022.SH,-0.00012469442473225486
2022-06-07,600022.SH,-0.005503369293844743
2022-06-08,600022.SH,-0.007010431575770711
2022-06-09,600022.SH,-0.023159493768783655
2022-06-10,600022.SH,0.005412153023811908
2022-06-13,600022.SH,-0.008094722800062877
2022-06-14,600022.SH,-0.004856479308937123
2022-06-15,600022.SH,0.00516140126039756
2022-06-16,600022.SH,0.0013770733508244367
2022-06-17,600022.SH,0.00579017711877375
2022-06-20,600022.SH,-0.012971353825888527
2022-06-21,600022.SH,0.013025169520592371
2022-06-22,600022.SH,-0.002167402310521551
2022-06-23,600022.SH,0.017192597267502736
2022-06-24,600022.SH,0.008476513705045687
2022-06-27,600022.SH,0.010293987210340944
2022-06-28,600022.SH,0.012805892051232767
2022-06-29,600022.SH,-0.026144078558015246
2022-06-30,600022.SH,0.00496992313042334
2022-07-01,600022.SH,-0.008289436755823273
2022-07-04,600022.SH,0.004776682348301986
2022-07-05,600022.SH,-0.0041110244117619045
2022-07-06,600022.SH,-0.0026517572355981827
2022-07-07,600022.SH,-0.010925735628543157
2022-07-08,600022.SH,-0.005212899341531224
2022-07-11,600022.SH,-0.01115712294376547
2022-07-12,600022.SH,0.011872403574266534
2022-07-13,600022.SH,0.004923003114524817
2022-07-14,600022.SH,0.026207944908017176
2022-07-15,600022.SH,0.027543944570149654
2022-07-18,600022.SH,0.006195025403349456
2022-07-19,600022.SH,-0.011656416947657657
2022-07-20,600022.SH,-0.014732094105235308
2022-07-21,600022.SH,0.01407021884827778
2022-07-22,600022.SH,-0.007045683349115805
2022-07-25,600022.SH,0.0019888863554010706
2022-07-26,600022.SH,-0.004433173629981404
2022-07-27,600022.SH,0.00011971333612313651
2022-07-28,600022.SH,0.025761949415684136
2022-07-29,600022.SH,0.01327368884995827
2022-08-01,600022.SH,-0.000475040544352323
2022-08-02,600022.SH,-0.0061406891432461514
2022-08-03,600022.SH,-0.020416168593144546
2022-08-04,600022.SH,-0.005620178735236179
2022-08-05,600022.SH,0.0026637174689395863
2022-08-08,600022.SH,0.022649575204330342
2022-08-09,600022.SH,0.008534405140892277
2022-08-10,600022.SH,-0.0032306744708606415
2022-08-11,600022.SH,0.005775462518473097
2022-08-12,600022.SH,-0.010367286925111727
2022-08-15,600022.SH,-0.017590847654634353
2022-08-16,600022.SH,0.007562038858033191
2022-08-17,600022.SH,0.03166054782686085
2022-08-18,600022.SH,-0.003933623610388487
2022-08-19,600022.SH,0.013795849648943108
2022-08-22,600022.SH,0.0004510746627481091
2022-08-23,600022.SH,0.021410305631116462
2022-08-24,600022.SH,0.010360292983164156
2022-08-25,600022.SH,-0.014529985955650412
2022-08-26,600022.SH,0.019771977280627805
2022-08-29,600022.SH,0.005418267331365307
2022-08-30,600022.SH,-0.001526664440871002
2022-08-31,600022.SH,-0.013936118566300337
2022-09-01,600022.SH,-0.0047567118060971485
2022-09-02,600022.SH,-0.013006100978232746
2022-09-05,600022.SH,0.004680656881766548
2022-09-06,600022.SH,0.020066798464066112
2022-09-07,600022.SH,-0.004384485971380449
2022-09-08,600022.SH,-0.012110186535722434
2022-09-09,600022.SH,0.006144793795540124
2022-09-12,600022.SH,0.005114135380884863
2022-09-13,600022.SH,0.003216017868234832
2022-09-14,600022.SH,-0.016720682216292544
2022-09-15,600022.SH,0.006328482435732735
2022-09-16,600022.SH,0.010579570418092875
2022-09-19,600022.SH,0.018345373012435905
2022-09-20,600022.SH,-0.006417704210957438
2022-09-21,600022.SH,-0.02147839594694452
2022-09-22,600022.SH,-0.010787636696447398
2022-09-23,600022.SH,0.018817751428044087
2022-09-26,600022.SH,0.017841077168191888
2022-09-27,600022.SH,-0.006557752149873904
2022-09-28,600022.SH,-8.72541442218681e-05
2022-09-29,600022.SH,0.026715109050697565
2022-09-30,600022.SH,-0.006804918583257628
2022-10-03,600022.SH,-0.023489295509832815
2022-10-04,600022.SH,0.007178617738518777
2022-10-05,600022.SH,0.017282728729249373
2022-10-06,600022.SH,-0.012914883064916526
2022-10-07,600022.SH,-0.0010102965699058796
2022-10-10,600022.SH,0.00043724206007012467
2022-10-11,600022.SH,0.012218684483260375
2022-10-12,600022.SH,0.0026672007867516822
2022-10-13,600022.SH,0.016551230206844108
2022-10-14,600022.SH,-0.015553543944240073
2022-10-17,600022.SH,0.012382848356679528
2022-10-18,600022.SH,-0.007922398750207794
2022-10-19,600022.SH,-0.013251872223135355
2022-10-20,600022.SH,-0.013717048765816066
2022-10-21,600022.SH,-0.020843857816808028
2022-10-24,600022.SH,0.010085034458106504
2022-10-25,600022.SH,0.009928861142801917
2022-10-26,600022.SH,0.004827406713613952
2022-10-27,600022.SH,0.0029941180749481675
2022-10-28,600022.SH,-0.006751698005040238
2022-10-31,600022.SH,0.005578728689700126
2022-11-01,600022.SH,0.01415133837936403
2022-11-02,600022.SH,0.030786121262440153
2022-11-03,600022.SH,0.013643433923968993
2022-11-04,600022.SH,0.002484905403914596
2022-11-07,600022.SH,0.026560635258861095
2022-11-08,600022.SH,0.004037163472843008
2022-11-09,600022.SH,-0.006122486326652856
2022-11-10,600022.SH,-0.023156779790893502
2022-11-11,600022.SH,-0.010544065324576416
2022-11-14,600022.SH,0.0023238269863306163
2022-11-15,600022.SH,0.017219869686004592
2022-11-16,600022.SH,0.00032033984305651457
2022-11-17,600022.SH,-0.0071991805949679225
2022-11-18,600022.SH,-0.005483370137052858
2022-11-21,600022.SH,-0.02343602456753683
2022-11-22,600022.SH,-0.008427446217908597
2022-11-23,600022.SH,-0.0006846899784407182
2022-11-24,600022.SH,0.003480457567861202
2022-11-25,600022.SH,0.0034340309458105282
2022-11-28,600022.SH,-0.024262187141475492
2022-11-29,600022.SH,-0.03703630214501895
2022-11-30,600022.SH,-0.001268469519868343
2022-12-01,600022.SH,-0.007538043400953446
2022-12-02,600022.SH,-0.00019336405873885635
2022-12-05,600022.SH,-0.012404621308131646
2022-12-06,600022.SH,-0.009933338484943773
2022-12-07,600022.SH,-0.014134988457802526
2022-12-08,600022.SH,-0.016152143316607886
2022-12-09,600022.SH,0.032544690942783325
2022-12-12,600022.SH,-0.013541653149444166
2022-12-13,600022.SH,-0.009306136144807898
2022-12-14,600022.SH,0.03944948962254994
2022-12-15,600022.SH,0.021292935086616387
2022-12-16,600022.SH,-0.0038109643786118277
2022-12-19,600022.SH,0.0035171026795592863
2022-12-20,600022.SH,0.010046460844706222
2022-12-21,600022.SH,0.016724453809357262
2022-12-22,600022.SH,-0.005956448683320803
2022-12-23,600022.SH,-0.0009588798691657163
2022-12-26,600022.SH,0.0004587615861562193
2022-12-27,600022.SH,0.006733316624125634
2022-12-28,600022.SH,0.017277209804405124
2022-12-29,600022.SH,0.011036235373507246
2022-12-30,600022.SH,-0.007959986244713488
2023-01-02,600022.SH,0.006652908029262579
2023-01-03,600022.SH,-0.010822859007378163
2023-01-04,600022.SH,-0.0007477624249871396
2023-01-05,600022.SH,0.005035880691288424
2023-01-06,600022.SH,0.01864398011494303
2023-01-09,600022.SH,0.0003930648216048478
2023-01-10,600022.SH,-0.003592448472883844
2023-01-11,600022.SH,0.02462780920597899
2023-01-12,600022.SH,0.0013878552783126636
2023-01-13,600022.SH,0.0182342948717351
2023-01-16,600022.SH,-0.0037038910955848547
2023-01-17,600022.SH,0.0049937569166408164
2023-01-18,600022.SH,-0.0038332016639068905
2023-01-19,600022.SH,0.026170897886547046
2023-01-20,600022.SH,0.026164614722841935
2023-01-23,600022.SH,-0.007263249880956665
2023-01-24,600022.SH,-0.009628963199762508
2023-01-25,600022.SH,0.0002514934678748606
2023-01-26,600022.SH,0.008233657246867641
2023-01-27,600022.SH,-0.0028318608841549943
2023-01-30,600022.SH,0.013936568765826905
2023-01-31,600022.SH,-0.0029221558486684316
2023-02-01,600022.SH,0.0029230869457440595
2023-02-02,600022.SH,0.0057590279855943595
2023-02-03,600022.SH,-0.020968193434358153
2023-02-06,600022.SH,-0.012727007564386583
2023-02-07,600022.SH,0.003351389956185956
2023-02-08,600022.SH,0.0007338022626483844
2023-02-09,600022.SH,-0.012006130403734785
2023-02-10,600022.SH,-0.00798764539178344
2023-02-13,600022.SH,-0.012666262725210677
2023-02-14,600022.SH,0.005771098665951855
2023-02-15,600022.SH,-0.007904456182973744
2023-02-16,600022.SH,-0.03064903982305234
2023-02-17,600022.SH,-0.020524217594400686
2023-02-20,600022.SH,0.005602305409559382
2023-02-21,600022.SH,-0.015659383583050218
2023-02-22,600022.SH,-0.0026580246652149163
2023-02-23,600022.SH,0.0023414658976455734
2023-02-24,600022.SH,0.019358303682421897
2023-02-27,600022.SH,-0.004240273978474731
2023-02-28,600022.SH,-0.009286795223019544
2023-03-01,600022.SH,-0.0029790888542190405
2023-03-02,600022.SH,-0.014559562142085732
2023-03-03,600022.SH,-0.0016252943105315185
2023-03-06,600022.SH,0.0038597234836996626
2023-03-07,600022.SH,0.003320939363356568
2023-03-08,600022.SH,0.0032489474727628604
2023-03-09,600022.SH,0.011711581910001682
2023-03-10,600022.SH,-0.008578590475537239
2023-03-13,600022.SH,0.0018898371274891452
2023-03-14,600022.SH,-0.004726222015575897
2023-03-15,600022.SH,0.01473468312673165
2023-03-16,600022.SH,0.0014836656333063933
2023-03-17,600022.SH,0.005209194478177623
2023-03-20,600022.SH,-0.004119762929339053
2023-03-21,600022.SH,0.0007564389367645086
2023-03-22,600022.SH,-0.00017808091681997817
2023-03-23,600022.SH,0.009409981737782654
2023-03-24,600022.SH,-0.012269947150964508
2023-03-27,600022.SH,0.010276285537389112
2023-03-28,600022.SH,0.006736026976486363
2023-03-29,600022.SH,0.003809717840512262
2023-03-30,600022.SH,0.005412924603123321
2023-03-31,600022.SH,0.026184234891640276
2023-04-03,600022.SH,-0.005181409243564408
2023-04-04,600022.SH,0.005470699917333512
2023-04-05,600022.SH,-0.013927175130581362
2023-04-06,600022.SH,-0.012829703652805892
2023-04-07,600022.SH,-0.013648138707690317
2023-04-10,600022.SH,0.033969097434907544
2023-04-11,600022.SH,6.677019871004913e-05
2023-04-12,600022.SH,-0.0105998549939153
2023-04-13,600022.SH,-0.011817226330922383
2023-04-14,600022.SH,0.001218284821949589
2023-04-17,600022.SH,-0.013016898984094133
2023-04-18,600022.SH,-0.006697990265396643
2023-04-19,600022.SH,-0.032796023757827426
2023-04-20,600022.SH,0.009814094648871842
2023-04-21,600022.SH,0.005048157992661966
2023-04-24,600022.SH,-0.007944628094660863
2023-04-25,600022.SH,0.015525543315036097
2023-04-26,600022.SH,-0.0013008120280573517
2023-04-27,600022.SH,0.011473413099721098
2023-04-28,600022.SH,0.0019139896487615927
2023-05-01,600022.SH,-0.008832482787476899
2023-05-02,600022.SH,-0.010453585392874613
2023-05-03,600022.SH,-0.0071197240989537116
2023-05-04,600022.SH,-0.014508641977672043
2023-05-05,600022.SH,0.025812316856405865
2023-05-08,600022.SH,0.004756908268913734
2023-05-09,600022.SH,0.02173755336353103
2023-05-10,600022.SH,-0.012054876430332397
2023-05-11,600022.SH,0.016988620565209583
2023-05-12,600022.SH,0.002026172075542853
2023-05-15,600022.SH,0.004116310875989378
2023-05-16,600022.SH,0.004042035428183717
2023-05-17,600022.SH,0.008777663253495533
2023-05-18,600022.SH,-0.004399355918801779
2023-05-19,600022.SH,-0.008572074820140997
2022-01-03,600023.SH,0.01124080615896109
2022-01-04,600023.SH,0.008996693093329977
2022-01-05,600023.SH,0.00016557534389047453
2022-01-06,600023.SH,-0.010827803033320614
2022-01-07,600023.SH,-0.010615085825692806
2022-01-10,600023.SH,-0.013729239995420035
2022-01-11,600023.SH,-0.0002883053342146822
2022-01-12,600023.SH,0.0030318368185614625
2022-01-13,600023.SH,-0.004698333558290296
2022-01-14,600023.SH,-0.009512871134025354
2022-01-17,600023.SH,0.006033988629536765
2022-01-18,600023.SH,0.02091987486328175
2022-01-19,600023.SH,0.0008289416216255441
2022-01-20,600023.SH,-0.003338806152405338
2022-01-21,600023.SH,-0.008218710073394787
2022-01-24,600023.SH,-0.005482040486469894
2022-01-25,600023.SH,-0.008344273734249799
2022-01-26,600023.SH,-0.0232940956758736
2022-01-27,600023.SH,0.013382962319798287
2022-01-28,600023.SH,0.006445576740796423
2022-01-31,600023.SH,-0.005160264247300617
2022-02-01,600023.SH,-0.002510843443714441
2022-02-02,600023.SH,0.011661547151347247
2022-02-03,600023.SH,0.004787958003140439
2022-02-04,600023.SH,0.002620876462093137
2022-02-07,600023.SH,-0.0288749542791781
2022-02-08,600023.SH,0.001853483899602847
2022-02-09,600023.SH,0.008102594396693957
2022-02-10,600023.SH,-0.0008027050176222382
2022-02-11,600023.SH,0.0038085944166613285
2022-02-14,600023.SH,0.024640180623744467
2022-02-15,600023.SH,-0.0024420677985553018
2022-02-16,600023.SH,0.010981252339776367
2022-02-17,600023.SH,0.004759680696828189
2022-02-18,600023.SH,0.0037421938508896252
2022-02-21,600023.SH,0.007051316634519346
2022-02-22,600023.SH,-0.029414820713252646
2022-02-23,600023.SH,-0.009986273784605483
2022-02-24,600023.SH,-0.020128538652635183
2022-02-25,600023.SH,0.007417037722603836
2022-02-28,600023.SH,0.007474740480827556
2022-03-01,600023.SH,0.011303791706709337
2022-03-02,600023.SH,0.008642627061172359
2022-03-03,600023.SH,0.0015945962878140744
2022-03-04,600023.SH,0.023737649592357787
2022-03-07,600023.SH,0.004074023226031143
2022-03-08,600023.SH,-0.00613073371358081
2022-03-09,600023.SH,-0.00383195436090374
2022-03-10,600023.SH,0.0017038415014969384
2022-03-11,600023.SH,0.006461904067444918
2022-03-14,600023.SH,-0.0071595438127731335
2022-03-15,600023.SH,0.0020705469786143627
2022-03-16,600023.SH,-0.0132676493668062
2022-03-17,600023.SH,-0.007038577807413847
2022-03-18,600023.SH,0.004351172582454821
2022-03-21,600023.SH,0.0013021910987068225
2022-03-22,600023.SH,0.00946453334122612
2022-03-23,600023.SH,0.008649278678763172
2022-03-24,600023.SH,0.005098626750933073
2022-03-25,600023.SH,-0.005893744023038613
2022-03-28,600023.SH,-0.02734680118282501
2022-03-29,600023.SH,-0.014817097100798333
2022-03-30,600023.SH,0.0013941414471609394
2022-03-31,600023.SH,0.01671355981665178
2022-04-01,600023.SH,-0.0003316081680534615
2022-04-04,600023.SH,0.00157984383195503
2022-04-05,600023.SH,-0.004949980131080877
2022-04-06,600023.SH,0.00202946689256001
2022-04-07,600023.SH,0.002087554016511493
2022-04-08,600023.SH,-0.0068646041782179324
2022-04-11,600023.SH,-0.02365944322028028
2022-04-12,600023.SH,-0.014783508823799058
2022-04-13,600023.SH,0.004418999241340435
2022-04-14,600023.SH,0.00488654603721488
2022-04-15,600023.SH,-0.0062591392139146294
2022-04-18,600023.SH,0.01788532255983149
2022-04-19,600023.SH,-0.009270156191294147
2022-04-20,600023.SH,0.01546787332343837
2022-04-21,600023.SH,0.0190407929307397
2022-04-22,600023.SH,-0.0019146560540152205
2022-04-25,600023.SH,-0.011331293373257584
2022-04-26,600023.SH,0.017599598624924342
2022-04-27,600023.SH,0.0009683297901248878
2022-04-28,600023.SH,-0.006292773399192534
2022-04-29,600023.SH,-5.438016961760092e-06
2022-05-02,600023.SH,0.010918807716498127
2022-05-03,600023.SH,0.009354164777242614
2022-05-04,600023.SH,-0.006523524936977464
2022-05-05,600023.SH,0.007030707398991195
2022-05-06,600023.SH,-0.008286452894209817
2022-05-09,600023.SH,0.011986424829194632
2022-05-10,600023.SH,-0.0010173375723472632
2022-05-11,600023.SH,-0.0005762939414851089
2022-05-12,600023.SH,-0.0021012429256558945
2022-05-13,600023.SH,-0.01600856367754785
2022-05-16,600023.SH,-0.02025921151953184
2022-05-17,600023.SH,-0.002677294751992883
2022-05-18,600023.SH,0.006919065746602525
2022-05-19,600023.SH,-0.0023684897753133596
2022-05-20,600023.SH,-0.001708427393169537
2022-05-23,600023.SH,0.0012965358142873057
2022-05-24,600023.SH,0.010474804495777111
2022-05-25,600023.SH,-0.018116069102138574
2022-05-26,600023.SH,-0.007115848963369233
2022-05-27,600023.SH,-0.015278760951594722
2022-05-30,600023.SH,-0.023033547698660357
2022-05-31,600023.SH,0.0064801308597715
2022-06-01,600023.SH,0.0009647676845926361
2022-06-02,600023.SH,0.006422854615667947
2022-06-03,600023.SH,-0.035720921578217074
2022-06-06,600023.SH,-0.014763319401837144
2022-06-07,600023.SH,0.0018784709367886399
2022-06-08,600023.SH,0.014951700009265415
2022-06-09,600023.SH,-0.018554904793838457
2022-06-10,600023.SH,0.009215016205835338
2022-06-13,600023.SH,-0.009034965749260028
2022-06-14,600023.SH,0.0024138022837262973
2022-06-15,600023.SH,0.01232165565311686
2022-06-16,600023.SH,0.009354714828901881
2022-06-17,600023.SH,-0.008815894100305526
2022-06-20,600023.SH,0.0059927256002727195
2022-06-21,600023.SH,0.0018897832907864827
2022-06-22,600023.SH,0.012672024377635751
2022-06-23,600023.SH,0.004021011668076623
2022-06-24,600023.SH,0.02074763205692639
2022-06-27,600023.SH,0.005591241218542185
2022-06-28,600023.SH,0.01605429939190308
2022-06-29,600023.SH,-0.00819381132029106
2022-06-30,600023.SH,-0.010172762081962997
2022-07-01,600023.SH,-0.007429435636193917
2022-07-04,600023.SH,-0.007544380805139806
2022-07-05,600023.SH,-0.0014180285540026146
2022-07-06,600023.SH,0.0030506359038286112
2022-07-07,600023.SH,-0.016742853854729182
2022-07-08,600023.SH,-0.0285606877059141
2022-07-11,600023.SH,-0.02539181417286458
2022-07-12,600023.SH,0.008687818355140976
2022-07-13,600023.SH,-0.0048100305705793935
2022-07-14,600023.SH,0.018974704891919963
2022-07-15,600023.SH,0.02467664490297277
2022-07-18,600023.SH,0.0026681895171101998
2022-07-19,600023.SH,-0.0035322529264312187
2022-07-20,600023.SH,-0.015473334874945212
2022-07-21,600023.SH,-0.024955605729058812
2022-07-22,600023.SH,-0.00973978117096751
2022-07-25,600023.SH,0.0009281732591968276
2022-07-26,600023.SH,0.011506053715071518
2022-07-27,600023.SH,0.015738249074493896
2022-07-28,600023.SH,-0.005103663289551419
2022-07-29,600023.SH,-0.002240864453564974
2022-08-01,600023.SH,-0.016930226833389486
2022-08-02,600023.SH,0.006913620728494338
2022-08-03,600023.SH,-0.0032689014761493485
2022-08-04,600023.SH,-0.0003845844039548998
2022-08-05,600023.SH,0.001230688206055537
2022-08-08,600023.SH,0.027949750312133807
2022-08-09,600023.SH,0.013155448119384476
2022-08-10,600023.SH,0.01944236305474567
2022-08-11,600023.SH,0.0005724338095093803
2022-08-12,600023.SH,-0.012971833126477823
2022-08-15,600023.SH,-4.968577768340015e-05
2022-08-16,600023.SH,0.0023586105362651206
2022-08-17,600023.SH,0.015121383163561718
2022-08-18,600023.SH,-0.010083582622137504
2022-08-19,600023.SH,0.01804104632547286
2022-08-22,600023.SH,0.009417743662999856
2022-08-23,600023.SH,-4.137370615370922e-05
2022-08-24,600023.SH,0.00044584097436716147
2022-08-25,600023.SH,0.0022562275832822562
2022-08-26,600023.SH,0.004539889768402634
2022-08-29,600023.SH,-0.010461965155848066
2022-08-30,600023.SH,0.022403783915297085
2022-08-31,600023.SH,0.0005810848127254719
2022-09-01,600023.SH,-0.004491012025432457
2022-09-02,600023.SH,0.007365340220560587
2022-09-05,600023.SH,-0.003109912910668944
2022-09-06,600023.SH,0.0117484112868607
2022-09-07,600023.SH,-0.011253289381628782
2022-09-08,600023.SH,-0.0026726113314148427
2022-09-09,600023.SH,-0.012602666122533284
2022-09-12,600023.SH,0.017926507475586318
2022-09-13,600023.SH,0.005955027511610773
2022-09-14,600023.SH,-0.006058110917055299
2022-09-15,600023.SH,0.007846072602300632
2022-09-16,600023.SH,0.011044715659582814
2022-09-19,600023.SH,0.0009280870670689573
2022-09-20,600023.SH,0.003507554172300482
2022-09-21,600023.SH,-0.0028006541891765577
2022-09-22,600023.SH,-0.028768014368037737
2022-09-23,600023.SH,0.02005680351487019
2022-09-26,600023.SH,-0.0029512988663492907
2022-09-27,600023.SH,-0.0026120985447761307
2022-09-28,600023.SH,-0.014699409610040164
2022-09-29,600023.SH,0.026004020130837767
2022-09-30,600023.SH,-0.02042757599787138
2022-10-03,600023.SH,-0.023659715071300436
2022-10-04,600023.SH,0.006480135773475512
2022-10-05,600023.SH,-0.007293870783084946
2022-10-06,600023.SH,-0.0150870272203999
2022-10-07,600023.SH,0.003950608803352394
2022-10-10,600023.SH,-0.017214394234105326
2022-10-11,600023.SH,0.0008974451646784846
2022-10-12,600023.SH,-0.005027503448993882
2022-10-13,600023.SH,0.013173734267766267
2022-10-14,600023.SH,-0.0034466931381166594
2022-10-17,600023.SH,0.010638075257834785
2022-10-18,600023.SH,-0.008278580066965297
2022-10-19,600023.SH,-0.03402358693134059
2022-10-20,600023.SH,-0.003116688723244422
2022-10-21,600023.SH,0.012032749866639637
2022-10-24,600023.SH,0.019665124416983787
2022-10-25,600023.SH,-0.005981651644479314
2022-10-26,600023.SH,-0.011649975702629187
2022-10-27,600023.SH,-0.009126425502952777
2022-10-28,600023.SH,0.01671675923256106
2022-10-31,600023.SH,-0.006145232744204504
2022-11-01,600023.SH,-0.0071734887854724505
2022-11-02,600023.SH,0.020124700371194792
2022-11-03,600023.SH,-0.005547637882054482
2022-11-04,600023.SH,-0.017385092115411845
2022-11-07,600023.SH,0.04148884125218616
2022-11-08,600023.SH,0.006550534111621171
2022-11-09,600023.SH,-0.002405424776142093
2022-11-10,600023.SH,-0.020132852936862088
2022-11-11,600023.SH,0.021197983891622373
2022-11-14,600023.SH,0.0015813084536451662
2022-11-15,600023.SH,0.034113072924966306
2022-11-16,600023.SH,0.023951092336347762
2022-11-17,600023.SH,-0.012034962421102902
2022-11-18,600023.SH,-0.0074284780422912205
2022-11-21,600023.SH,0.0027556129646431737
2022-11-22,600023.SH,0.009899517214491886
2022-11-23,600023.SH,-0.01624431973248462
2022-11-24,600023.SH,0.015144631576927792
2022-11-25,600023.SH,-0.007044818749185065
2022-11-28,600023.SH,-0.015566403149927431
2022-11-29,600023.SH,-0.014560851290737264
2022-11-30,600023.SH,-0.014797295274223205
2022-12-01,600023.SH,-0.013163868841337505
2022-12-02,600023.SH,-0.012220252746628265
2022-12-05,600023.SH,-0.012012798866900692
2022-12-06,600023.SH,-0.0014688853706403653
2022-12-07,600023.SH,-0.024217493749907913
2022-12-08,600023.SH,0.003995428325605052
2022-12-09,600023.SH,0.02196680923016764
2022-12-12,600023.SH,0.0076462496336283
2022-12-13,600023.SH,-0.010375084318417313
2022-12-14,600023.SH,0.009207408603599422
2022-12-15,600023.SH,0.04082469349885354
2022-12-16,600023.SH,-0.015153130429342587
2022-12-19,600023.SH,-0.004728911874195492
2022-12-20,600023.SH,0.009932918512497222
2022-12-21,600023.SH,0.001452323072271956
2022-12-22,600023.SH,-0.0007819097794894
2022-12-23,600023.SH,0.0038712478941091487
2022-12-26,600023.SH,0.018911953788872275
2022-12-27,600023.SH,0.01237857362583436
2022-12-28,600023.SH,0.009990534958934916
2022-12-29,600023.SH,-0.002174802721212431
2022-12-30,600023.SH,-0.01962586965403046
2023-01-02,600023.SH,0.019194464189036302
2023-01-03,600023.SH,-0.01739805607529131
2023-01-04,600023.SH,-0.012407771671728032
2023-01-05,600023.SH,0.001208662654536184
2023-01-06,600023.SH,0.02002216866213461
2023-01-09,600023.SH,0.009997235001700279
2023-01-10,600023.SH,0.011236471618369787
2023-01-11,600023.SH,-0.01714397600752596
2023-01-12,600023.SH,-0.0045702068411884325
2023-01-13,600023.SH,-0.01873880292670128
2023-01-16,600023.SH,0.00203164531394382
2023-01-17,600023.SH,-0.012940359172503682
2023-01-18,600023.SH,-0.013556481247634387
2023-01-19,600023.SH,0.021885598521058786
2023-01-20,600023.SH,0.023205082739979233
2023-01-23,600023.SH,0.00149709133815984
2023-01-24,600023.SH,-0.00040273263647304294
2023-01-25,600023.SH,-0.003521410107136423
2023-01-26,600023.SH,0.007374875030286199
2023-01-27,600023.SH,-0.00884506102768538
2023-01-30,600023.SH,0.009490061295979312
2023-01-31,600023.SH,-0.007825730988042713
2023-02-01,600023.SH,0.016359751883368034
2023-02-02,600023.SH,0.006756026946503879
2023-02-03,600023.SH,-0.020568444610109086
2023-02-06,600023.SH,0.0031312031540922094
2023-02-07,600023.SH,0.002095926832568744
2023-02-08,600023.SH,-0.004407640056383481
2023-02-09,600023.SH,-0.005283727858365563
2023-02-10,600023.SH,-0.007730477928431484
2023-02-13,600023.SH,0.006872618762889207
2023-02-14,600023.SH,-0.012960647238980456
2023-02-15,600023.SH,0.0018370764358810725
2023-02-16,600023.SH,-0.023820996374167326
2023-02-17,600023.SH,0.014242706366312525
2023-02-20,600023.SH,0.011954904861908065
2023-02-21,600023.SH,-0.014040456114975458
2023-02-22,600023.SH,0.010538154236954542
2023-02-23,600023.SH,-0.0005595720899918208
2023-02-24,600023.SH,-0.009116119390513554
2023-02-27,600023.SH,-0.011395780992650973
2023-02-28,600023.SH,-0.012993107462801525
2023-03-01,600023.SH,0.018134868202583726
2023-03-02,600023.SH,0.013284417913018872
2023-03-03,600023.SH,-0.009198867410243282
2023-03-06,600023.SH,0.009096602960998063
2023-03-07,600023.SH,-0.024954973337014026
2023-03-08,600023.SH,0.006719850619298791
2023-03-09,600023.SH,0.0004891352437441845
2023-03-10,600023.SH,0.025381863092522584
2023-03-13,600023.SH,0.02240231977121935
2023-03-14,600023.SH,0.013054929985770562
2023-03-15,600023.SH,0.0004459757218833911
2023-03-16,600023.SH,0.012138135587895608
2023-03-17,600023.SH,0.011714325100311389
2023-03-20,600023.SH,-0.019084911481073573
2023-03-21,600023.SH,-0.020137771761143234
2023-03-22,600023.SH,0.004800502313805546
2023-03-23,600023.SH,0.00611567846696638
2023-03-24,600023.SH,-0.022278249909467678
2023-03-27,600023.SH,0.004177083452253604
2023-03-28,600023.SH,0.002115202351090751
2023-03-29,600023.SH,0.008541465481063085
2023-03-30,600023.SH,-0.009512909621410786
2023-03-31,600023.SH,0.033420738296815515
2023-04-03,600023.SH,0.01588837721898808
2023-04-04,600023.SH,-0.0159300965619606
2023-04-05,600023.SH,-0.0034865719422084826
2023-04-06,600023.SH,-0.005781183593626766
2023-04-07,600023.SH,-0.015442452696333514
2023-04-10,600023.SH,0.015316591831583461
2023-04-11,600023.SH,-0.008207053881426087
2023-04-12,600023.SH,-0.006296785597081631
2023-04-13,600023.SH,-0.01979545393009178
2023-04-14,600023.SH,-0.010918583080257059
2023-04-17,600023.SH,0.0067247449411330755
2023-04-18,600023.SH,-0.004776863276327108
2023-04-19,600023.SH,0.0045701406264216276
2023-04-20,600023.SH,-0.01087130232195966
2023-04-21,600023.SH,-0.0010999258074149603
2023-04-24,600023.SH,-0.013718194881741329
2023-04-25,600023.SH,0.004376296491717128
2023-04-26,600023.SH,-0.020964029627676434
2023-04-27,600023.SH,0.005382501449552357
2023-04-28,600023.SH,0.016595265488706552
2023-05-01,600023.SH,-0.003668286232450947
2023-05-02,600023.SH,-0.011281138590912274
2023-05-03,600023.SH,-0.01769343661900987
2023-05-04,600023.SH,-0.022620462713683093
2023-05-05,600023.SH,0.0008369419957424996
2023-05-08,600023.SH,0.01031394167940501
2023-05-09,600023.SH,-0.020394693997205948
2023-05-10,600023.SH,-0.009051113892900578
2023-05-11,600023.SH,0.020768064255502233
2023-05-12,600023.SH,0.008619897076248655
2023-05-15,600023.SH,0.010826192322861587
2023-05-16,600023.SH,-0.01454277619392131
2023-05-17,600023.SH,-0.01385714921780942
2023-05-18,600023.SH,0.007465662460537289
2023-05-19,600023.SH,-0.00016807578435029127
2022-01-03,600024.SH,0.003470480260126892
2022-01-04,600024.SH,-0.019501401130993933
2022-01-05,600024.SH,0.007011426855953973
2022-01-06,600024.SH,-0.003934857952271252
2022-01-07,600024.SH,-0.0037395770201741913
2022-01-10,600024.SH,0.01686087104378317
2022-01-11,600024.SH,0.005862133761991577
2022-01-12,600024.SH,-0.008879404593364094
2022-01-13,600024.SH,-0.025470992564980897
2022-01-14,600024.SH,-0.023668992566012053
2022-01-17,600024.SH,0.02258380210917399
2022-01-18,600024.SH,-0.004069582949279146
2022-01-19,600024.SH,-0.0031801032363753933
2022-01-20,600024.SH,0.015571189401536047
2022-01-21,600024.SH,0.018562972731634292
2022-01-24,600024.SH,-0.008870208914704285
2022-01-25,600024.SH,-0.0010966624240003565
2022-01-26,600024.SH,-0.006954850521525154
2022-01-27,600024.SH,0.0007512242440660078
2022-01-28,600024.SH,-0.0061375993208195746
2022-01-31,600024.SH,0.0026399022669766513
2022-02-01,600024.SH,-0.0035945211768866666
2022-02-02,600024.SH,0.03109638377497808
2022-02-03,600024.SH,0.003152252309803878
2022-02-04,600024.SH,0.008084832903633422
2022-02-07,600024.SH,-0.013529920171137147
2022-02-08,600024.SH,0.009510046384729503
2022-02-09,600024.SH,-0.004306260951097964
2022-02-10,600024.SH,0.007256393525733486
2022-02-11,600024.SH,0.010331714005211472
2022-02-14,600024.SH,0.01763186924697843
2022-02-15,600024.SH,0.020821937083671003
2022-02-16,600024.SH,0.010181855858512227
2022-02-17,600024.SH,0.005262271502307944
2022-02-18,600024.SH,0.012570697304304101
2022-02-21,600024.SH,0.026665386519067576
2022-02-22,600024.SH,-0.015281272635931159
2022-02-23,600024.SH,0.006981579364205536
2022-02-24,600024.SH,-0.016508292845525144
2022-02-25,600024.SH,-0.0004386488880696879
2022-02-28,600024.SH,0.011559957810244218
2022-03-01,600024.SH,0.016677435801548797
2022-03-02,600024.SH,-0.016859843975129175
2022-03-03,600024.SH,-0.003268158192243551
2022-03-04,600024.SH,0.0019088071981389308
2022-03-07,600024.SH,-0.00011415127312503675
2022-03-08,600024.SH,0.015511750835937393
2022-03-09,600024.SH,0.03614804055004266
2022-03-10,600024.SH,0.009624515589833956
2022-03-11,600024.SH,-0.00681133182571203
2022-03-14,600024.SH,-0.010652128116870083
2022-03-15,600024.SH,0.0017977666708522667
2022-03-16,600024.SH,-0.021059745419133233
2022-03-17,600024.SH,0.0021181281888958204
2022-03-18,600024.SH,0.000757235123499901
2022-03-21,600024.SH,-0.0097427048311963
2022-03-22,600024.SH,0.01764841212802436
2022-03-23,600024.SH,0.004605057297476225
2022-03-24,600024.SH,-0.008120959604527689
2022-03-25,600024.SH,0.014137853495630022
2022-03-28,600024.SH,-0.004542409235228152
2022-03-29,600024.SH,0.010096684975545792
2022-03-30,600024.SH,0.005586989310772434
2022-03-31,600024.SH,0.015198905658754192
2022-04-01,600024.SH,-0.0009612690819365511
2022-04-04,600024.SH,0.015527597485103222
2022-04-05,600024.SH,0.006257490923576496
2022-04-06,600024.SH,0.011430052406218822
2022-04-07,600024.SH,-0.009820552872228192
2022-04-08,600024.SH,-0.010602265755063591
2022-04-11,600024.SH,-0.001974080893030354
2022-04-12,600024.SH,-0.03557994251084182
2022-04-13,600024.SH,-0.0024355565501293893
2022-04-14,600024.SH,0.014575330201743784
2022-04-15,600024.SH,-0.0046243465869398774
2022-04-18,600024.SH,0.0012219828314230267
2022-04-19,600024.SH,-0.014159394643091312
2022-04-20,600024.SH,-0.003947153668700319
2022-04-21,600024.SH,7.903813212111702e-05
2022-04-22,600024.SH,-0.009303185062417122
2022-04-25,600024.SH,-0.0037225798773856773
2022-04-26,600024.SH,-0.008005455377417146
2022-04-27,600024.SH,-0.0057354739290817885
2022-04-28,600024.SH,0.015687415846623934
2022-04-29,600024.SH,-0.013508568595882418
2022-05-02,600024.SH,0.007337282008203239
2022-05-03,600024.SH,-0.009524048386384805
2022-05-04,600024.SH,-0.005796004808593072
2022-05-05,600024.SH,-0.013197732106078953
2022-05-06,600024.SH,-0.01214141306987138
2022-05-09,600024.SH,-0.006746901924747706
2022-05-10,600024.SH,0.0010490844715253186
2022-05-11,600024.SH,0.007375350056492623
2022-05-12,600024.SH,-0.01850439095620637
2022-05-13,600024.SH,-0.01898944348515241
2022-05-16,600024.SH,-0.02524580687288818
2022-05-17,600024.SH,-0.013224367840170717
2022-05-18,600024.SH,0.0027797203162596516
2022-05-19,600024.SH,-0.0012706302022922607
2022-05-20,600024.SH,-0.007719002164877453
2022-05-23,600024.SH,0.011526983531608023
2022-05-24,600024.SH,0.014972835687367616
2022-05-25,600024.SH,-0.010451030326659429
2022-05-26,600024.SH,0.007489277406093944
2022-05-27,600024.SH,-0.015744431554101924
2022-05-30,600024.SH,0.002561319664418958
2022-05-31,600024.SH,-0.0024467748985570557
2022-06-01,600024.SH,-0.016383861612189025
2022-06-02,600024.SH,0.008473959273516901
2022-06-03,600024.SH,-0.014994295965497987
2022-06-06,600024.SH,0.008922163120087978
2022-06-07,600024.SH,0.010215355328849558
2022-06-08,600024.SH,2.1296395671694703e-05
2022-06-09,600024.SH,-0.014600396368905161
2022-06-10,600024.SH,0.009910336270350959
2022-06-13,600024.SH,-0.012966569435612935
2022-06-14,600024.SH,-0.011343810242857362
2022-06-15,600024.SH,-0.03177804968142046
2022-06-16,600024.SH,0.012112821613195773
2022-06-17,600024.SH,-0.010130309414718545
2022-06-20,600024.SH,-0.004210435180221411
2022-06-21,600024.SH,-0.018278068860793147
2022-06-22,600024.SH,-0.004711812037220879
2022-06-23,600024.SH,0.015576199660568345
2022-06-24,600024.SH,-0.003617471496173176
2022-06-27,600024.SH,0.006947535959324695
2022-06-28,600024.SH,0.006136197179076088
2022-06-29,600024.SH,-0.009838187532382784
2022-06-30,600024.SH,0.0008335678021705734
2022-07-01,600024.SH,0.0021153626999089303
2022-07-04,600024.SH,-0.002193554312040072
2022-07-05,600024.SH,-0.01915359212923792
2022-07-06,600024.SH,0.0005008189507187347
2022-07-07,600024.SH,0.004591772054079395
2022-07-08,600024.SH,-0.02197898619084733
2022-07-11,600024.SH,-0.009905298616062388
2022-07-12,600024.SH,-0.0013507302040131866
2022-07-13,600024.SH,0.005671394709965403
2022-07-14,600024.SH,0.005881021841040522
2022-07-15,600024.SH,0.00479145620593752
2022-07-18,600024.SH,0.008522701625804405
2022-07-19,600024.SH,0.0017250092746315723
2022-07-20,600024.SH,-0.03497811982083204
2022-07-21,600024.SH,0.005830953308012849
2022-07-22,600024.SH,0.004328300385969158
2022-07-25,600024.SH,0.002636252386185749
2022-07-26,600024.SH,-0.00906347617923913
2022-07-27,600024.SH,-0.010561290788838659
2022-07-28,600024.SH,0.00933762263980104
2022-07-29,600024.SH,0.0037342391280315644
2022-08-01,600024.SH,-0.00031100358475051864
2022-08-02,600024.SH,-0.010086576323782149
2022-08-03,600024.SH,-0.02422398079886243
2022-08-04,600024.SH,0.0003364196405018704
2022-08-05,600024.SH,0.004278284537588674
2022-08-08,600024.SH,0.016151660563255784
2022-08-09,600024.SH,0.0021521326224956602
2022-08-10,600024.SH,0.024654410965645517
2022-08-11,600024.SH,-0.010238152634047178
2022-08-12,600024.SH,0.003334800843230361
2022-08-15,600024.SH,-0.015061178790077352
2022-08-16,600024.SH,0.005287697213278256
2022-08-17,600024.SH,0.029361433360286755
2022-08-18,600024.SH,-0.009501605467813916
2022-08-19,600024.SH,0.023317544170499097
2022-08-22,600024.SH,-0.00253305855723532
2022-08-23,600024.SH,-0.0013201403084117233
2022-08-24,600024.SH,-0.0006619582150451846
2022-08-25,600024.SH,0.010074519879801791
2022-08-26,600024.SH,0.008904546809683025
2022-08-29,600024.SH,-0.01581870557722803
2022-08-30,600024.SH,0.0021760044899516735
2022-08-31,600024.SH,-0.001604638014961122
2022-09-01,600024.SH,-0.014880892000894076
2022-09-02,600024.SH,0.013354496639190238
2022-09-05,600024.SH,0.0037173407758302112
2022-09-06,600024.SH,0.012014608142252987
2022-09-07,600024.SH,0.013188443351168406
2022-09-08,600024.SH,-0.00460124195726741
2022-09-09,600024.SH,0.012360885222993574
2022-09-12,600024.SH,-0.006229310022175251
2022-09-13,600024.SH,-0.0027814804515448113
2022-09-14,600024.SH,0.00720328633710257
2022-09-15,600024.SH,0.024552286886375823
2022-09-16,600024.SH,-0.0043029056223670235
2022-09-19,600024.SH,0.003387831573781452
2022-09-20,600024.SH,0.00714033980147984
2022-09-21,600024.SH,-0.01602609120294113
2022-09-22,600024.SH,-0.01363105277151926
2022-09-23,600024.SH,0.021971473705221574
2022-09-26,600024.SH,0.008348303950126257
2022-09-27,600024.SH,-0.02109041122161766
2022-09-28,600024.SH,-0.016076342925146717
2022-09-29,600024.SH,0.011791110195140425
2022-09-30,600024.SH,-0.02749059694107675
2022-10-03,600024.SH,-0.010129420324619817
2022-10-04,600024.SH,-0.008774350804927564
2022-10-05,600024.SH,0.013242549085779267
2022-10-06,600024.SH,0.021610451013896154
2022-10-07,600024.SH,-0.011889514211616785
2022-10-10,600024.SH,0.0052681831907706485
2022-10-11,600024.SH,0.001655817570541212
2022-10-12,600024.SH,-0.0023684767653311483
2022-10-13,600024.SH,0.023186203625772922
2022-10-14,600024.SH,-0.021068262285513034
2022-10-17,600024.SH,-0.0032501218378120796
2022-10-18,600024.SH,-0.01617113483461994
2022-10-19,600024.SH,0.0017113892932596082
2022-10-20,600024.SH,-0.03965788596067027
2022-10-21,600024.SH,-0.007100960740922707
2022-10-24,600024.SH,0.006868359397493517
2022-10-25,600024.SH,-0.017221915040425657
2022-10-26,600024.SH,0.008880507018067012
2022-10-27,600024.SH,0.008146917373036114
2022-10-28,600024.SH,-0.016741779883690834
2022-10-31,600024.SH,0.028956929140144878
2022-11-01,600024.SH,-0.009927664747503749
2022-11-02,600024.SH,0.02358549167630037
2022-11-03,600024.SH,0.00026223155135773933
2022-11-04,600024.SH,-0.010604551864503771
2022-11-07,600024.SH,0.022115460168197643
2022-11-08,600024.SH,0.0016048464235666345
2022-11-09,600024.SH,0.003496765486267507
2022-11-10,600024.SH,-0.017876648091582188
2022-11-11,600024.SH,-0.0016154813237609098
2022-11-14,600024.SH,-0.005880901588164705
2022-11-15,600024.SH,0.007989297029532634
2022-11-16,600024.SH,0.00684163986567439
2022-11-17,600024.SH,-0.018325693131424955
2022-11-18,600024.SH,-0.006500616019898596
2022-11-21,600024.SH,-0.00738278696001187
2022-11-22,600024.SH,-0.003518552569928269
2022-11-23,600024.SH,0.02226828779532923
2022-11-24,600024.SH,-0.0124577011700933
2022-11-25,600024.SH,-0.0011392610398069832
2022-11-28,600024.SH,-0.005168969135298851
2022-11-29,600024.SH,-0.00902160881418957
2022-11-30,600024.SH,0.0058633246787448265
2022-12-01,600024.SH,-0.010149232796228275
2022-12-02,600024.SH,-0.002509002570361034
2022-12-05,600024.SH,-0.014455578354525551
2022-12-06,600024.SH,0.005382699359524086
2022-12-07,600024.SH,-0.032850587652080064
2022-12-08,600024.SH,-0.0039680975766347515
2022-12-09,600024.SH,0.016802242453865284
2022-12-12,600024.SH,-0.015170001028503136
2022-12-13,600024.SH,-0.01109961662210438
2022-12-14,600024.SH,0.013103345880686705
2022-12-15,600024.SH,0.03621357495872827
2022-12-16,600024.SH,0.022962403601882387
2022-12-19,600024.SH,0.009252716587199577
2022-12-20,600024.SH,-0.0029208134513734863
2022-12-21,600024.SH,0.02012739939809753
2022-12-22,600024.SH,-0.0011615649668510605
2022-12-23,600024.SH,-0.01121382999200908
2022-12-26,600024.SH,-0.006389292363712865
2022-12-27,600024.SH,0.002845319306565063
2022-12-28,600024.SH,0.005067827457173554
2022-12-29,600024.SH,-0.017188666392142615
2022-12-30,600024.SH,-0.018208145143503916
2023-01-02,600024.SH,0.003821127138106742
2023-01-03,600024.SH,-0.0017138637873658396
2023-01-04,600024.SH,0.016020095323000003
2023-01-05,600024.SH,-0.018556292291315564
2023-01-06,600024.SH,0.02729395751485567
2023-01-09,600024.SH,-0.007278197893137167
2023-01-10,600024.SH,-0.019048202566934878
2023-01-11,600024.SH,0.0022249234722205584
2023-01-12,600024.SH,-0.010919346501837155
2023-01-13,600024.SH,-0.0003868814957174774
2023-01-16,600024.SH,-0.006509733057889446
2023-01-17,600024.SH,0.000574211972312152
2023-01-18,600024.SH,-0.009202403109275708
2023-01-19,600024.SH,0.021071907997241672
2023-01-20,600024.SH,0.009413468072130244
2023-01-23,600024.SH,0.014123421127999643
2023-01-24,600024.SH,-0.007908180202841208
2023-01-25,600024.SH,-0.01854576600453324
2023-01-26,600024.SH,-0.007347961893722934
2023-01-27,600024.SH,0.0003808994866933938
2023-01-30,600024.SH,-0.00885089848649334
2023-01-31,600024.SH,-0.02745630643584132
2023-02-01,600024.SH,0.012694080943935315
2023-02-02,600024.SH,-0.014141337905919014
2023-02-03,600024.SH,0.0052384883080133
2023-02-06,600024.SH,-0.0021750346156441903
2023-02-07,600024.SH,0.0016713113246025447
2023-02-08,600024.SH,-0.00992792501865591
2023-02-09,600024.SH,0.00530635347700094
2023-02-10,600024.SH,-0.0008569554805016396
2023-02-13,600024.SH,-0.008876785453063103
2023-02-14,600024.SH,0.003218747063335638
2023-02-15,600024.SH,-0.005055918770448545
2023-02-16,600024.SH,-0.03688653884294177
2023-02-17,600024.SH,-0.013096662969088256
2023-02-20,600024.SH,0.004907372047076715
2023-02-21,600024.SH,0.0023353686994354804
2023-02-22,600024.SH,0.007514476004987208
2023-02-23,600024.SH,-0.023253672781514426
2023-02-24,600024.SH,0.008370642274526295
2023-02-27,600024.SH,0.012680096189360668
2023-02-28,600024.SH,-0.021701343186738387
2023-03-01,600024.SH,0.010763700816714695
2023-03-02,600024.SH,-0.0032883203674354765
2023-03-03,600024.SH,-0.006781786708084766
2023-03-06,600024.SH,-0.008003197214190676
2023-03-07,600024.SH,-0.003970953238220934
2023-03-08,600024.SH,0.008863476072416642
2023-03-09,600024.SH,0.0005353104367936618
2023-03-10,600024.SH,0.0008090074543431764
2023-03-13,600024.SH,0.010166949270770272
2023-03-14,600024.SH,-0.004514450305777537
2023-03-15,600024.SH,0.0037481875329016586
2023-03-16,600024.SH,0.0011049468288803193
2023-03-17,600024.SH,0.013964170856098254
2023-03-20,600024.SH,-0.0005164325513678553
2023-03-21,600024.SH,-0.004779055556702251
2023-03-22,600024.SH,-0.011292851165080789
2023-03-23,600024.SH,0.014274804098646506
2023-03-24,600024.SH,-0.03339378667939133
2023-03-27,600024.SH,0.014232452631336096
2023-03-28,600024.SH,-0.020265366209344667
2023-03-29,600024.SH,-0.0047841023354912495
2023-03-30,600024.SH,0.0008642935972178233
2023-03-31,600024.SH,0.036266410690482864
2023-04-03,600024.SH,0.022620391129251828
2023-04-04,600024.SH,-0.00551144448725457
2023-04-05,600024.SH,0.0030297983997688927
2023-04-06,600024.SH,-0.027998827220883274
2023-04-07,600024.SH,-0.002578657110123209
2023-04-10,600024.SH,0.006597612280614061
2023-04-11,600024.SH,-0.003066422849045649
2023-04-12,600024.SH,-0.004043412528883378
2023-04-13,600024.SH,-0.01282083902599018
2023-04-14,600024.SH,0.008955252202698591
2023-04-17,600024.SH,-0.029092028871175696
2023-04-18,600024.SH,-0.004619007995712829
2023-04-19,600024.SH,-0.006294896462730484
2023-04-20,600024.SH,0.005146137999696633
2023-04-21,600024.SH,0.007916355972587934
2023-04-24,600024.SH,-0.02950339469488547
2023-04-25,600024.SH,0.004077255225366727
2023-04-26,600024.SH,-0.0015471134662320214
2023-04-27,600024.SH,-0.0032947463687873426
2023-04-28,600024.SH,0.00822395259310046
2023-05-01,600024.SH,-0.018051425126307204
2023-05-02,600024.SH,-0.012407192527160967
2023-05-03,600024.SH,0.004798195335602951
2023-05-04,600024.SH,-0.015434521412292295
2023-05-05,600024.SH,0.005694767013758463
2023-05-08,600024.SH,0.018845275240635104
2023-05-09,600024.SH,0.010925071112363443
2023-05-10,600024.SH,-0.0083946716184039
2023-05-11,600024.SH,0.007968713827976773
2023-05-12,600024.SH,-0.0017204289198227748
2023-05-15,600024.SH,-0.0025046919066884863
2023-05-16,600024.SH,-0.0013255673627929083
2023-05-17,600024.SH,-0.010305193184845018
2023-05-18,600024.SH,-0.0030332216379708745
2023-05-19,600024.SH,-0.0062363564680510825
2022-01-03,600025.SH,-0.0011169300364385873
2022-01-04,600025.SH,-0.014007071441157516
2022-01-05,600025.SH,0.03559451547288266
2022-01-06,600025.SH,0.0008983662293895823
2022-01-07,600025.SH,-0.03629505104808897
2022-01-10,600025.SH,-0.026416755764486897
2022-01-11,600025.SH,0.008615749452292631
2022-01-12,600025.SH,0.01083458617808264
2022-01-13,600025.SH,-0.006952381173762847
2022-01-14,600025.SH,0.0059651452757659975
2022-01-17,600025.SH,0.01445108379732807
2022-01-18,600025.SH,0.004327534173570697
2022-01-19,600025.SH,-0.0020762172572156264
2022-01-20,600025.SH,0.010826631919900796
2022-01-21,600025.SH,0.012514632959552775
2022-01-24,600025.SH,-0.0029013940471156845
2022-01-25,600025.SH,-0.003818076745326967
2022-01-26,600025.SH,-0.009413131276895099
2022-01-27,600025.SH,0.02684023695767742
2022-01-28,600025.SH,0.002112730685071897
2022-01-31,600025.SH,0.007214355360464069
2022-02-01,600025.SH,-4.858648273920775e-05
2022-02-02,600025.SH,0.012513908149369268
2022-02-03,600025.SH,-0.00014924685639972762
2022-02-04,600025.SH,0.005547283675944937
2022-02-07,600025.SH,0.004369353949200997
2022-02-08,600025.SH,0.006897408264542276
2022-02-09,600025.SH,-0.004014072740566255
2022-02-10,600025.SH,0.007157448948252626
2022-02-11,600025.SH,0.0027764886593822273
2022-02-14,600025.SH,0.014050621693512932
2022-02-15,600025.SH,0.023536439618583753
2022-02-16,600025.SH,-0.019488454909650576
2022-02-17,600025.SH,0.003074946764591807
2022-02-18,600025.SH,-0.003698874061934341
2022-02-21,600025.SH,0.010343733235201094
2022-02-22,600025.SH,0.02477429552966285
2022-02-23,600025.SH,-0.016344941763940853
2022-02-24,600025.SH,-0.013834576273802555
2022-02-25,600025.SH,0.005029604931081605
2022-02-28,600025.SH,-0.0025261362066860797
2022-03-01,600025.SH,0.01318579765584457
2022-03-02,600025.SH,-0.010669372018942505
2022-03-03,600025.SH,0.008397386986027128
2022-03-04,600025.SH,-0.012358404844874868
2022-03-07,600025.SH,-0.016318806247710153
2022-03-08,600025.SH,0.004681580434055024
2022-03-09,600025.SH,-0.013896313990178493
2022-03-10,600025.SH,0.02061399763222966
2022-03-11,600025.SH,-0.014757402349038847
2022-03-14,600025.SH,-0.008063911687187106
2022-03-15,600025.SH,0.009186504661454424
2022-03-16,600025.SH,-0.017520886059465394
2022-03-17,600025.SH,-0.01774124942953445
2022-03-18,600025.SH,0.01663666036637723
2022-03-21,600025.SH,-0.015127360817542474
2022-03-22,600025.SH,-0.004163716084778962
2022-03-23,600025.SH,0.009867605288814866
2022-03-24,600025.SH,0.00017644259411983294
2022-03-25,600025.SH,0.012369751443442436
2022-03-28,600025.SH,-0.021730968550236495
2022-03-29,600025.SH,-0.005937352414319266
2022-03-30,600025.SH,-0.0009671998145781126
2022-03-31,600025.SH,0.012179373632859845
2022-04-01,600025.SH,-0.005993406510243173
2022-04-04,600025.SH,0.026527883449157224
2022-04-05,600025.SH,-0.010381634452581941
2022-04-06,600025.SH,-0.00378630830888247
2022-04-07,600025.SH,-0.004736087346875186
2022-04-08,600025.SH,-0.014512024715459086
2022-04-11,600025.SH,-0.018949774677479617
2022-04-12,600025.SH,-0.018771529888670396
2022-04-13,600025.SH,-0.011498188529561196
2022-04-14,600025.SH,-0.005812364335207295
2022-04-15,600025.SH,0.00809493010150662
2022-04-18,600025.SH,-0.002305956120641603
2022-04-19,600025.SH,-0.012356176105211426
2022-04-20,600025.SH,-0.0026613711125589735
2022-04-21,600025.SH,0.01493311193870164
2022-04-22,600025.SH,-0.0003260105816579148
2022-04-25,600025.SH,0.002657306601584593
2022-04-26,600025.SH,-0.019625855228220003
2022-04-27,600025.SH,-0.014331515371157668
2022-04-28,600025.SH,-0.01583800255238287
2022-04-29,600025.SH,0.003501795072011149
2022-05-02,600025.SH,0.00920141107760113
2022-05-03,600025.SH,-0.012371423810863732
2022-05-04,600025.SH,-0.005543763488435055
2022-05-05,600025.SH,-0.004406928491126068
2022-05-06,600025.SH,-0.005286362755567533
2022-05-09,600025.SH,0.009926091183944096
2022-05-10,600025.SH,-0.0036632460839185208
2022-05-11,600025.SH,0.017425290946621402
2022-05-12,600025.SH,0.01186585255791879
2022-05-13,600025.SH,-0.00040387206699701514
2022-05-16,600025.SH,-0.004863330029903437
2022-05-17,600025.SH,-0.014808187603907109
2022-05-18,600025.SH,-0.002000065775516013
2022-05-19,600025.SH,-0.0002901331314990865
2022-05-20,600025.SH,0.009058928064403142
2022-05-23,600025.SH,0.0010174933981840877
2022-05-24,600025.SH,0.013017429968318676
2022-05-25,600025.SH,-0.0015793851441963168
2022-05-26,600025.SH,0.023302788821345274
2022-05-27,600025.SH,-0.02180644477844687
2022-05-30,600025.SH,0.016739377813746223
2022-05-31,600025.SH,-0.009461714513826026
2022-06-01,600025.SH,-0.01677375436536101
2022-06-02,600025.SH,-0.0007996322167713966
2022-06-03,600025.SH,-0.03032663601277462
2022-06-06,600025.SH,0.010011956604223259
2022-06-07,600025.SH,-0.008481044684806972
2022-06-08,600025.SH,-0.003066522983527354
2022-06-09,600025.SH,-0.00022629253344916105
2022-06-10,600025.SH,-0.006143133223950412
2022-06-13,600025.SH,-0.006916978602754343
2022-06-14,600025.SH,-0.011172256408322525
2022-06-15,600025.SH,-0.0037087539253244334
2022-06-16,600025.SH,0.038554467383301046
2022-06-17,600025.SH,0.005864486621320224
2022-06-20,600025.SH,-0.010835284129910968
2022-06-21,600025.SH,-0.0046826752821666215
2022-06-22,600025.SH,0.0013336395152097876
2022-06-23,600025.SH,0.012174008123859888
2022-06-24,600025.SH,0.0024901928958590506
2022-06-27,600025.SH,0.008155560430907368
2022-06-28,600025.SH,0.0021719482291524036
2022-06-29,600025.SH,-0.019093981184425488
2022-06-30,600025.SH,-0.0014160576914959361
2022-07-01,600025.SH,-0.019099025066888178
2022-07-04,600025.SH,0.004171694103379253
2022-07-05,600025.SH,-0.011156295304419805
2022-07-06,600025.SH,-0.013197884612656901
2022-07-07,600025.SH,-0.0006827903211807191
2022-07-08,600025.SH,-0.02861791660191121
2022-07-11,600025.SH,-0.001191012553103719
2022-07-12,600025.SH,2.0967487095601475e-05
2022-07-13,600025.SH,0.025215854708223243
2022-07-14,600025.SH,0.026686975577260366
2022-07-15,600025.SH,0.01270397466574039
2022-07-18,600025.SH,-0.016892123172206203
2022-07-19,600025.SH,-0.015467317528168652
2022-07-20,600025.SH,-0.029268956274154184
2022-07-21,600025.SH,0.020399072567521628
2022-07-22,600025.SH,-0.006606675355284122
2022-07-25,600025.SH,0.006011329960394184
2022-07-26,600025.SH,-0.007747083517984324
2022-07-27,600025.SH,-0.002923001974137538
2022-07-28,600025.SH,0.008201571621212066
2022-07-29,600025.SH,0.01232178172548722
2022-08-01,600025.SH,0.00184716886043648
2022-08-02,600025.SH,-0.018858568457373145
2022-08-03,600025.SH,0.0028276778232293152
2022-08-04,600025.SH,-0.006818618262449779
2022-08-05,600025.SH,-0.004985461645313049
2022-08-08,600025.SH,-0.014151613713851286
2022-08-09,600025.SH,0.007386192083396458
2022-08-10,600025.SH,0.008872042484803295
2022-08-11,600025.SH,-0.002995108222294195
2022-08-12,600025.SH,-0.013507796842444377
2022-08-15,600025.SH,-0.013473112499186802
2022-08-16,600025.SH,-0.009497612784590324
2022-08-17,600025.SH,0.02165936657075411
2022-08-18,600025.SH,-0.00017991570346158337
2022-08-19,600025.SH,0.004397597746144776
2022-08-22,600025.SH,0.0022659575184713794
2022-08-23,600025.SH,0.006662842292819176
2022-08-24,600025.SH,-0.0019626564523896493
2022-08-25,600025.SH,0.0007310525678089202
2022-08-26,600025.SH,-0.013919964394022075
2022-08-29,600025.SH,-0.0029111184726426376
2022-08-30,600025.SH,-0.011853243443407071
2022-08-31,600025.SH,-0.013917137442563881
2022-09-01,600025.SH,-0.029991760177304233
2022-09-02,600025.SH,-0.011974670121271961
2022-09-05,600025.SH,0.017477040364867892
2022-09-06,600025.SH,0.011461963440469129
2022-09-07,600025.SH,0.007715786702918778
2022-09-08,600025.SH,0.02257403236424483
2022-09-09,600025.SH,0.0063271675980213025
2022-09-12,600025.SH,0.0027958934877743763
2022-09-13,600025.SH,-0.004520626016447522
2022-09-14,600025.SH,-0.0032808357644398345
2022-09-15,600025.SH,0.0025213632278698666
2022-09-16,600025.SH,-0.0021508184904414115
2022-09-19,600025.SH,0.022138587028562834
2022-09-20,600025.SH,0.01172743830549737
2022-09-21,600025.SH,-0.02626467707425064
2022-09-22,600025.SH,-0.019126968772967518
2022-09-23,600025.SH,0.00856737958871607
2022-09-26,600025.SH,0.019780215227918896
2022-09-27,600025.SH,0.009994602178795758
2022-09-28,600025.SH,0.023954180773650937
2022-09-29,600025.SH,0.007034821375111003
2022-09-30,600025.SH,-0.013013652599768194
2022-10-03,600025.SH,-0.0012721159952694691
2022-10-04,600025.SH,-0.001675552832036237
2022-10-05,600025.SH,-0.0045664595977818875
2022-10-06,600025.SH,-0.004191356021596028
2022-10-07,600025.SH,-0.027524082407237895
2022-10-10,600025.SH,0.0039329286919069254
2022-10-11,600025.SH,0.009436245297481832
2022-10-12,600025.SH,0.013436989757782961
2022-10-13,600025.SH,0.005206414421578411
2022-10-14,600025.SH,-0.0289488515913899
2022-10-17,600025.SH,-0.002970735945236177
2022-10-18,600025.SH,-0.02765667059370925
2022-10-19,600025.SH,-0.021859682835385454
2022-10-20,600025.SH,-0.0006701592539000304
2022-10-21,600025.SH,-0.005146391925143129
2022-10-24,600025.SH,0.01655230273382876
2022-10-25,600025.SH,-0.03028006425069699
2022-10-26,600025.SH,-0.0021795620324821905
2022-10-27,600025.SH,-0.008628480450546481
2022-10-28,600025.SH,0.006937101071236374
2022-10-31,600025.SH,0.01474969028410306
2022-11-01,600025.SH,0.010727444996914387
2022-11-02,600025.SH,0.026113285240382964
2022-11-03,600025.SH,-0.004916916526864866
2022-11-04,600025.SH,0.007783267459641567
2022-11-07,600025.SH,0.01576706795615864
2022-11-08,600025.SH,-0.008868803167487166
2022-11-09,600025.SH,0.008940052582613076
2022-11-10,600025.SH,-0.023722511961954948
2022-11-11,600025.SH,0.006451574537212572
2022-11-14,600025.SH,0.002838958578324502
2022-11-15,600025.SH,0.03085831958682009
2022-11-16,600025.SH,0.014420317240704467
2022-11-17,600025.SH,-0.0062654573415152895
2022-11-18,600025.SH,0.00279358303685565
2022-11-21,600025.SH,-0.018334031515293808
2022-11-22,600025.SH,-0.011787719186610104
2022-11-23,600025.SH,0.007269134427156919
2022-11-24,600025.SH,0.009353950875799495
2022-11-25,600025.SH,-0.009905809874991673
2022-11-28,600025.SH,-0.006061012517519048
2022-11-29,600025.SH,-0.0012327171595259388
2022-11-30,600025.SH,-0.005731511431758186
2022-12-01,600025.SH,-0.013219511427696663
2022-12-02,600025.SH,-0.02130995766555354
2022-12-05,600025.SH,-0.007438415606911856
2022-12-06,600025.SH,0.005814734678383465
2022-12-07,600025.SH,-0.00569984597404437
2022-12-08,600025.SH,-0.0106541859468226
2022-12-09,600025.SH,0.026592312627035215
2022-12-12,600025.SH,-0.0029870766313898284
2022-12-13,600025.SH,0.0023552176692855087
2022-12-14,600025.SH,0.02453833478134613
2022-12-15,600025.SH,0.03894031931499577
2022-12-16,600025.SH,-0.01106946469626523
2022-12-19,600025.SH,-0.01621657207791933
2022-12-20,600025.SH,0.009369631844378277
2022-12-21,600025.SH,0.0216351130484725
2022-12-22,600025.SH,0.0078050973063854955
2022-12-23,600025.SH,0.010850680794160183
2022-12-26,600025.SH,0.025673425167139607
2022-12-27,600025.SH,0.00967666839899828
2022-12-28,600025.SH,-0.0007211426504545129
2022-12-29,600025.SH,-0.014920414929385796
2022-12-30,600025.SH,-0.007918201121819051
2023-01-02,600025.SH,-0.007430423520510501
2023-01-03,600025.SH,-1.5999785746931543e-05
2023-01-04,600025.SH,0.002402490980106609
2023-01-05,600025.SH,0.0002747181379492208
2023-01-06,600025.SH,0.002799001084976006
2023-01-09,600025.SH,0.017451928449884475
2023-01-10,600025.SH,-0.02598810850740285
2023-01-11,600025.SH,0.004713987018772072
2023-01-12,600025.SH,0.012450140572148558
2023-01-13,600025.SH,0.01870116022929346
2023-01-16,600025.SH,0.0015471491155078492
2023-01-17,600025.SH,0.019380784319211853
2023-01-18,600025.SH,0.0009110671702795082
2023-01-19,600025.SH,0.01677397223071539
2023-01-20,600025.SH,0.017880995652079457
2023-01-23,600025.SH,0.0030548295915413556
2023-01-24,600025.SH,-0.013928032357731747
2023-01-25,600025.SH,-0.014051694217186338
2023-01-26,600025.SH,-0.0015923854360506522
2023-01-27,600025.SH,0.007385764749829555
2023-01-30,600025.SH,0.003955065352137659
2023-01-31,600025.SH,-0.017559549063374515
2023-02-01,600025.SH,0.0017526702840925433
2023-02-02,600025.SH,0.008685926167711168
2023-02-03,600025.SH,-0.0010789636692151213
2023-02-06,600025.SH,-0.015077338424651419
2023-02-07,600025.SH,-0.01076710906290402
2023-02-08,600025.SH,0.0099648339430601
2023-02-09,600025.SH,-0.0160887018713144
2023-02-10,600025.SH,0.0046469621936971565
2023-02-13,600025.SH,0.01415327296188505
2023-02-14,600025.SH,0.017412848130751096
2023-02-15,600025.SH,0.019150661690266173
2023-02-16,600025.SH,-0.013445172374229174
2023-02-17,600025.SH,0.020624272385887075
2023-02-20,600025.SH,-0.02193185725795813
2023-02-21,600025.SH,-0.0022754048433095545
2023-02-22,600025.SH,0.005509601840195697
2023-02-23,600025.SH,-0.01742664433824823
2023-02-24,600025.SH,0.015021746955783222
2023-02-27,600025.SH,0.013425261110211553
2023-02-28,600025.SH,-0.010953452635953126
2023-03-01,600025.SH,0.004163877467126129
2023-03-02,600025.SH,-0.007853311373063759
2023-03-03,600025.SH,-0.005961694398107298
2023-03-06,600025.SH,-0.005711525117263829
2023-03-07,600025.SH,-0.010421299037075683
2023-03-08,600025.SH,0.019932405592504542
2023-03-09,600025.SH,0.01119350118192989
2023-03-10,600025.SH,0.024852657252977958
2023-03-13,600025.SH,-0.0018699484481084373
2023-03-14,600025.SH,-0.01348207203642783
2023-03-15,600025.SH,0.013909618653024702
2023-03-16,600025.SH,0.032499951405501604
2023-03-17,600025.SH,0.019285993195322176
2023-03-20,600025.SH,-0.007917030713344798
2023-03-21,600025.SH,0.004777487871187049
2023-03-22,600025.SH,0.001696478488034621
2023-03-23,600025.SH,-0.005767210930569788
2023-03-24,600025.SH,0.004269829705427124
2023-03-27,600025.SH,0.0045845614711318835
2023-03-28,600025.SH,-0.002432016906119879
2023-03-29,600025.SH,0.009607823342077111
2023-03-30,600025.SH,0.017452353302929026
2023-03-31,600025.SH,0.007013347679160333
2023-04-03,600025.SH,-0.011223502518735365
2023-04-04,600025.SH,-0.009346769116225482
2023-04-05,600025.SH,-0.020972206244916896
2023-04-06,600025.SH,-0.012387093492113928
2023-04-07,600025.SH,0.0077225041596579854
2023-04-10,600025.SH,0.017880766501301156
2023-04-11,600025.SH,0.015523831144434327
2023-04-12,600025.SH,0.0006120702233983191
2023-04-13,600025.SH,0.015993605956310893
2023-04-14,600025.SH,-0.005620139533558064
2023-04-17,600025.SH,-0.0057511644249657904
2023-04-18,600025.SH,-0.009750326931299153
2023-04-19,600025.SH,0.01206408847155866
2023-04-20,600025.SH,0.008626747528348609
2023-04-21,600025.SH,0.022058540572235972
2023-04-24,600025.SH,-0.023638475622804564
2023-04-25,600025.SH,0.01650619908941192
2023-04-26,600025.SH,0.006507663891300332
2023-04-27,600025.SH,0.002986511592111739
2023-04-28,600025.SH,0.0183541008318089
2023-05-01,600025.SH,-0.013893262339146022
2023-05-02,600025.SH,-0.0011692805990107442
2023-05-03,600025.SH,0.002658539851402928
2023-05-04,600025.SH,-0.019668640271181453
2023-05-05,600025.SH,0.008456881184802766
2023-05-08,600025.SH,-0.01388459687787696
2023-05-09,600025.SH,0.015192155212073488
2023-05-10,600025.SH,-0.016919189013929154
2023-05-11,600025.SH,0.004333638967372688
2023-05-12,600025.SH,0.015028222862722637
2023-05-15,600025.SH,0.01025699133209646
2023-05-16,600025.SH,-0.01587131222678282
2023-05-17,600025.SH,0.001244265162003029
2023-05-18,600025.SH,-0.002309315123426833
2023-05-19,600025.SH,-0.000660068349299556
2022-01-03,600026.SH,0.0158784862147709
2022-01-04,600026.SH,-0.01653794184906999
2022-01-05,600026.SH,-0.01448680173545031
2022-01-06,600026.SH,0.015627777898814924
2022-01-07,600026.SH,-0.02097914270541557
2022-01-10,600026.SH,-0.028002842030758528
2022-01-11,600026.SH,-0.0005624006803264551
2022-01-12,600026.SH,0.009775639020568357
2022-01-13,600026.SH,-0.012766935438161292
2022-01-14,600026.SH,0.016535608118884035
2022-01-17,600026.SH,-0.001343632146463991
2022-01-18,600026.SH,0.007092444024689085
2022-01-19,600026.SH,-0.011663078597986357
2022-01-20,600026.SH,0.009434033142704405
2022-01-21,600026.SH,0.0024025965204295956
2022-01-24,600026.SH,-0.021769278726376778
2022-01-25,600026.SH,0.031208275962169088
2022-01-26,600026.SH,-0.012624432496818938
2022-01-27,600026.SH,0.0020829768373978944
2022-01-28,600026.SH,0.009290951505646522
2022-01-31,600026.SH,0.016663649925122606
2022-02-01,600026.SH,0.005816932324811498
2022-02-02,600026.SH,-0.002231470520873623
2022-02-03,600026.SH,0.0009028542383962104
2022-02-04,600026.SH,-0.022240347401154804
2022-02-07,600026.SH,0.006199982409317729
2022-02-08,600026.SH,-0.012093407900877831
2022-02-09,600026.SH,-0.005108460721179744
2022-02-10,600026.SH,0.0032698458524548003
2022-02-11,600026.SH,0.007896633635473185
2022-02-14,600026.SH,0.014523834573010501
2022-02-15,600026.SH,0.011939516636251892
2022-02-16,600026.SH,0.0031344539893504945
2022-02-17,600026.SH,-6.293428534093551e-05
2022-02-18,600026.SH,-0.007366173639242671
2022-02-21,600026.SH,0.02602545731722116
2022-02-22,600026.SH,-0.008942231104024116
2022-02-23,600026.SH,0.010654172514170716
2022-02-24,600026.SH,0.013626100843725798
2022-02-25,600026.SH,0.01033130762623536
2022-02-28,600026.SH,0.016266164346421745
2022-03-01,600026.SH,-0.026483963484127127
2022-03-02,600026.SH,-0.007274101813213328
2022-03-03,600026.SH,0.012878946983729154
2022-03-04,600026.SH,0.010178589156266672
2022-03-07,600026.SH,-0.010447724607166673
2022-03-08,600026.SH,0.004034209824906781
2022-03-09,600026.SH,-0.023574890661814007
2022-03-10,600026.SH,0.009561236906302693
2022-03-11,600026.SH,-0.018292651456357105
2022-03-14,600026.SH,0.01361773361739559
2022-03-15,600026.SH,0.016877554413882414
2022-03-16,600026.SH,-0.01640091470291032
2022-03-17,600026.SH,0.002655389573682474
2022-03-18,600026.SH,-0.005933968474947449
2022-03-21,600026.SH,-0.002691938835798074
2022-03-22,600026.SH,-0.013673732242244968
2022-03-23,600026.SH,0.01818445672227426
2022-03-24,600026.SH,-0.02333850122779011
2022-03-25,600026.SH,-0.010553074786561974
2022-03-28,600026.SH,-0.014682241339596357
2022-03-29,600026.SH,-0.004791513035998994
2022-03-30,600026.SH,0.004025041826357549
2022-03-31,600026.SH,-0.0018052962514890636
2022-04-01,600026.SH,0.024546729296198732
2022-04-04,600026.SH,0.007952827775393821
2022-04-05,600026.SH,-0.00046098279282524596
2022-04-06,600026.SH,-0.0017264755672460812
2022-04-07,600026.SH,0.01689290573953801
2022-04-08,600026.SH,0.004229739545791724
2022-04-11,600026.SH,-0.005785311589620582
2022-04-12,600026.SH,-0.0017064566633719367
2022-04-13,600026.SH,-0.025601764658484807
2022-04-14,600026.SH,-0.01389119055342766
2022-04-15,600026.SH,0.00037881843555008347
2022-04-18,600026.SH,0.003547144005723125
2022-04-19,600026.SH,0.0023800772697898072
2022-04-20,600026.SH,0.0014684865504487675
2022-04-21,600026.SH,0.010823372496280799
2022-04-22,600026.SH,-0.014930725013374765
2022-04-25,600026.SH,0.003546756196372344
2022-04-26,600026.SH,-0.018705974908111052
2022-04-27,600026.SH,0.0009641485711934343
2022-04-28,600026.SH,-0.021836753575619837
2022-04-29,600026.SH,-0.006083616179303521
2022-05-02,600026.SH,-0.01079421396268647
2022-05-03,600026.SH,-0.007590496653839746
2022-05-04,600026.SH,0.009049229864313989
2022-05-05,600026.SH,0.006119773157231446
2022-05-06,600026.SH,-0.012884352829003458
2022-05-09,600026.SH,-0.00140085757515795
2022-05-10,600026.SH,-0.01580166913084341
2022-05-11,600026.SH,-0.020333971492405165
2022-05-12,600026.SH,0.0005388860740885506
2022-05-13,600026.SH,-0.007895692036063207
2022-05-16,600026.SH,-0.007170840572227804
2022-05-17,600026.SH,-0.004555328750037709
2022-05-18,600026.SH,-0.008097083129670038
2022-05-19,600026.SH,0.00046429162628781493
2022-05-20,600026.SH,-0.01797452571350363
2022-05-23,600026.SH,-0.007426097149820106
2022-05-24,600026.SH,-0.002819657470973182
2022-05-25,600026.SH,-0.011301767039760602
2022-05-26,600026.SH,0.006789393252117111
2022-05-27,600026.SH,-0.008647002315488239
2022-05-30,600026.SH,0.029003779916006722
2022-05-31,600026.SH,-0.021058132414334726
2022-06-01,600026.SH,-0.003963251815522321
2022-06-02,600026.SH,-0.007514856012378079
2022-06-03,600026.SH,-0.017696422145238297
2022-06-06,600026.SH,4.457327215013577e-06
2022-06-07,600026.SH,0.010350685080989606
2022-06-08,600026.SH,-0.009249865037753567
2022-06-09,600026.SH,-0.013481658835669227
2022-06-10,600026.SH,-0.0037261435630112387
2022-06-13,600026.SH,-0.01824645911308251
2022-06-14,600026.SH,-0.004659614027093443
2022-06-15,600026.SH,-0.003644549986650634
2022-06-16,600026.SH,0.01355248996463117
2022-06-17,600026.SH,0.0036746278524640566
2022-06-20,600026.SH,-0.010533945038085211
2022-06-21,600026.SH,-0.0010875575601629389
2022-06-22,600026.SH,-0.015448158113096407
2022-06-23,600026.SH,0.016270845774487005
2022-06-24,600026.SH,-0.0002780889041837792
2022-06-27,600026.SH,0.01032620085549383
2022-06-28,600026.SH,0.024870822608298454
2022-06-29,600026.SH,-0.01138925470151286
2022-06-30,600026.SH,-0.015351125069656904
2022-07-01,600026.SH,-0.007579593662107181
2022-07-04,600026.SH,0.00036854155494024047
2022-07-05,600026.SH,-0.01416868919291768
2022-07-06,600026.SH,-0.0005591765192780049
2022-07-07,600026.SH,0.00385754053018395
2022-07-08,600026.SH,-0.006790667609079312
2022-07-11,600026.SH,-0.01158752905293191
2022-07-12,600026.SH,-0.014032550873005336
2022-07-13,600026.SH,0.011268794396949573
2022-07-14,600026.SH,0.008300575199120528
2022-07-15,600026.SH,0.02545431048176173
2022-07-18,600026.SH,0.00482684778299834
2022-07-19,600026.SH,-0.026805779230681566
2022-07-20,600026.SH,-0.01624555340173474
2022-07-21,600026.SH,0.007287016952495241
2022-07-22,600026.SH,-0.0001320046093777399
2022-07-25,600026.SH,-0.0021492005704743557
2022-07-26,600026.SH,-0.024668634831974366
2022-07-27,600026.SH,0.011644483530535292
2022-07-28,600026.SH,0.012638068521726952
2022-07-29,600026.SH,-0.010776804754142017
2022-08-01,600026.SH,-0.00914670909789224
2022-08-02,600026.SH,-0.005972987929661286
2022-08-03,600026.SH,-0.0065996216246522995
2022-08-04,600026.SH,-0.008770091836063663
2022-08-05,600026.SH,0.007824993667244186
2022-08-08,600026.SH,-0.0037842289823627143
2022-08-09,600026.SH,-0.009382393939154786
2022-08-10,600026.SH,-0.012781724010236363
2022-08-11,600026.SH,-0.01296841621701015
2022-08-12,600026.SH,0.005601221714104751
2022-08-15,600026.SH,0.012857088247995049
2022-08-16,600026.SH,-0.0034559038339815992
2022-08-17,600026.SH,0.010643465786795772
2022-08-18,600026.SH,-0.008787492442304524
2022-08-19,600026.SH,0.011441312538220982
2022-08-22,600026.SH,-0.022853225941087036
2022-08-23,600026.SH,0.0017275923431819048
2022-08-24,600026.SH,0.017428538473349395
2022-08-25,600026.SH,-0.01171020387454835
2022-08-26,600026.SH,-0.007816349201698903
2022-08-29,600026.SH,-0.005106365003620718
2022-08-30,600026.SH,0.006400000206903737
2022-08-31,600026.SH,-0.009889908304720963
2022-09-01,600026.SH,-0.009035202277618433
2022-09-02,600026.SH,-0.004144105257162558
2022-09-05,600026.SH,0.02099522157941343
2022-09-06,600026.SH,0.011370286256935671
2022-09-07,600026.SH,0.0008669597551818784
2022-09-08,600026.SH,0.014325416850916046
2022-09-09,600026.SH,-0.0032050494661606094
2022-09-12,600026.SH,-0.002795516393967209
2022-09-13,600026.SH,0.004257549767500475
2022-09-14,600026.SH,0.007474332404209252
2022-09-15,600026.SH,0.012460781032475965
2022-09-16,600026.SH,0.0024598949322204504
2022-09-19,600026.SH,-0.0021978857953804526
2022-09-20,600026.SH,0.0008821830450915178
2022-09-21,600026.SH,0.0025357970093993643
2022-09-22,600026.SH,-0.023286444409357537
2022-09-23,600026.SH,0.010759951719817282
2022-09-26,600026.SH,0.009914478444682769
2022-09-27,600026.SH,-0.008413199412638258
2022-09-28,600026.SH,-0.0005862685238978444
2022-09-29,600026.SH,0.01612460675049769
2022-09-30,600026.SH,-0.004528096408413536
2022-10-03,600026.SH,-0.016925913787797862
2022-10-04,600026.SH,-0.011313222585824472
2022-10-05,600026.SH,-0.0005329566175694316
2022-10-06,600026.SH,-0.005100165348587089
2022-10-07,600026.SH,0.01707558060867176
2022-10-10,600026.SH,0.02154569335054093
2022-10-11,600026.SH,0.031166752834470134
2022-10-12,600026.SH,-0.008676429755133167
2022-10-13,600026.SH,0.010845201213635799
2022-10-14,600026.SH,-0.007691851635733339
2022-10-17,600026.SH,0.007193795120003077
2022-10-18,600026.SH,-0.010289821604281555
2022-10-19,600026.SH,0.003041144546264236
2022-10-20,600026.SH,-0.007020469071764779
2022-10-21,600026.SH,-0.0013919262762521025
2022-10-24,600026.SH,-0.00805111417892333
2022-10-25,600026.SH,-0.004163492046186625
2022-10-26,600026.SH,-0.0023590651949687695
2022-10-27,600026.SH,0.0007744331543366235
2022-10-28,600026.SH,-0.00027024775684950444
2022-10-31,600026.SH,0.009831428369074541
2022-11-01,600026.SH,0.0038477877713645665
2022-11-02,600026.SH,0.01856518220614649
2022-11-03,600026.SH,-0.0032249708028498653
2022-11-04,600026.SH,-0.02011951508789546
2022-11-07,600026.SH,0.03189868552869535
2022-11-08,600026.SH,-0.006150080918946614
2022-11-09,600026.SH,-0.011830031559191708
2022-11-10,600026.SH,-0.018897537919292915
2022-11-11,600026.SH,0.0035572420465922027
2022-11-14,600026.SH,0.0008606386101627402
2022-11-15,600026.SH,-0.0011870379964571097
2022-11-16,600026.SH,0.011178197459726666
2022-11-17,600026.SH,0.004866365445277085
2022-11-18,600026.SH,-0.006812023601727197
2022-11-21,600026.SH,-0.01336230154897195
2022-11-22,600026.SH,0.005704258261563635
2022-11-23,600026.SH,0.010479732610768082
2022-11-24,600026.SH,0.01986433984362298
2022-11-25,600026.SH,-0.0335582068024859
2022-11-28,600026.SH,0.012102058863878738
2022-11-29,600026.SH,-0.01081430788362995
2022-11-30,600026.SH,0.023313436775882237
2022-12-01,600026.SH,-0.016322575602619342
2022-12-02,600026.SH,-0.021870021475417695
2022-12-05,600026.SH,-0.006942701658088942
2022-12-06,600026.SH,-0.0035078237315920653
2022-12-07,600026.SH,-0.007525187294704839
2022-12-08,600026.SH,-0.0009870785172643674
2022-12-09,600026.SH,0.016161035447431412
2022-12-12,600026.SH,-0.012706461108319505
2022-12-13,600026.SH,-0.0035470864324758456
2022-12-14,600026.SH,0.012132021569645535
2022-12-15,600026.SH,0.019840716344955378
2022-12-16,600026.SH,0.0009988163561501246
2022-12-19,600026.SH,0.00965178691473148
2022-12-20,600026.SH,0.013572106846155013
2022-12-21,600026.SH,0.012147284027989484
2022-12-22,600026.SH,-0.02929274650495773
2022-12-23,600026.SH,-0.0034442836314653603
2022-12-26,600026.SH,-0.0013610995182765356
2022-12-27,600026.SH,0.002180878405627069
2022-12-28,600026.SH,-0.009720157497016883
2022-12-29,600026.SH,-0.001277982270784349
2022-12-30,600026.SH,-0.021391922759275497
2023-01-02,600026.SH,-0.01471256431898111
2023-01-03,600026.SH,0.01009581490563728
2023-01-04,600026.SH,-0.007839217016666487
2023-01-05,600026.SH,-0.004439301497988593
2023-01-06,600026.SH,0.013317456646389466
2023-01-09,600026.SH,0.017244767804854358
2023-01-10,600026.SH,0.009191916670501241
2023-01-11,600026.SH,0.00584271641220898
2023-01-12,600026.SH,0.007665275865991436
2023-01-13,600026.SH,0.013731556470792858
2023-01-16,600026.SH,-0.0015222383283890447
2023-01-17,600026.SH,-0.01584006937475537
2023-01-18,600026.SH,-0.006063624848808883
2023-01-19,600026.SH,0.023709047188665636
2023-01-20,600026.SH,0.006315879882707897
2023-01-23,600026.SH,0.019287833815038444
2023-01-24,600026.SH,-0.006736255959222456
2023-01-25,600026.SH,-0.008046804062272981
2023-01-26,600026.SH,0.020776585613728277
2023-01-27,600026.SH,0.00027349482808418043
2023-01-30,600026.SH,0.005603917584414747
2023-01-31,600026.SH,-0.004965453055802418
2023-02-01,600026.SH,-0.007303198305871417
2023-02-02,600026.SH,0.0007823810818394072
2023-02-03,600026.SH,-0.0005919125215246221
2023-02-06,600026.SH,-0.0031161969761736514
2023-02-07,600026.SH,0.01678307575562696
2023-02-08,600026.SH,-0.015339499195019233
2023-02-09,600026.SH,-0.019237387165889776
2023-02-10,600026.SH,0.006868959021699492
2023-02-13,600026.SH,0.006642253123672665
2023-02-14,600026.SH,-0.0007119999714985848
2023-02-15,600026.SH,0.0157758797844025
2023-02-16,600026.SH,-0.013081197751136312
2023-02-17,600026.SH,-0.010033434174594938
2023-02-20,600026.SH,-0.005656384379513416
2023-02-21,600026.SH,0.004265213709483162
2023-02-22,600026.SH,0.0060655729483668815
2023-02-23,600026.SH,-0.025713343523408507
2023-02-24,600026.SH,0.0006444875503626838
2023-02-27,600026.SH,0.011376435396269093
2023-02-28,600026.SH,-0.00809130018890146
2023-03-01,600026.SH,0.006823640409497163
2023-03-02,600026.SH,-0.008087037623011745
2023-03-03,600026.SH,0.01199506304094328
2023-03-06,600026.SH,-0.013815762901839793
2023-03-07,600026.SH,-0.0055966130090615495
2023-03-08,600026.SH,-0.005514619601604568
2023-03-09,600026.SH,-0.0024750168325572957
2023-03-10,600026.SH,0.019019253606670054
2023-03-13,600026.SH,0.012625314675370149
2023-03-14,600026.SH,0.009507863332094229
2023-03-15,600026.SH,0.01946129906879904
2023-03-16,600026.SH,0.024389085632857934
2023-03-17,600026.SH,-0.0008546828600926289
2023-03-20,600026.SH,-0.01856680506262555
2023-03-21,600026.SH,-0.009973163433841602
2023-03-22,600026.SH,-0.012615908944718129
2023-03-23,600026.SH,-0.0018265978894102843
2023-03-24,600026.SH,-0.008489820508470382
2023-03-27,600026.SH,0.018785351794911503
2023-03-28,600026.SH,0.01387138226965787
2023-03-29,600026.SH,0.0144130617662046
2023-03-30,600026.SH,0.027419674064390234
2023-03-31,600026.SH,0.011001438695510221
2023-04-03,600026.SH,-0.010478992890915107
2023-04-04,600026.SH,-0.0020445413663442314
2023-04-05,600026.SH,-0.018921569300676233
2023-04-06,600026.SH,-0.01692608776775657
2023-04-07,600026.SH,0.0010548835852977664
2023-04-10,600026.SH,0.011066012665725966
2023-04-11,600026.SH,0.003190742858466509
2023-04-12,600026.SH,-0.01739934375683003
2023-04-13,600026.SH,-0.008217762825856562
2023-04-14,600026.SH,0.010298881630388005
2023-04-17,600026.SH,-0.009532802029688835
2023-04-18,600026.SH,-0.013671381015583258
2023-04-19,600026.SH,-0.009979308833563355
2023-04-20,600026.SH,0.0011465504592977818
2023-04-21,600026.SH,0.008793429301939102
2023-04-24,600026.SH,-0.014894293445187699
2023-04-25,600026.SH,-0.005570137173714609
2023-04-26,600026.SH,-0.02153132563395996
2023-04-27,600026.SH,0.007511249919703193
2023-04-28,600026.SH,0.003952603463457148
2023-05-01,600026.SH,-0.009615281424285109
2023-05-02,600026.SH,-0.012289923822806342
2023-05-03,600026.SH,-0.00515175395435125
2023-05-04,600026.SH,-0.011121036123035695
2023-05-05,600026.SH,0.03538458468469176
2023-05-08,600026.SH,0.010437152812771
2023-05-09,600026.SH,0.00813486487880575
2023-05-10,600026.SH,-0.0009790339283646736
2023-05-11,600026.SH,-0.01100104909512629
2023-05-12,600026.SH,-0.0026756312596132575
2023-05-15,600026.SH,-0.023246264489374044
2023-05-16,600026.SH,0.019173946087355793
2023-05-17,600026.SH,0.017436606205811292
2023-05-18,600026.SH,-0.0029785768557659556
2023-05-19,600026.SH,0.00017092158891922403
2022-01-03,600027.SH,-0.013078163386940352
2022-01-04,600027.SH,-0.010512872452430877
2022-01-05,600027.SH,0.023927528350490584
2022-01-06,600027.SH,0.008838677713086855
2022-01-07,600027.SH,-0.021254746171349655
2022-01-10,600027.SH,-0.02799814265493468
2022-01-11,600027.SH,0.014825780502646333
2022-01-12,600027.SH,-0.003230778749025221
2022-01-13,600027.SH,-0.017701747793662605
2022-01-14,600027.SH,-0.01606700824130406
2022-01-17,600027.SH,-0.005740196374678675
2022-01-18,600027.SH,0.004904900226311867
2022-01-19,600027.SH,0.0026016352766179145
2022-01-20,600027.SH,0.003985759012959017
2022-01-21,600027.SH,0.011510540702885182
2022-01-24,600027.SH,-0.0060863172983414895
2022-01-25,600027.SH,0.013573130125381291
2022-01-26,600027.SH,-0.01124300158743918
2022-01-27,600027.SH,0.03748085833056963
2022-01-28,600027.SH,-0.0060442945226296
2022-01-31,600027.SH,-0.010512198825920804
2022-02-01,600027.SH,-0.015710441856189108
2022-02-02,600027.SH,0.007670923443849188
2022-02-03,600027.SH,-0.018431596765208252
2022-02-04,600027.SH,-0.00048099413902675083
2022-02-07,600027.SH,-0.021870106099553907
2022-02-08,600027.SH,0.005875182724999101
2022-02-09,600027.SH,-0.010588964926050905
2022-02-10,600027.SH,-0.0005110731810330205
2022-02-11,600027.SH,0.009491972015386655
2022-02-14,600027.SH,0.04017355764572723
2022-02-15,600027.SH,-0.014031325338888494
2022-02-16,600027.SH,-0.0056011163268362175
2022-02-17,600027.SH,-0.013747768573738444
2022-02-18,600027.SH,-0.003770867845003991
2022-02-21,600027.SH,0.0018820450420716879
2022-02-22,600027.SH,0.0073290850951303905
2022-02-23,600027.SH,-0.01160181045800402
2022-02-24,600027.SH,0.015897277257178634
2022-02-25,600027.SH,0.009364534861544949
2022-02-28,600027.SH,-0.004154073242113213
2022-03-01,600027.SH,0.0006781823249907871
2022-03-02,600027.SH,-0.013342547558709448
2022-03-03,600027.SH,0.009857977114000896
2022-03-04,600027.SH,-0.015454310092526702
2022-03-07,600027.SH,-0.011660005030526
2022-03-08,600027.SH,0.0010559690360941046
2022-03-09,600027.SH,0.008618232321580712
2022-03-10,600027.SH,0.01776191125280288
2022-03-11,600027.SH,0.014346054463639565
2022-03-14,600027.SH,0.007610970388995176
2022-03-15,600027.SH,0.004221410443128123
2022-03-16,600027.SH,-0.003710988435705406
2022-03-17,600027.SH,-0.014002375905175515
2022-03-18,600027.SH,-0.02220955345450463
2022-03-21,600027.SH,-0.0007446470090818457
2022-03-22,600027.SH,-0.01225792218130197
2022-03-23,600027.SH,0.011306463168220359
2022-03-24,600027.SH,-0.005730378766817801
2022-03-25,600027.SH,0.010227422428514812
2022-03-28,600027.SH,-0.004085042787675916
2022-03-29,600027.SH,0.005641671643031116
2022-03-30,600027.SH,0.0032520251925169472
2022-03-31,600027.SH,0.00026962584618016924
2022-04-01,600027.SH,0.00676743352510605
2022-04-04,600027.SH,0.00038467371485018716
2022-04-05,600027.SH,-0.00475408979804921
2022-04-06,600027.SH,0.0224829198944876
2022-04-07,600027.SH,0.008685704058892636
2022-04-08,600027.SH,0.0029720155713225654
2022-04-11,600027.SH,-0.017260297077006995
2022-04-12,600027.SH,0.0011344364522708345
2022-04-13,600027.SH,0.0002471059386213526
2022-04-14,600027.SH,0.011650811498980961
2022-04-15,600027.SH,0.0032883183560991546
2022-04-18,600027.SH,0.015865783790209854
2022-04-19,600027.SH,0.00929883079565506
2022-04-20,600027.SH,0.004099306722106665
2022-04-21,600027.SH,0.0038585995617354658
2022-04-22,600027.SH,0.0064709375833857
2022-04-25,600027.SH,-0.005387051165138145
2022-04-26,600027.SH,-0.012475010334686478
2022-04-27,600027.SH,-0.0034374342013695877
2022-04-28,600027.SH,-0.020467473836368086
2022-04-29,600027.SH,-0.0012907644290780732
2022-05-02,600027.SH,-0.005733359028373577
2022-05-03,600027.SH,-0.00847012893663936
2022-05-04,600027.SH,-0.002032843006976211
2022-05-05,600027.SH,0.004238841486952773
2022-05-06,600027.SH,0.00013571664400913392
2022-05-09,600027.SH,0.004649370399478802
2022-05-10,600027.SH,-0.0013841601999795296
2022-05-11,600027.SH,-0.007856696072624493
2022-05-12,600027.SH,-0.008369690263638846
2022-05-13,600027.SH,-0.002683936228108221
2022-05-16,600027.SH,-0.03262095680205173
2022-05-17,600027.SH,-0.012638748488930046
2022-05-18,600027.SH,-0.01266696933965401
2022-05-19,600027.SH,0.007386108681052359
2022-05-20,600027.SH,-0.021786760408070573
2022-05-23,600027.SH,-0.00802315384475116
2022-05-24,600027.SH,0.009370229042390965
2022-05-25,600027.SH,0.007850624335213188
2022-05-26,600027.SH,0.009221974215690931
2022-05-27,600027.SH,-0.019303823548767633
2022-05-30,600027.SH,-0.006518267650147637
2022-05-31,600027.SH,0.00126033708732226
2022-06-01,600027.SH,-0.014720013266435177
2022-06-02,600027.SH,0.005936022415935456
2022-06-03,600027.SH,-0.013909767910801545
2022-06-06,600027.SH,-0.00038244145084078644
2022-06-07,600027.SH,0.028859402646647374
2022-06-08,600027.SH,-0.008880514240049845
2022-06-09,600027.SH,-0.007070811241429662
2022-06-10,600027.SH,-0.007085975140481886
2022-06-13,600027.SH,0.0010415382474836228
2022-06-14,600027.SH,0.010569285659356983
2022-06-15,600027.SH,-0.0057048232032734375
2022-06-16,600027.SH,0.012267212978381995
2022-06-17,600027.SH,-0.010867642718692928
2022-06-20,600027.SH,-0.019632018061473834
2022-06-21,600027.SH,0.011802159404652592
2022-06-22,600027.SH,-0.0037800359870623582
2022-06-23,600027.SH,-0.013262622683157208
2022-06-24,600027.SH,0.024334451532252856
2022-06-27,600027.SH,-0.005165984757429988
2022-06-28,600027.SH,0.009242692692276186
2022-06-29,600027.SH,0.00689896062036034
2022-06-30,600027.SH,-0.006535433203874381
2022-07-01,600027.SH,-0.009045973553262834
2022-07-04,600027.SH,-0.015400208870751476
2022-07-05,600027.SH,-0.027361826176726133
2022-07-06,600027.SH,0.0034173449285539517
2022-07-07,600027.SH,0.0018503161639587611
2022-07-08,600027.SH,-0.008711196273913539
2022-07-11,600027.SH,-0.01293724345435249
2022-07-12,600027.SH,0.0027106887730709854
2022-07-13,600027.SH,-0.011667087410124625
2022-07-14,600027.SH,0.02057551734048908
2022-07-15,600027.SH,0.024924958175759095
2022-07-18,600027.SH,0.023051884408036547
2022-07-19,600027.SH,-0.00784150849596444
2022-07-20,600027.SH,-0.026483063767311264
2022-07-21,600027.SH,0.0016344603578624956
2022-07-22,600027.SH,-0.009781526762640977
2022-07-25,600027.SH,0.001024220606266496
2022-07-26,600027.SH,-0.004627853775226604
2022-07-27,600027.SH,-0.013725794101857518
2022-07-28,600027.SH,-0.007829591035639048
2022-07-29,600027.SH,0.0038854705658929174
2022-08-01,600027.SH,0.012562066714382883
2022-08-02,600027.SH,-0.0074917511820893
2022-08-03,600027.SH,-0.005264490018432787
2022-08-04,600027.SH,0.006237628269449355
2022-08-05,600027.SH,0.00223765805140012
2022-08-08,600027.SH,0.0059985244300249825
2022-08-09,600027.SH,0.0029952770222387293
2022-08-10,600027.SH,0.01993264496418927
2022-08-11,600027.SH,0.0013045407076859262
2022-08-12,600027.SH,-0.0019970967030496396
2022-08-15,600027.SH,-0.012346396514777234
2022-08-16,600027.SH,-0.007825346113740847
2022-08-17,600027.SH,0.015840484750477647
2022-08-18,600027.SH,-0.007084473459163048
2022-08-19,600027.SH,0.01838749679001435
2022-08-22,600027.SH,-0.030695154708077883
2022-08-23,600027.SH,0.007757967148812329
2022-08-24,600027.SH,0.0022846439718983637
2022-08-25,600027.SH,-0.014968114595706213
2022-08-26,600027.SH,0.006391571956791178
2022-08-29,600027.SH,-0.012483303482884369
2022-08-30,600027.SH,-1.7488816749524315e-06
2022-08-31,600027.SH,0.01484795123481419
2022-09-01,600027.SH,0.00029489038525257194
2022-09-02,600027.SH,-0.004478631203105792
2022-09-05,600027.SH,0.005188472688220998
2022-09-06,600027.SH,0.010985929826830053
2022-09-07,600027.SH,0.021273705562288518
2022-09-08,600027.SH,0.007072569705523331
2022-09-09,600027.SH,-0.005208890022832181
2022-09-12,600027.SH,-0.003553008848521942
2022-09-13,600027.SH,0.0074234400308035445
2022-09-14,600027.SH,-0.003846109145454344
2022-09-15,600027.SH,-0.005439071988982564
2022-09-16,600027.SH,0.007715913164808727
2022-09-19,600027.SH,0.00959577633285273
2022-09-20,600027.SH,0.006772524753049948
2022-09-21,600027.SH,-0.005378350107954935
2022-09-22,600027.SH,-0.017027913809403713
2022-09-23,600027.SH,0.019535871102092046
2022-09-26,600027.SH,0.008810274939917383
2022-09-27,600027.SH,-0.005764972438070518
2022-09-28,600027.SH,-0.008388212635301682
2022-09-29,600027.SH,0.023001298616000324
2022-09-30,600027.SH,-0.011662089336891508
2022-10-03,600027.SH,0.006566615653995907
2022-10-04,600027.SH,0.02298146305938096
2022-10-05,600027.SH,-0.010544032351421205
2022-10-06,600027.SH,-0.029250928080729908
2022-10-07,600027.SH,0.009137552244516628
2022-10-10,600027.SH,-0.0007191225832099426
2022-10-11,600027.SH,0.00259799075918982
2022-10-12,600027.SH,-0.005162501806315717
2022-10-13,600027.SH,0.0010033721325545704
2022-10-14,600027.SH,-0.003429445901310779
2022-10-17,600027.SH,0.0012093651777342015
2022-10-18,600027.SH,0.006090144138738386
2022-10-19,600027.SH,-0.004808303290604069
2022-10-20,600027.SH,-0.010117526174934851
2022-10-21,600027.SH,-0.006576559557699068
2022-10-24,600027.SH,0.012943307846344117
2022-10-25,600027.SH,-0.0024068854485894253
2022-10-26,600027.SH,0.010212978797764033
2022-10-27,600027.SH,-0.006488740580426058
2022-10-28,600027.SH,-0.0008693261908509628
2022-10-31,600027.SH,0.013862466694990097
2022-11-01,600027.SH,0.00046527323666278875
2022-11-02,600027.SH,-0.0006502154784857189
2022-11-03,600027.SH,-0.009298756101020439
2022-11-04,600027.SH,-0.00797789531884548
2022-11-07,600027.SH,0.032831200857159015
2022-11-08,600027.SH,0.01452974928589079
2022-11-09,600027.SH,-0.012147885219716518
2022-11-10,600027.SH,-0.01464855471716676
2022-11-11,600027.SH,-0.002854706717609524
2022-11-14,600027.SH,0.00977299696417768
2022-11-15,600027.SH,0.014858686946386361
2022-11-16,600027.SH,0.010717433540778643
2022-11-17,600027.SH,-0.0209458725759728
2022-11-18,600027.SH,0.0025350062673391805
2022-11-21,600027.SH,-0.01332152676066157
2022-11-22,600027.SH,-0.011266106461503857
2022-11-23,600027.SH,-7.029221609824174e-05
2022-11-24,600027.SH,0.020916783986418497
2022-11-25,600027.SH,-0.0158815397851473
2022-11-28,600027.SH,-0.013649767831578334
2022-11-29,600027.SH,-0.004655787763253028
2022-11-30,600027.SH,-0.0005435790841706857
2022-12-01,600027.SH,-0.0018017743277573325
2022-12-02,600027.SH,-0.00021799631887172398
2022-12-05,600027.SH,-0.00736823174828019
2022-12-06,600027.SH,-0.004237091625506021
2022-12-07,600027.SH,-0.0057462469060148656
2022-12-08,600027.SH,-0.00011299628501637571
2022-12-09,600027.SH,0.027875860366387353
2022-12-12,600027.SH,-0.022154096986669085
2022-12-13,600027.SH,0.004274825550806173
2022-12-14,600027.SH,0.011115955684594062
2022-12-15,600027.SH,0.01569024197847491
2022-12-16,600027.SH,-0.01106580999828747
2022-12-19,600027.SH,0.005365292698183076
2022-12-20,600027.SH,0.008137086247804702
2022-12-21,600027.SH,0.011275717036702063
2022-12-22,600027.SH,0.00048180204135384735
2022-12-23,600027.SH,-0.0005636169599425285
2022-12-26,600027.SH,0.0004889859531002089
2022-12-27,600027.SH,-0.0036022242338519827
2022-12-28,600027.SH,0.0010930998743754047
2022-12-29,600027.SH,-0.0018957610742843457
2022-12-30,600027.SH,-0.024754218001096215
2023-01-02,600027.SH,0.006566224978897708
2023-01-03,600027.SH,-0.006933850206315845
2023-01-04,600027.SH,0.01777855559689799
2023-01-05,600027.SH,-0.01847251760209924
2023-01-06,600027.SH,0.0019652222164609984
2023-01-09,600027.SH,0.0011019496981663525
2023-01-10,600027.SH,-0.00851079058242566
2023-01-11,600027.SH,-0.002053855900390139
2023-01-12,600027.SH,0.018130918870992756
2023-01-13,600027.SH,0.001434376845526349
2023-01-16,600027.SH,-0.013689544656317068
2023-01-17,600027.SH,-0.015754330009987588
2023-01-18,600027.SH,-0.01799191825078478
2023-01-19,600027.SH,0.011380715030257407
2023-01-20,600027.SH,0.006249959378415338
2023-01-23,600027.SH,0.0008462653581071517
2023-01-24,600027.SH,-0.028826295681916657
2023-01-25,600027.SH,-0.009816107726332679
2023-01-26,600027.SH,0.019806441376181996
2023-01-27,600027.SH,0.01833040627481906
2023-01-30,600027.SH,-0.015103314252038506
2023-01-31,600027.SH,-0.021970615488185095
2023-02-01,600027.SH,-0.0011228307572799055
2023-02-02,600027.SH,0.005092576980971404
2023-02-03,600027.SH,-0.021081170154080356
2023-02-06,600027.SH,0.013050434027667219
2023-02-07,600027.SH,0.0025449623517095543
2023-02-08,600027.SH,-0.0008117285061421685
2023-02-09,600027.SH,0.013589767851399334
2023-02-10,600027.SH,-0.0009883823853611686
2023-02-13,600027.SH,0.0019872150393318044
2023-02-14,600027.SH,-0.006287482636100744
2023-02-15,600027.SH,-0.0019330848665985792
2023-02-16,600027.SH,-0.026636883842492687
2023-02-17,600027.SH,0.019974956273370766
2023-02-20,600027.SH,0.007742308853849135
2023-02-21,600027.SH,0.0051133002886072955
2023-02-22,600027.SH,-0.012739050552422315
2023-02-23,600027.SH,-0.004941266249990202
2023-02-24,600027.SH,-0.010952968873425038
2023-02-27,600027.SH,-0.0018517627835103329
2023-02-28,600027.SH,-0.01785976246814556
2023-03-01,600027.SH,0.026455533229199982
2023-03-02,600027.SH,0.016350740538942966
2023-03-03,600027.SH,-0.005002964049136215
2023-03-06,600027.SH,-0.015165178267611434
2023-03-07,600027.SH,-0.01907926978444481
2023-03-08,600027.SH,0.011180664012792512
2023-03-09,600027.SH,0.006281369455782851
2023-03-10,600027.SH,0.021754055385248678
2023-03-13,600027.SH,0.01852637024507319
2023-03-14,600027.SH,0.0015384742547902806
2023-03-15,600027.SH,0.01951175495693818
2023-03-16,600027.SH,-0.003494443408558971
2023-03-17,600027.SH,0.011994330747983329
2023-03-20,600027.SH,-0.007444888410123254
2023-03-21,600027.SH,0.005126951686543017
2023-03-22,600027.SH,-0.0017943773335485627
2023-03-23,600027.SH,0.008604707733709468
2023-03-24,600027.SH,-0.0014810318033253809
2023-03-27,600027.SH,-0.009445187974265565
2023-03-28,600027.SH,-0.012174370642250677
2023-03-29,600027.SH,0.006669380012208213
2023-03-30,600027.SH,-0.00842568196688315
2023-03-31,600027.SH,0.010496524115627359
2023-04-03,600027.SH,0.002099894578333656
2023-04-04,600027.SH,0.0005205158214410116
2023-04-05,600027.SH,0.0008897116397290169
2023-04-06,600027.SH,0.0009182382198802547
2023-04-07,600027.SH,-0.0011294915508330162
2023-04-10,600027.SH,0.00673315475389312
2023-04-11,600027.SH,0.00643743856464669
2023-04-12,600027.SH,0.0017028199106917585
2023-04-13,600027.SH,0.0038242743329026177
2023-04-14,600027.SH,-0.001060843886334247
2023-04-17,600027.SH,-0.026207587633578465
2023-04-18,600027.SH,-0.022547144793391666
2023-04-19,600027.SH,-0.0007680503287589178
2023-04-20,600027.SH,-0.014136518722626161
2023-04-21,600027.SH,0.022821136435163824
2023-04-24,600027.SH,-0.012360983754787466
2023-04-25,600027.SH,-0.003921736262730369
2023-04-26,600027.SH,-0.010520207354227335
2023-04-27,600027.SH,0.013592313242742644
2023-04-28,600027.SH,0.001793305896699602
2023-05-01,600027.SH,-0.02668817385044847
2023-05-02,600027.SH,-0.012388286801795764
2023-05-03,600027.SH,0.00586812472809009
2023-05-04,600027.SH,-0.0064447808041575546
2023-05-05,600027.SH,0.0237343147185847
2023-05-08,600027.SH,0.013396565891072285
2023-05-09,600027.SH,0.006780408979094649
2023-05-10,600027.SH,0.005637670445388982
2023-05-11,600027.SH,-0.000199886620033919
2023-05-12,600027.SH,-0.009660887696707358
2023-05-15,600027.SH,-0.004848286556007735
2023-05-16,600027.SH,-0.006187398001173307
2023-05-17,600027.SH,-0.0041571248037379615
2023-05-18,600027.SH,-0.016500509410333947
2023-05-19,600027.SH,-0.0057913252177199444
2022-01-03,600028.SH,0.008637908778971231
2022-01-04,600028.SH,0.008832698176701752
2022-01-05,600028.SH,-0.011249855176138574
2022-01-06,600028.SH,-0.00535282853787773
2022-01-07,600028.SH,-0.023522744096512366
2022-01-10,600028.SH,-0.002760017280532617
2022-01-11,600028.SH,-0.001026751204392214
2022-01-12,600028.SH,-0.009771032969784887
2022-01-13,600028.SH,0.007032920817019904
2022-01-14,600028.SH,0.0027395512428310493
2022-01-17,600028.SH,0.006847584204666327
2022-01-18,600028.SH,-0.001939856782773852
2022-01-19,600028.SH,0.003231041252843656
2022-01-20,600028.SH,0.006685247571218595
2022-01-21,600028.SH,0.0013299423001617594
2022-01-24,600028.SH,-0.011998341889084269
2022-01-25,600028.SH,0.012199838745880879
2022-01-26,600028.SH,-0.005172258543364052
2022-01-27,600028.SH,0.01738461122935448
2022-01-28,600028.SH,0.012963854166891234
2022-01-31,600028.SH,0.003110908780304323
2022-02-01,600028.SH,-0.010512207504083052
2022-02-02,600028.SH,0.02018359303159009
2022-02-03,600028.SH,0.003420411166233127
2022-02-04,600028.SH,0.022607055190771535
2022-02-07,600028.SH,0.00028396048104102796
2022-02-08,600028.SH,0.011235353874567628
2022-02-09,600028.SH,0.005827791427872944
2022-02-10,600028.SH,0.0023108749740867263
2022-02-11,600028.SH,0.000858652528187398
2022-02-14,600028.SH,0.020075619253549358
2022-02-15,600028.SH,0.0019604373870616273
2022-02-16,600028.SH,0.007445937163871951
2022-02-17,600028.SH,-0.003421676242945379
2022-02-18,600028.SH,0.0002989436263516757
2022-02-21,600028.SH,0.0057632383757772986
2022-02-22,600028.SH,-0.014140949090270808
2022-02-23,600028.SH,0.009890886620022875
2022-02-24,600028.SH,-0.012007585860738404
2022-02-25,600028.SH,0.014879146903976676
2022-02-28,600028.SH,0.008711541944052874
2022-03-01,600028.SH,0.00738255245483563
2022-03-02,600028.SH,-0.006498556411032923
2022-03-03,600028.SH,-0.006020698301732976
2022-03-04,600028.SH,-0.008751867531793925
2022-03-07,600028.SH,0.01903416266188147
2022-03-08,600028.SH,0.00811104101195798
2022-03-09,600028.SH,0.013041441852073966
2022-03-10,600028.SH,0.01928037788102767
2022-03-11,600028.SH,-0.0035678367450810104
2022-03-14,600028.SH,0.006548012848798315
2022-03-15,600028.SH,0.0055004135616218
2022-03-16,600028.SH,-0.02322938458901422
2022-03-17,600028.SH,-0.004412169489900971
2022-03-18,600028.SH,0.002112084668049911
2022-03-21,600028.SH,-0.010101315336055315
2022-03-22,600028.SH,-0.005449569963532082
2022-03-23,600028.SH,0.010225861936018717
2022-03-24,600028.SH,0.014188644387555089
2022-03-25,600028.SH,-0.01059426253431255
2022-03-28,600028.SH,-0.008446525182653847
2022-03-29,600028.SH,-0.005212471012407847
2022-03-30,600028.SH,-0.005104524564184292
2022-03-31,600028.SH,0.001911021579311572
2022-04-01,600028.SH,0.012363575076677069
2022-04-04,600028.SH,0.01359201382180501
2022-04-05,600028.SH,-0.0009296293536399697
2022-04-06,600028.SH,0.007228598823249733
2022-04-07,600028.SH,0.019552137001062994
2022-04-08,600028.SH,0.006633324820453224
2022-04-11,600028.SH,-0.015667415098175562
2022-04-12,600028.SH,-0.004121882219899079
2022-04-13,600028.SH,-0.002363611696627196
2022-04-14,600028.SH,-0.004179028384035404
2022-04-15,600028.SH,-0.01455498305197806
2022-04-18,600028.SH,-0.014703873381203408
2022-04-19,600028.SH,-0.0027194662695707575
2022-04-20,600028.SH,0.004248714677282895
2022-04-21,600028.SH,-0.0068130926247854506
2022-04-22,600028.SH,0.007985551007751718
2022-04-25,600028.SH,0.005176383393423413
2022-04-26,600028.SH,0.008199118620620317
2022-04-27,600028.SH,0.000800927927315336
2022-04-28,600028.SH,-0.013717238870778147
2022-04-29,600028.SH,-0.0049839050318108286
2022-05-02,600028.SH,0.010596886795005669
2022-05-03,600028.SH,-0.009231454580491849
2022-05-04,600028.SH,-0.014320977023277252
2022-05-05,600028.SH,0.004848933914313334
2022-05-06,600028.SH,-0.006436196944922297
2022-05-09,600028.SH,0.01653195750239361
2022-05-10,600028.SH,-0.004859650680341315
2022-05-11,600028.SH,0.013859624568579757
2022-05-12,600028.SH,-0.02187933236243955
2022-05-13,600028.SH,-0.012150719430212759
2022-05-16,600028.SH,0.002717026621628503
2022-05-17,600028.SH,-0.019484640057708186
2022-05-18,600028.SH,-0.00956998397708221
2022-05-19,600028.SH,-0.000832163329852947
2022-05-20,600028.SH,-0.014081508864403314
2022-05-23,600028.SH,-0.0005790740211723045
2022-05-24,600028.SH,-0.0025603896277025147
2022-05-25,600028.SH,-0.0039597995817936636
2022-05-26,600028.SH,0.011060066924582427
2022-05-27,600028.SH,-0.009619878553945447
2022-05-30,600028.SH,-0.011645542462798796
2022-05-31,600028.SH,0.002701677546730368
2022-06-01,600028.SH,0.004590305008964001
2022-06-02,600028.SH,-0.0036894066133782493
2022-06-03,600028.SH,-0.026759639035764202
2022-06-06,600028.SH,-0.0060438550115713835
2022-06-07,600028.SH,0.007354616473530376
2022-06-08,600028.SH,-0.0019974706559488993
2022-06-09,600028.SH,-0.0036676357106504957
2022-06-10,600028.SH,-0.002684466118795193
2022-06-13,600028.SH,-0.01348328404751149
2022-06-14,600028.SH,0.011049874574982622
2022-06-15,600028.SH,-0.005359667970324097
2022-06-16,600028.SH,0.01467971168910711
2022-06-17,600028.SH,-0.017414093410937935
2022-06-20,600028.SH,-0.013886084184202913
2022-06-21,600028.SH,0.011528168289065662
2022-06-22,600028.SH,-0.005402772194924454
2022-06-23,600028.SH,0.019018538816438488
2022-06-24,600028.SH,-0.01662930699456531
2022-06-27,600028.SH,-0.002738948123235786
2022-06-28,600028.SH,0.009992876670975169
2022-06-29,600028.SH,0.00791529859884125
2022-06-30,600028.SH,-0.0168086410621425
2022-07-01,600028.SH,-0.0007026745767733031
2022-07-04,600028.SH,0.007450839387241794
2022-07-05,600028.SH,-0.018228385652893215
2022-07-06,600028.SH,0.0013459680867883368
2022-07-07,600028.SH,-0.0003614938386711519
2022-07-08,600028.SH,-0.026581300027946557
2022-07-11,600028.SH,-0.012675664768273899
2022-07-12,600028.SH,0.015269231189065723
2022-07-13,600028.SH,0.011931560651799254
2022-07-14,600028.SH,0.014406334238701865
2022-07-15,600028.SH,0.02444162334642347
2022-07-18,600028.SH,0.009124329121505688
2022-07-19,600028.SH,-0.00019220348115377584
2022-07-20,600028.SH,-0.022620511719641495
2022-07-21,600028.SH,0.017488901131547382
2022-07-22,600028.SH,0.006659953249564003
2022-07-25,600028.SH,0.003449718222094646
2022-07-26,600028.SH,-0.013326373050937375
2022-07-27,600028.SH,-0.011328566159037013
2022-07-28,600028.SH,0.005261803880335217
2022-07-29,600028.SH,0.0018640395160068653
2022-08-01,600028.SH,-0.01895399735190003
2022-08-02,600028.SH,-0.003338298687153931
2022-08-03,600028.SH,-0.0005228409191501381
2022-08-04,600028.SH,0.0018742781257221263
2022-08-05,600028.SH,-0.007190788434588914
2022-08-08,600028.SH,0.006199405334634159
2022-08-09,600028.SH,0.004040719613523874
2022-08-10,600028.SH,0.006328878934802664
2022-08-11,600028.SH,0.00043604695424586445
2022-08-12,600028.SH,-0.0034623364052798495
2022-08-15,600028.SH,0.0031979711910876465
2022-08-16,600028.SH,-0.017123042805581246
2022-08-17,600028.SH,0.019243947337974437
2022-08-18,600028.SH,-0.010205843473408324
2022-08-19,600028.SH,0.005721563190537146
2022-08-22,600028.SH,0.001420671101991228
2022-08-23,600028.SH,0.017183842833506387
2022-08-24,600028.SH,0.017064044232683446
2022-08-25,600028.SH,0.003002799322417954
2022-08-26,600028.SH,-0.0014262681166414156
2022-08-29,600028.SH,-0.0077670862579389596
2022-08-30,600028.SH,-0.013778972412090043
2022-08-31,600028.SH,0.009757482606259797
2022-09-01,600028.SH,-0.013023830247994687
2022-09-02,600028.SH,-0.005164529994527849
2022-09-05,600028.SH,0.008170668599201283
2022-09-06,600028.SH,0.0001795749607820859
2022-09-07,600028.SH,-0.00795353101600884
2022-09-08,600028.SH,0.014521092461675881
2022-09-09,600028.SH,0.005190964273655785
2022-09-12,600028.SH,0.004642157290669439
2022-09-13,600028.SH,0.000491589899635413
2022-09-14,600028.SH,0.007574951201658491
2022-09-15,600028.SH,0.018193454477822155
2022-09-16,600028.SH,-0.011230766114703524
2022-09-19,600028.SH,0.028628886372686863
2022-09-20,600028.SH,0.011127355807762047
2022-09-21,600028.SH,-0.011320504747179865
2022-09-22,600028.SH,-0.022862498024832523
2022-09-23,600028.SH,0.02374750985845925
2022-09-26,600028.SH,0.018553600769212572
2022-09-27,600028.SH,-0.01601413748703846
2022-09-28,600028.SH,-0.005386279322671673
2022-09-29,600028.SH,0.0429532837658625
2022-09-30,600028.SH,-0.008691347882203689
2022-10-03,600028.SH,-0.014577522095003181
2022-10-04,600028.SH,-0.00493835189555405
2022-10-05,600028.SH,0.014564148851417479
2022-10-06,600028.SH,0.00843661996201631
2022-10-07,600028.SH,0.012766847950976176
2022-10-10,600028.SH,0.005182449231313047
2022-10-11,600028.SH,0.0238000472438376
2022-10-12,600028.SH,-0.007758524640265143
2022-10-13,600028.SH,0.0067774201553654455
2022-10-14,600028.SH,-0.013530841658520816
2022-10-17,600028.SH,0.013434722103311265
2022-10-18,600028.SH,-0.0035574117609384155
2022-10-19,600028.SH,-0.016005621900751173
2022-10-20,600028.SH,-0.006384480546226266
2022-10-21,600028.SH,-0.019437119550208905
2022-10-24,600028.SH,-0.01588246699385457
2022-10-25,600028.SH,-0.002297728040833641
2022-10-26,600028.SH,-0.0035023869223081007
2022-10-27,600028.SH,-0.006487528456471305
2022-10-28,600028.SH,0.005688082038770461
2022-10-31,600028.SH,0.021992166452882822
2022-11-01,600028.SH,0.009649803044307239
2022-11-02,600028.SH,0.029979913161720072
2022-11-03,600028.SH,0.0037908459065735707
2022-11-04,600028.SH,-0.002545406257565677
2022-11-07,600028.SH,0.028613017690001998
2022-11-08,600028.SH,-0.010914981291166392
2022-11-09,600028.SH,0.010972572924030912
2022-11-10,600028.SH,-0.033129764778019793
2022-11-11,600028.SH,-0.005138610319734789
2022-11-14,600028.SH,0.0020551301467873657
2022-11-15,600028.SH,0.012242169066137733
2022-11-16,600028.SH,0.010497197659525146
2022-11-17,600028.SH,0.011567808857801726
2022-11-18,600028.SH,0.008741171965423379
2022-11-21,600028.SH,-0.018565812822763414
2022-11-22,600028.SH,-0.009421321221431658
2022-11-23,600028.SH,-0.010245199456795714
2022-11-24,600028.SH,0.01669676682716724
2022-11-25,600028.SH,-0.008330095206053626
2022-11-28,600028.SH,-0.024897836229487852
2022-11-29,600028.SH,-0.01617047631980866
2022-11-30,600028.SH,0.0030884614716589955
2022-12-01,600028.SH,0.0011320944368740232
2022-12-02,600028.SH,-0.004969063364696339
2022-12-05,600028.SH,-0.010741597853204523
2022-12-06,600028.SH,0.019108546370874824
2022-12-07,600028.SH,-0.013995965569857534
2022-12-08,600028.SH,-0.004540743647148577
2022-12-09,600028.SH,0.011638580462463799
2022-12-12,600028.SH,-0.0034002841338339187
2022-12-13,600028.SH,-0.0233305745516781
2022-12-14,600028.SH,0.010074632769384178
2022-12-15,600028.SH,0.011157794959662714
2022-12-16,600028.SH,-0.01542226624929741
2022-12-19,600028.SH,0.009558708748006465
2022-12-20,600028.SH,-0.003390814485512902
2022-12-21,600028.SH,0.02101214240998558
2022-12-22,600028.SH,0.007277795193144502
2022-12-23,600028.SH,-0.002237995903570067
2022-12-26,600028.SH,0.01615637165905675
2022-12-27,600028.SH,0.008788988177119702
2022-12-28,600028.SH,-0.0018448792640054664
2022-12-29,600028.SH,0.006432572177040965
2022-12-30,600028.SH,0.0074002144329586815
2023-01-02,600028.SH,-0.008278079076882848
2023-01-03,600028.SH,-0.01172310892183239
2023-01-04,600028.SH,-0.008321786339543384
2023-01-05,600028.SH,0.005501661946813419
2023-01-06,600028.SH,0.015065984411644641
2023-01-09,600028.SH,0.0027313572092192775
2023-01-10,600028.SH,-0.02011670087304574
2023-01-11,600028.SH,-0.00393351613203723
2023-01-12,600028.SH,0.0059037845586929006
2023-01-13,600028.SH,-0.0006665562450970168
2023-01-16,600028.SH,-0.003968986800789109
2023-01-17,600028.SH,-0.002701490089369515
2023-01-18,600028.SH,0.00936259845978973
2023-01-19,600028.SH,0.020177264488991122
2023-01-20,600028.SH,0.01845147394343996
2023-01-23,600028.SH,0.004677429250718822
2023-01-24,600028.SH,-0.0008607760414497036
2023-01-25,600028.SH,-0.00431357489405773
2023-01-26,600028.SH,0.00024839734335310205
2023-01-27,600028.SH,0.005832624754928389
2023-01-30,600028.SH,0.011756228946598085
2023-01-31,600028.SH,-0.0024052732338451024
2023-02-01,600028.SH,0.011580579335302574
2023-02-02,600028.SH,-0.006017142481600458
2023-02-03,600028.SH,-0.016996618771055853
2023-02-06,600028.SH,-0.008123679272128901
2023-02-07,600028.SH,0.004004376716217405
2023-02-08,600028.SH,-0.0008026266262259825
2023-02-09,600028.SH,-0.013574690142737577
2023-02-10,600028.SH,-0.0121251064876782
2023-02-13,600028.SH,-0.02300103677472192
2023-02-14,600028.SH,-0.029974249141860355
2023-02-15,600028.SH,0.010454117554396005
2023-02-16,600028.SH,0.002669036223978176
2023-02-17,600028.SH,0.01607299312183679
2023-02-20,600028.SH,-0.008370214750250137
2023-02-21,600028.SH,0.003866984891402901
2023-02-22,600028.SH,-0.017621111751071977
2023-02-23,600028.SH,-0.027174869568409872
2023-02-24,600028.SH,-0.009350762106590919
2023-02-27,600028.SH,0.011563814868895149
2023-02-28,600028.SH,-0.014095487341448863
2023-03-01,600028.SH,0.009437643817654095
2023-03-02,600028.SH,0.004003962112059677
2023-03-03,600028.SH,-0.003859404000582362
2023-03-06,600028.SH,-0.008061168379005312
2023-03-07,600028.SH,-0.013613774445749106
2023-03-08,600028.SH,-0.0030446134849801444
2023-03-09,600028.SH,-0.010328481524581441
2023-03-10,600028.SH,0.020350970854561827
2023-03-13,600028.SH,0.006040216630939116
2023-03-14,600028.SH,-0.01519850919680742
2023-03-15,600028.SH,0.013320586682506241
2023-03-16,600028.SH,-0.008976268047954445
2023-03-17,600028.SH,0.02322769360410619
2023-03-20,600028.SH,-0.008160784844145931
2023-03-21,600028.SH,0.007347426385064851
2023-03-22,600028.SH,0.005310239687447657
2023-03-23,600028.SH,-0.0016326130488115882
2023-03-24,600028.SH,-0.008665957809371846
2023-03-27,600028.SH,0.011793481753222755
2023-03-28,600028.SH,-0.0003697467359402081
2023-03-29,600028.SH,0.012980984340836737
2023-03-30,600028.SH,-0.007289342025741458
2023-03-31,600028.SH,0.020105531458319656
2023-04-03,600028.SH,0.0009845555873820673
2023-04-04,600028.SH,-0.009081809812384519
2023-04-05,600028.SH,0.008664263072329037
2023-04-06,600028.SH,-0.002687972465575789
2023-04-07,600028.SH,-0.0006590414840354601
2023-04-10,600028.SH,0.01851111042805894
2023-04-11,600028.SH,0.01198438102606942
2023-04-12,600028.SH,0.009363568185209288
2023-04-13,600028.SH,-0.008450245926150903
2023-04-14,600028.SH,0.0019018266774339732
2023-04-17,600028.SH,-0.0004118131052879073
2023-04-18,600028.SH,-0.01027299831680778
2023-04-19,600028.SH,-0.010856598954369906
2023-04-20,600028.SH,0.014174798034681274
2023-04-21,600028.SH,0.0028098549316360718
2023-04-24,600028.SH,-0.030405590186128477
2023-04-25,600028.SH,0.007440353126040452
2023-04-26,600028.SH,0.014887598736153107
2023-04-27,600028.SH,-0.012986303179909318
2023-04-28,600028.SH,0.02315292740537447
2023-05-01,600028.SH,-0.04187658137189476
2023-05-02,600028.SH,-0.008731693703343982
2023-05-03,600028.SH,0.023132409704772636
2023-05-04,600028.SH,-0.015935995680760207
2023-05-05,600028.SH,0.012706976342637991
2023-05-08,600028.SH,0.010575514909340819
2023-05-09,600028.SH,-0.010392063253859291
2023-05-10,600028.SH,-0.003846601283776803
2023-05-11,600028.SH,0.007152240239342767
2023-05-12,600028.SH,0.027170982180399705
2023-05-15,600028.SH,-0.010494384148880886
2023-05-16,600028.SH,-0.0019401860229116483
2023-05-17,600028.SH,-0.007120811993982349
2023-05-18,600028.SH,-0.017250880154828847
2023-05-19,600028.SH,0.01009379782872296
2022-01-03,600029.SH,0.0027042516580436274
2022-01-04,600029.SH,-0.013875544814189173
2022-01-05,600029.SH,0.0008251505550263029
2022-01-06,600029.SH,0.0018922469616757514
2022-01-07,600029.SH,-0.020346313283307632
2022-01-10,600029.SH,-0.02306188949779119
2022-01-11,600029.SH,-0.0015645722003137183
2022-01-12,600029.SH,-0.006122007655270104
2022-01-13,600029.SH,-0.007712376324067735
2022-01-14,600029.SH,-0.005273888857538893
2022-01-17,600029.SH,0.009434078600084213
2022-01-18,600029.SH,0.0006558633405145103
2022-01-19,600029.SH,-0.0009130959271728211
2022-01-20,600029.SH,0.030604166924752832
2022-01-21,600029.SH,0.02494440732403774
2022-01-24,600029.SH,-0.017415241604363266
2022-01-25,600029.SH,-0.006194469393225596
2022-01-26,600029.SH,-0.01826509357655196
2022-01-27,600029.SH,0.017598141810180573
2022-01-28,600029.SH,-0.004384700283646965
2022-01-31,600029.SH,0.0009178435276009128
2022-02-01,600029.SH,0.014522236977577305
2022-02-02,600029.SH,0.009675682766287616
2022-02-03,600029.SH,0.00582625136102279
2022-02-04,600029.SH,0.0017775849156990739
2022-02-07,600029.SH,-0.008699241920865332
2022-02-08,600029.SH,0.014850090801845378
2022-02-09,600029.SH,-0.0055734555760892325
2022-02-10,600029.SH,0.016700658757209667
2022-02-11,600029.SH,-0.002427941628028135
2022-02-14,600029.SH,0.012353503601602745
2022-02-15,600029.SH,-0.014136198367344841
2022-02-16,600029.SH,-0.013340535940738769
2022-02-17,600029.SH,-0.010777825049268375
2022-02-18,600029.SH,-0.019385650198502156
2022-02-21,600029.SH,0.006698454930011167
2022-02-22,600029.SH,-0.005991322033654168
2022-02-23,600029.SH,0.0011788591704180963
2022-02-24,600029.SH,-0.002366042341961661
2022-02-25,600029.SH,-0.0018716320083953597
2022-02-28,600029.SH,0.0013605257753684695
2022-03-01,600029.SH,0.001999053761232583
2022-03-02,600029.SH,0.009535487886448937
2022-03-03,600029.SH,-0.006365756220030661
2022-03-04,600029.SH,-0.006264120176380715
2022-03-07,600029.SH,-0.009536332742339407
2022-03-08,600029.SH,-0.00784896457077633
2022-03-09,600029.SH,0.004858800626452406
2022-03-10,600029.SH,0.007460341815307258
2022-03-11,600029.SH,0.013368251084264652
2022-03-14,600029.SH,0.01272704526678917
2022-03-15,600029.SH,0.0290214729520264
2022-03-16,600029.SH,-0.01239597423425629
2022-03-17,600029.SH,-0.005162665368820481
2022-03-18,600029.SH,-0.01676524468567596
2022-03-21,600029.SH,0.001854758888816521
2022-03-22,600029.SH,-0.0010157955953500818
2022-03-23,600029.SH,0.018472193539982
2022-03-24,600029.SH,-0.018317891117929946
2022-03-25,600029.SH,0.011262268726998842
2022-03-28,600029.SH,-0.01141096199338702
2022-03-29,600029.SH,-0.0012887298409493316
2022-03-30,600029.SH,-0.005530634561065196
2022-03-31,600029.SH,0.01658302513640821
2022-04-01,600029.SH,0.026192888428122955
2022-04-04,600029.SH,-0.004756662381376752
2022-04-05,600029.SH,0.004414639217942079
2022-04-06,600029.SH,-0.032477315854720426
2022-04-07,600029.SH,0.013549906544881817
2022-04-08,600029.SH,-0.02023198076447047
2022-04-11,600029.SH,-0.015455164065695956
2022-04-12,600029.SH,-0.02219654432957035
2022-04-13,600029.SH,-0.00951173323750685
2022-04-14,600029.SH,0.0123652229361084
2022-04-15,600029.SH,-0.017433726748705705
2022-04-18,600029.SH,0.0019290859373857576
2022-04-19,600029.SH,-0.008551708858852841
2022-04-20,600029.SH,0.01707880436733246
2022-04-21,600029.SH,0.009322333230241545
2022-04-22,600029.SH,-0.014246943450496133
2022-04-25,600029.SH,-0.001058741889844705
2022-04-26,600029.SH,0.010265634855322104
2022-04-27,600029.SH,0.004239222395219669
2022-04-28,600029.SH,-0.01223623777604085
2022-04-29,600029.SH,-0.012237422548543207
2022-05-02,600029.SH,0.0015446883622031752
2022-05-03,600029.SH,-0.009135037993179846
2022-05-04,600029.SH,-0.0170021686133954
2022-05-05,600029.SH,-0.0029302438826524124
2022-05-06,600029.SH,0.0174642424668933
2022-05-09,600029.SH,0.0015116360011705383
2022-05-10,600029.SH,-0.0018204201806845794
2022-05-11,600029.SH,-0.0019811300278174894
2022-05-12,600029.SH,0.021543668259870065
2022-05-13,600029.SH,-0.013409927757494625
2022-05-16,600029.SH,-0.0006374462435495866
2022-05-17,600029.SH,-0.016563398619347185
2022-05-18,600029.SH,-0.010571967225836768
2022-05-19,600029.SH,0.0033237210448903436
2022-05-20,600029.SH,-0.014985161861374332
2022-05-23,600029.SH,-0.005062478238344694
2022-05-24,600029.SH,0.01927433574042122
2022-05-25,600029.SH,-0.010853757379410241
2022-05-26,600029.SH,0.005901014857373076
2022-05-27,600029.SH,-0.00038160592351969055
2022-05-30,600029.SH,-0.009888160951068484
2022-05-31,600029.SH,0.003353961486864911
2022-06-01,600029.SH,-0.001983429810091273
2022-06-02,600029.SH,0.005071239466266267
2022-06-03,600029.SH,-0.03390004144354094
2022-06-06,600029.SH,-0.0002607352717678771
2022-06-07,600029.SH,0.005617808980111253
2022-06-08,600029.SH,0.012700250542450322
2022-06-09,600029.SH,-0.005889571293991509
2022-06-10,600029.SH,0.011839198379494445
2022-06-13,600029.SH,-0.016326987408729808
2022-06-14,600029.SH,0.0005931847343080875
2022-06-15,600029.SH,0.012382281587476182
2022-06-16,600029.SH,0.003936895626568092
2022-06-17,600029.SH,0.007737381269946833
2022-06-20,600029.SH,-0.0008548012949715893
2022-06-21,600029.SH,0.0041814415641487305
2022-06-22,600029.SH,-0.0015270527795856268
2022-06-23,600029.SH,0.001010549056199142
2022-06-24,600029.SH,0.024434682908349766
2022-06-27,600029.SH,0.009173593650436379
2022-06-28,600029.SH,0.015112584376510984
2022-06-29,600029.SH,-0.01363860191660532
2022-06-30,600029.SH,-0.004739295966098205
2022-07-01,600029.SH,-0.005765434831543871
2022-07-04,600029.SH,0.0008802784220895837
2022-07-05,600029.SH,-0.0036700862957311274
2022-07-06,600029.SH,-0.0027435076840356815
2022-07-07,600029.SH,-0.016443751231660232
2022-07-08,600029.SH,-0.01092364184328629
2022-07-11,600029.SH,-0.02559680602290795
2022-07-12,600029.SH,-0.0007284991703348162
2022-07-13,600029.SH,0.001613114242037422
2022-07-14,600029.SH,0.020891329055550988
2022-07-15,600029.SH,0.043136870082921726
2022-07-18,600029.SH,-0.01613063077282764
2022-07-19,600029.SH,0.014825545342929097
2022-07-20,600029.SH,-0.019387121837040732
2022-07-21,600029.SH,0.005619778520476486
2022-07-22,600029.SH,-0.020651850338719774
2022-07-25,600029.SH,0.006645857620825722
2022-07-26,600029.SH,-0.004482049028961223
2022-07-27,600029.SH,-0.001741001203213952
2022-07-28,600029.SH,-0.010846009302728388
2022-07-29,600029.SH,0.001994356678037031
2022-08-01,600029.SH,0.007189204541856235
2022-08-02,600029.SH,-0.010648016377438379
2022-08-03,600029.SH,-0.0016554701011933497
2022-08-04,600029.SH,0.007438488446326978
2022-08-05,600029.SH,-0.006841214233955043
2022-08-08,600029.SH,0.03009457789661299
2022-08-09,600029.SH,0.0014951458150339106
2022-08-10,600029.SH,0.008359368596062768
2022-08-11,600029.SH,-0.003004552562285905
2022-08-12,600029.SH,-0.008786392621924937
2022-08-15,600029.SH,-0.03402226766444406
2022-08-16,600029.SH,-0.007656872498183233
2022-08-17,600029.SH,0.003388293142856774
2022-08-18,600029.SH,0.009692263588361675
2022-08-19,600029.SH,0.022568743547102765
2022-08-22,600029.SH,0.0012959658998596673
2022-08-23,600029.SH,0.005067909729605068
2022-08-24,600029.SH,-0.00700054163719008
2022-08-25,600029.SH,-0.007828913194020772
2022-08-26,600029.SH,0.019100318855176858
2022-08-29,600029.SH,-0.012160275428634727
2022-08-30,600029.SH,-0.019987375932003993
2022-08-31,600029.SH,0.006661787242127696
2022-09-01,600029.SH,0.0052001850260409484
2022-09-02,600029.SH,0.006368656277108269
2022-09-05,600029.SH,0.011764183384270242
2022-09-06,600029.SH,0.02464792682363129
2022-09-07,600029.SH,0.0018092736491229244
2022-09-08,600029.SH,-0.021712062843795694
2022-09-09,600029.SH,0.0025654195318204794
2022-09-12,600029.SH,0.016663741657848768
2022-09-13,600029.SH,0.0004023594452483472
2022-09-14,600029.SH,-0.0050957790340660485
2022-09-15,600029.SH,-0.0007908707097041123
2022-09-16,600029.SH,-0.006587335925027351
2022-09-19,600029.SH,0.030667533083628636
2022-09-20,600029.SH,0.02020933919657667
2022-09-21,600029.SH,-0.009822223566225037
2022-09-22,600029.SH,-0.00813003754303605
2022-09-23,600029.SH,0.0033988428874798093
2022-09-26,600029.SH,0.020215074265660916
2022-09-27,600029.SH,0.016160338009881193
2022-09-28,600029.SH,-0.018357806368534835
2022-09-29,600029.SH,0.016330387334961553
2022-09-30,600029.SH,-0.003466143029897501
2022-10-03,600029.SH,-0.0018817510027540367
2022-10-04,600029.SH,0.02157479103599705
2022-10-05,600029.SH,0.01720334113883481
2022-10-06,600029.SH,-0.002375811712487194
2022-10-07,600029.SH,0.005424193533367478
2022-10-10,600029.SH,0.0035429334476520624
2022-10-11,600029.SH,0.004938701961112776
2022-10-12,600029.SH,0.00343282082402411
2022-10-13,600029.SH,0.011866505631217342
2022-10-14,600029.SH,-0.014232089954078323
2022-10-17,600029.SH,-0.009201559310302119
2022-10-18,600029.SH,-0.011381448560899746
2022-10-19,600029.SH,-0.0143095786851356
2022-10-20,600029.SH,-0.01544965848473705
2022-10-21,600029.SH,0.0004624082904501909
2022-10-24,600029.SH,0.011508341301778881
2022-10-25,600029.SH,-0.0008159657330445505
2022-10-26,600029.SH,-0.008331171540850973
2022-10-27,600029.SH,-0.00964814232895656
2022-10-28,600029.SH,0.012924309764416692
2022-10-31,600029.SH,0.006377103961707631
2022-11-01,600029.SH,0.0046062337885477474
2022-11-02,600029.SH,0.008948147645585457
2022-11-03,600029.SH,0.010094262753217231
2022-11-04,600029.SH,0.006150545913784667
2022-11-07,600029.SH,0.03734121047084448
2022-11-08,600029.SH,0.0022056504437452515
2022-11-09,600029.SH,-0.00731177290726033
2022-11-10,600029.SH,0.010577026199725613
2022-11-11,600029.SH,0.009287008022578166
2022-11-14,600029.SH,-0.002740763172812655
2022-11-15,600029.SH,0.034377980769715474
2022-11-16,600029.SH,0.009658667737662413
2022-11-17,600029.SH,0.007281087227416003
2022-11-18,600029.SH,0.012483779001451506
2022-11-21,600029.SH,-0.020922363731506584
2022-11-22,600029.SH,0.0010919269185017165
2022-11-23,600029.SH,0.010346747068336012
2022-11-24,600029.SH,0.035795920962969185
2022-11-25,600029.SH,-0.01325568187828744
2022-11-28,600029.SH,0.009092261249395918
2022-11-29,600029.SH,-0.017004852057573697
2022-11-30,600029.SH,-0.013714969200164955
2022-12-01,600029.SH,-0.009699186993219377
2022-12-02,600029.SH,-0.0042108678079315195
2022-12-05,600029.SH,-0.017603788156493598
2022-12-06,600029.SH,0.0023676357544948384
2022-12-07,600029.SH,-0.004483734575867234
2022-12-08,600029.SH,-0.009354355422507801
2022-12-09,600029.SH,0.011615536002427618
2022-12-12,600029.SH,-0.011784101334261908
2022-12-13,600029.SH,-0.008819718195571629
2022-12-14,600029.SH,0.016868524501381
2022-12-15,600029.SH,0.034338844976323564
2022-12-16,600029.SH,-0.006653135496741841
2022-12-19,600029.SH,-0.016972957940601347
2022-12-20,600029.SH,-0.0028907663123628378
2022-12-21,600029.SH,0.015489791664211106
2022-12-22,600029.SH,0.00334638822211524
2022-12-23,600029.SH,0.01101624164782864
2022-12-26,600029.SH,0.023965554024368507
2022-12-27,600029.SH,0.0047842725715259975
2022-12-28,600029.SH,0.004623843185184141
2022-12-29,600029.SH,-0.015615199060158022
2022-12-30,600029.SH,-0.006700350735345024
2023-01-02,600029.SH,-0.012658030966405939
2023-01-03,600029.SH,-0.0027564918776191395
2023-01-04,600029.SH,0.03215574300573147
2023-01-05,600029.SH,-0.0014070753886478316
2023-01-06,600029.SH,-0.0048658240114421766
2023-01-09,600029.SH,0.012179616602137682
2023-01-10,600029.SH,-0.003927317244545819
2023-01-11,600029.SH,-0.006793389864381884
2023-01-12,600029.SH,0.02145663811452795
2023-01-13,600029.SH,0.010668795407398842
2023-01-16,600029.SH,-0.00231709801838533
2023-01-17,600029.SH,-0.0013862788090889485
2023-01-18,600029.SH,-0.0038861876170299082
2023-01-19,600029.SH,0.03217016513988626
2023-01-20,600029.SH,0.01565261459644762
2023-01-23,600029.SH,-0.027741279009036127
2023-01-24,600029.SH,0.018104927479030232
2023-01-25,600029.SH,-0.007068668206144494
2023-01-26,600029.SH,0.01296283368205909
2023-01-27,600029.SH,0.012968941935525072
2023-01-30,600029.SH,0.008495175500248756
2023-01-31,600029.SH,-0.006487601718625442
2023-02-01,600029.SH,0.003182273178816198
2023-02-02,600029.SH,-0.008662590533948963
2023-02-03,600029.SH,-0.006081117660583857
2023-02-06,600029.SH,0.010543948063146309
2023-02-07,600029.SH,-0.00436828794897902
2023-02-08,600029.SH,-0.006860505561347815
2023-02-09,600029.SH,0.009872823117370935
2023-02-10,600029.SH,-0.005400358195938601
2023-02-13,600029.SH,-0.0061214181639991025
2023-02-14,600029.SH,-0.0025109426326426704
2023-02-15,600029.SH,0.011122125974040466
2023-02-16,600029.SH,-0.03626964848647077
2023-02-17,600029.SH,-0.007288203241493739
2023-02-20,600029.SH,0.003715779562376795
2023-02-21,600029.SH,0.004600331279245089
2023-02-22,600029.SH,0.008604613875225554
2023-02-23,600029.SH,0.004340147962119387
2023-02-24,600029.SH,0.017748798336356907
2023-02-27,600029.SH,0.022965325554052826
2023-02-28,600029.SH,-0.013758237147001175
2023-03-01,600029.SH,0.0006799334100167052
2023-03-02,600029.SH,-0.002449417459899131
2023-03-03,600029.SH,0.0053651929310982015
2023-03-06,600029.SH,-0.00020381010317491524
2023-03-07,600029.SH,0.0035552079563114887
2023-03-08,600029.SH,0.009188602043831142
2023-03-09,600029.SH,0.012529864334324273
2023-03-10,600029.SH,0.026467217894114582
2023-03-13,600029.SH,0.018220898952496963
2023-03-14,600029.SH,0.00319256287980262
2023-03-15,600029.SH,0.00561298928428227
2023-03-16,600029.SH,-0.005063729023974686
2023-03-17,600029.SH,-0.00018827082154534384
2023-03-20,600029.SH,0.00019818435847163227
2023-03-21,600029.SH,0.005730404062429972
2023-03-22,600029.SH,-0.019724713765842512
2023-03-23,600029.SH,0.002876720393123316
2023-03-24,600029.SH,-0.006993574331864986
2023-03-27,600029.SH,-0.0027379963616347355
2023-03-28,600029.SH,0.0028138330705547716
2023-03-29,600029.SH,0.006295693838572898
2023-03-30,600029.SH,-0.0012272508068424887
2023-03-31,600029.SH,0.01509722358566339
2023-04-03,600029.SH,0.009769000824900165
2023-04-04,600029.SH,-0.021061611187925204
2023-04-05,600029.SH,-0.0029617491813260823
2023-04-06,600029.SH,-0.004699273767687447
2023-04-07,600029.SH,-0.011767140572097871
2023-04-10,600029.SH,-0.004487740938025245
2023-04-11,600029.SH,-0.010265467969715976
2023-04-12,600029.SH,-0.009771952069199667
2023-04-13,600029.SH,-0.02129392169457458
2023-04-14,600029.SH,-0.0032149622087523726
2023-04-17,600029.SH,0.006916947316677767
2023-04-18,600029.SH,-0.019155106096059464
2023-04-19,600029.SH,-0.00032997274236705714
2023-04-20,600029.SH,0.030565541831567414
2023-04-21,600029.SH,0.008951392607552618
2023-04-24,600029.SH,-0.022007548943540796
2023-04-25,600029.SH,0.0008661074870496949
2023-04-26,600029.SH,0.004869893669793402
2023-04-27,600029.SH,0.020268841589255945
2023-04-28,600029.SH,0.007621141378437232
2023-05-01,600029.SH,-0.024082009043320772
2023-05-02,600029.SH,-0.01851691472933112
2023-05-03,600029.SH,0.005758210907444878
2023-05-04,600029.SH,-0.026709628893810667
2023-05-05,600029.SH,0.007169766136210125
2023-05-08,600029.SH,-0.006139981509498257
2023-05-09,600029.SH,0.01751390698908829
2023-05-10,600029.SH,-0.009651513165842415
2023-05-11,600029.SH,0.010479412799785844
2023-05-12,600029.SH,-0.007493147568973322
2023-05-15,600029.SH,0.0031780937056258025
2023-05-16,600029.SH,-0.010156395917017919
2023-05-17,600029.SH,-0.0020937390850447853
2023-05-18,600029.SH,0.015205263624647188
2023-05-19,600029.SH,0.008141514330486013
2022-01-03,600030.SH,0.0011536108097223816
2022-01-04,600030.SH,0.023669546247908
2022-01-05,600030.SH,-0.003148137337281519
2022-01-06,600030.SH,0.019176681551883325
2022-01-07,600030.SH,-0.030935026077701835
2022-01-10,600030.SH,-0.01285666363137802
2022-01-11,600030.SH,-0.012455174276467322
2022-01-12,600030.SH,4.2818412160089935e-05
2022-01-13,600030.SH,0.00042529327575325707
2022-01-14,600030.SH,-0.009900999412424458
2022-01-17,600030.SH,0.017955754050165695
2022-01-18,600030.SH,0.0005513457534036832
2022-01-19,600030.SH,0.003796763058562969
2022-01-20,600030.SH,0.01722347905845765
2022-01-21,600030.SH,-0.011092137350945467
2022-01-24,600030.SH,-0.014358483119809744
2022-01-25,600030.SH,0.00348861594581833
2022-01-26,600030.SH,-0.0013695266123488056
2022-01-27,600030.SH,0.021239980069673512
2022-01-28,600030.SH,-0.002558205275169227
2022-01-31,600030.SH,-0.004643609334860925
2022-02-01,600030.SH,-0.014173396657368168
2022-02-02,600030.SH,0.013080171631162575
2022-02-03,600030.SH,-0.004207411593531334
2022-02-04,600030.SH,-0.006166945205562043
2022-02-07,600030.SH,-0.00375595346279092
2022-02-08,600030.SH,0.009774754105330182
2022-02-09,600030.SH,-0.0027137530168799837
2022-02-10,600030.SH,-0.004419719996321143
2022-02-11,600030.SH,0.007763809885404094
2022-02-14,600030.SH,-0.013124068211862159
2022-02-15,600030.SH,-0.009288101867693781
2022-02-16,600030.SH,-0.015611036826645941
2022-02-17,600030.SH,0.005522400404184866
2022-02-18,600030.SH,0.0005185077551749977
2022-02-21,600030.SH,0.0034246171890948236
2022-02-22,600030.SH,-0.0013978045137717399
2022-02-23,600030.SH,-0.01267497610034936
2022-02-24,600030.SH,-0.010622331307065264
2022-02-25,600030.SH,0.00617584640682924
2022-02-28,600030.SH,0.0017256290245648573
2022-03-01,600030.SH,5.305962372119041e-05
2022-03-02,600030.SH,-0.015425654395422641
2022-03-03,600030.SH,-0.009680546820671553
2022-03-04,600030.SH,0.0015398554490286317
2022-03-07,600030.SH,0.004815513871690329
2022-03-08,600030.SH,-0.0073101362142539775
2022-03-09,600030.SH,0.009388178544005933
2022-03-10,600030.SH,0.013071784902822632
2022-03-11,600030.SH,0.010287523938697364
2022-03-14,600030.SH,0.00531184603692585
2022-03-15,600030.SH,0.011421126809598283
2022-03-16,600030.SH,0.010193011886937888
2022-03-17,600030.SH,-0.005572585739631344
2022-03-18,600030.SH,-0.01421989624323793
2022-03-21,600030.SH,-0.02045162161816135
2022-03-22,600030.SH,0.015355601292509695
2022-03-23,600030.SH,0.029647403076861742
2022-03-24,600030.SH,-0.016172646344888252
2022-03-25,600030.SH,0.0004730187099462801
2022-03-28,600030.SH,-0.01670286854823816
2022-03-29,600030.SH,0.009563488481573637
2022-03-30,600030.SH,-0.011570997463963057
2022-03-31,600030.SH,-0.014976416598014526
2022-04-01,600030.SH,0.02736495740396445
2022-04-04,600030.SH,0.009470510750800156
2022-04-05,600030.SH,0.001754332481198106
2022-04-06,600030.SH,-0.005749874393316469
2022-04-07,600030.SH,0.011521656287237468
2022-04-08,600030.SH,-0.01667249343246278
2022-04-11,600030.SH,-0.018614696255305672
2022-04-12,600030.SH,-0.008014718866801792
2022-04-13,600030.SH,-0.03006452721701531
2022-04-14,600030.SH,0.0009521098142878212
2022-04-15,600030.SH,-0.0025022378147795507
2022-04-18,600030.SH,0.0024969805130385324
2022-04-19,600030.SH,-0.008928839248902086
2022-04-20,600030.SH,-0.008690601730131258
2022-04-21,600030.SH,-0.013215595350970506
2022-04-22,600030.SH,-0.0010273018460877866
2022-04-25,600030.SH,0.0006529620324968589
2022-04-26,600030.SH,-0.019048222994219988
2022-04-27,600030.SH,-0.0022790966441828676
2022-04-28,600030.SH,-0.006003405102713693
2022-04-29,600030.SH,-0.014176956681333466
2022-05-02,600030.SH,-0.01767316902178985
2022-05-03,600030.SH,0.003072456401457139
2022-05-04,600030.SH,-0.012230557451269802
2022-05-05,600030.SH,0.004478675819659687
2022-05-06,600030.SH,-0.0045104350260873755
2022-05-09,600030.SH,0.0014358156963024385
2022-05-10,600030.SH,0.010735041041423723
2022-05-11,600030.SH,0.0019297955116805085
2022-05-12,600030.SH,0.010662653775643509
2022-05-13,600030.SH,-0.010194820525448506
2022-05-16,600030.SH,-0.0076154639359768935
2022-05-17,600030.SH,-0.028392986901096998
2022-05-18,600030.SH,-0.011153224559477395
2022-05-19,600030.SH,0.0009491044953014102
2022-05-20,600030.SH,0.004992815760639268
2022-05-23,600030.SH,-0.0080875937113844
2022-05-24,600030.SH,0.013042421472849747
2022-05-25,600030.SH,-0.0005925383376438843
2022-05-26,600030.SH,0.01747687615054397
2022-05-27,600030.SH,-0.008806382263140351
2022-05-30,600030.SH,0.006634369023990425
2022-05-31,600030.SH,-0.024648827780659896
2022-06-01,600030.SH,-0.018852458936643918
2022-06-02,600030.SH,-0.016110978346586105
2022-06-03,600030.SH,-0.005958713634205456
2022-06-06,600030.SH,0.010212058526254219
2022-06-07,600030.SH,0.010870160557651047
2022-06-08,600030.SH,-0.011526818002636286
2022-06-09,600030.SH,-0.0172039394104543
2022-06-10,600030.SH,-0.0006334403649121511
2022-06-13,600030.SH,0.010201051356966143
2022-06-14,600030.SH,0.018799690967058143
2022-06-15,600030.SH,0.00811290206260117
2022-06-16,600030.SH,0.016124428378602333
2022-06-17,600030.SH,0.011438981957217063
2022-06-20,600030.SH,-0.010746404512470503
2022-06-21,600030.SH,-0.00247521022517242
2022-06-22,600030.SH,0.00046975226563601073
2022-06-23,600030.SH,0.0010863569077277143
2022-06-24,600030.SH,0.004930796323600501
2022-06-27,600030.SH,-0.008319111964643328
2022-06-28,600030.SH,0.021956501318752278
2022-06-29,600030.SH,-0.004073230524252628
2022-06-30,600030.SH,0.009177611713480272
2022-07-01,600030.SH,-0.023705435560386096
2022-07-04,600030.SH,0.015898491043974585
2022-07-05,600030.SH,-0.026738243318384876
2022-07-06,600030.SH,-0.006901873176316823
2022-07-07,600030.SH,-0.007985997045421089
2022-07-08,600030.SH,0.001310756563677384
2022-07-11,600030.SH,-0.005868897677374599
2022-07-12,600030.SH,6.981827438584404e-05
2022-07-13,600030.SH,-0.0012212618032965564
2022-07-14,600030.SH,0.002214495626927295
2022-07-15,600030.SH,0.03463717296498874
2022-07-18,600030.SH,0.011301668076694369
2022-07-19,600030.SH,0.0056081988106685896
2022-07-20,600030.SH,-0.013088188976039231
2022-07-21,600030.SH,-0.02427933288680466
2022-07-22,600030.SH,-0.01894935808929713
2022-07-25,600030.SH,0.0013258549770296048
2022-07-26,600030.SH,-0.008593944644838666
2022-07-27,600030.SH,-0.006714746760612351
2022-07-28,600030.SH,-0.002504425802594138
2022-07-29,600030.SH,0.01073228421370816
2022-08-01,600030.SH,0.003292847677833572
2022-08-02,600030.SH,-0.0032733177935252667
2022-08-03,600030.SH,-0.01973348604548543
2022-08-04,600030.SH,-0.0021275856835885516
2022-08-05,600030.SH,-0.013807909668511375
2022-08-08,600030.SH,0.012845159500177129
2022-08-09,600030.SH,-0.024237099614148
2022-08-10,600030.SH,-0.00781924530316109
2022-08-11,600030.SH,-0.00721748323083333
2022-08-12,600030.SH,0.01427163133141312
2022-08-15,600030.SH,-0.025728364832107622
2022-08-16,600030.SH,-0.018237614441684653
2022-08-17,600030.SH,0.019195505826409418
2022-08-18,600030.SH,0.01112313562635094
2022-08-19,600030.SH,0.008729638599771494
2022-08-22,600030.SH,-0.00020199890165464775
2022-08-23,600030.SH,0.00407654659622918
2022-08-24,600030.SH,-0.0020266081605468615
2022-08-25,600030.SH,-0.0004312596605871587
2022-08-26,600030.SH,-0.006908994115344515
2022-08-29,600030.SH,0.002004391823742328
2022-08-30,600030.SH,-0.012494141377599195
2022-08-31,600030.SH,0.005260002482942098
2022-09-01,600030.SH,-0.009411715987110466
2022-09-02,600030.SH,-0.012370709280565589
2022-09-05,600030.SH,-0.01504914226008726
2022-09-06,600030.SH,0.0028348433313047823
2022-09-07,600030.SH,0.013266447639919292
2022-09-08,600030.SH,-0.0030350965892127144
2022-09-09,600030.SH,0.005070593775548554
2022-09-12,600030.SH,0.0016526938005011343
2022-09-13,600030.SH,0.001464513648656342
2022-09-14,600030.SH,-0.01700893832786969
2022-09-15,600030.SH,0.009849132223357983
2022-09-16,600030.SH,0.0071364604803949554
2022-09-19,600030.SH,0.015492195207818114
2022-09-20,600030.SH,-0.0075699728071263695
2022-09-21,600030.SH,-0.013216262094769018
2022-09-22,600030.SH,-0.0055733321341490056
2022-09-23,600030.SH,0.011093047505069013
2022-09-26,600030.SH,0.010916271942865275
2022-09-27,600030.SH,0.01759852237999476
2022-09-28,600030.SH,-0.012575389757749147
2022-09-29,600030.SH,0.02249573901882744
2022-09-30,600030.SH,-0.020403172091397206
2022-10-03,600030.SH,-0.0006100052939324663
2022-10-04,600030.SH,0.012228139938752089
2022-10-05,600030.SH,-0.008260492533447173
2022-10-06,600030.SH,-0.012215743462381632
2022-10-07,600030.SH,-0.021011875226230277
2022-10-10,600030.SH,-0.003450538698861888
2022-10-11,600030.SH,0.01652204137003297
2022-10-12,600030.SH,-0.01005160231578182
2022-10-13,600030.SH,0.006120996155452143
2022-10-14,600030.SH,-0.031165674787356636
2022-10-17,600030.SH,-0.0027286291364805836
2022-10-18,600030.SH,-0.018216281204330276
2022-10-19,600030.SH,-0.010530309502333296
2022-10-20,600030.SH,-0.012036013631505327
2022-10-21,600030.SH,-0.014576648887982498
2022-10-24,600030.SH,0.0007384855599586989
2022-10-25,600030.SH,-0.01995271036433644
2022-10-26,600030.SH,-0.012894195061618789
2022-10-27,600030.SH,0.006954102786225548
2022-10-28,600030.SH,-0.006223133399404935
2022-10-31,600030.SH,-0.014000191888299821
2022-11-01,600030.SH,-0.0019278845799154485
2022-11-02,600030.SH,0.019846301997724594
2022-11-03,600030.SH,-0.008849631766572968
2022-11-04,600030.SH,0.009409897887970666
2022-11-07,600030.SH,0.01764250891534011
2022-11-08,600030.SH,0.006974054888334323
2022-11-09,600030.SH,0.011778972713539808
2022-11-10,600030.SH,-0.004173164854752601
2022-11-11,600030.SH,-0.013021021493387313
2022-11-14,600030.SH,-0.007598859128104405
2022-11-15,600030.SH,0.03184050220413718
2022-11-16,600030.SH,0.006968642326933587
2022-11-17,600030.SH,0.002930818334551487
2022-11-18,600030.SH,-0.006601914110542848
2022-11-21,600030.SH,-0.010293162822504514
2022-11-22,600030.SH,-0.018586728881917407
2022-11-23,600030.SH,-0.0035578357184022588
2022-11-24,600030.SH,0.0008937651627086499
2022-11-25,600030.SH,-0.0035766741963671337
2022-11-28,600030.SH,-0.004301195723383547
2022-11-29,600030.SH,-0.012551813275452895
2022-11-30,600030.SH,-0.006206552395285989
2022-12-01,600030.SH,-0.01780161600782229
2022-12-02,600030.SH,-0.002408224563485513
2022-12-05,600030.SH,-0.01731077525541105
2022-12-06,600030.SH,0.010030124830205427
2022-12-07,600030.SH,-0.015207050996744177
2022-12-08,600030.SH,-0.014997713060177486
2022-12-09,600030.SH,0.021655733123728496
2022-12-12,600030.SH,-0.011063025644509412
2022-12-13,600030.SH,-0.025354801795989083
2022-12-14,600030.SH,0.004081009232676177
2022-12-15,600030.SH,0.033817624392569405
2022-12-16,600030.SH,-0.008533689552156908
2022-12-19,600030.SH,-0.01976166967793866
2022-12-20,600030.SH,0.006253565074675738
2022-12-21,600030.SH,0.008236992956547251
2022-12-22,600030.SH,-0.01663985615251372
2022-12-23,600030.SH,-0.013410950023875337
2022-12-26,600030.SH,0.016217995321680827
2022-12-27,600030.SH,-0.01617685512432055
2022-12-28,600030.SH,-0.011384569314235697
2022-12-29,600030.SH,0.00013068394298409482
2022-12-30,600030.SH,0.004784464222075114
2023-01-02,600030.SH,0.0036331920117058675
2023-01-03,600030.SH,-0.010591346075399667
2023-01-04,600030.SH,0.017150893658078196
2023-01-05,600030.SH,-0.017993851747601854
2023-01-06,600030.SH,0.006425669833912657
2023-01-09,600030.SH,0.012979573000080777
2023-01-10,600030.SH,-0.0075677212106566825
2023-01-11,600030.SH,0.009789981786076166
2023-01-12,600030.SH,-0.004713658508786657
2023-01-13,600030.SH,0.006952099419910957
2023-01-16,600030.SH,-0.024168419194204867
2023-01-17,600030.SH,0.0058817149956752095
2023-01-18,600030.SH,-0.004899359514243967
2023-01-19,600030.SH,0.028242384301122976
2023-01-20,600030.SH,0.012147031922092434
2023-01-23,600030.SH,0.015579067757653197
2023-01-24,600030.SH,-0.0010283300272276195
2023-01-25,600030.SH,-0.010174376366348917
2023-01-26,600030.SH,0.01740583672085387
2023-01-27,600030.SH,0.010042578446448326
2023-01-30,600030.SH,0.008560247272045024
2023-01-31,600030.SH,-0.036879701642045376
2023-02-01,600030.SH,-0.0024060970551785313
2023-02-02,600030.SH,0.01747642117077414
2023-02-03,600030.SH,-0.02144290402966848
2023-02-06,600030.SH,0.0050524130410584765
2023-02-07,600030.SH,0.009174264202648845
2023-02-08,600030.SH,-0.006837789228970345
2023-02-09,600030.SH,-0.022289685757595688
2023-02-10,600030.SH,-0.006517032124006953
2023-02-13,600030.SH,0.018764331410675027
2023-02-14,600030.SH,-0.007412272825273797
2023-02-15,600030.SH,0.0038293623379525524
2023-02-16,600030.SH,-0.030509091630548647
2023-02-17,600030.SH,0.010253042649417721
2023-02-20,600030.SH,-0.001017057745271488
2023-02-21,600030.SH,-0.0038911103719945933
2023-02-22,600030.SH,0.011159423521383192
2023-02-23,600030.SH,-0.008258833380473292
2023-02-24,600030.SH,-0.006568938547389718
2023-02-27,600030.SH,0.0015829626026956766
2023-02-28,600030.SH,-0.0006891915905293672
2023-03-01,600030.SH,0.007078505747002665
2023-03-02,600030.SH,-0.018118841983544277
2023-03-03,600030.SH,-0.01832175163556627
2023-03-06,600030.SH,-0.01958357523762918
2023-03-07,600030.SH,-0.015070495259877312
2023-03-08,600030.SH,-0.010060412951422697
2023-03-09,600030.SH,-0.006333827930583305
2023-03-10,600030.SH,0.004667687226841017
2023-03-13,600030.SH,0.004792482227975845
2023-03-14,600030.SH,0.020441793882713735
2023-03-15,600030.SH,0.011283043488359599
2023-03-16,600030.SH,0.001836196892464245
2023-03-17,600030.SH,0.011716459052365895
2023-03-20,600030.SH,-0.004745748338943267
2023-03-21,600030.SH,0.004533896165740723
2023-03-22,600030.SH,-0.002773241816884882
2023-03-23,600030.SH,0.009142557132751259
2023-03-24,600030.SH,0.01823823185927066
2023-03-27,600030.SH,0.01537006117978481
2023-03-28,600030.SH,-0.012342428307108582
2023-03-29,600030.SH,0.013072198609630194
2023-03-30,600030.SH,-0.0019104161567471238
2023-03-31,600030.SH,0.01902767690177295
2023-04-03,600030.SH,-0.00790567664197354
2023-04-04,600030.SH,-0.023654116526065715
2023-04-05,600030.SH,0.002903450241715664
2023-04-06,600030.SH,0.0006006335952217275
2023-04-07,600030.SH,0.0008802047485999337
2023-04-10,600030.SH,0.020631000811565957
2023-04-11,600030.SH,0.008838456074820028
2023-04-12,600030.SH,-0.0038664824383066515
2023-04-13,600030.SH,-0.01314667167410756
2023-04-14,600030.SH,0.008392274830178056
2023-04-17,600030.SH,0.0005163111332173904
2023-04-18,600030.SH,-0.006000279132470401
2023-04-19,600030.SH,0.00132681535462337
2023-04-20,600030.SH,0.025156554406075938
2023-04-21,600030.SH,0.00466587397963329
2023-04-24,600030.SH,-0.017573457365125108
2023-04-25,600030.SH,0.0072771929097710285
2023-04-26,600030.SH,-0.00040179397368091303
2023-04-27,600030.SH,-0.004892280944449408
2023-04-28,600030.SH,0.016709333208444876
2023-05-01,600030.SH,-0.01689345631466116
2023-05-02,600030.SH,0.013693670163216121
2023-05-03,600030.SH,0.012611736085270598
2023-05-04,600030.SH,-0.018607578060061553
2023-05-05,600030.SH,0.01909819457633183
2023-05-08,600030.SH,0.006025511248915066
2023-05-09,600030.SH,0.01986693490620236
2023-05-10,600030.SH,-0.00981209142046475
2023-05-11,600030.SH,0.008396871003324929
2023-05-12,600030.SH,0.007556835956987384
2023-05-15,600030.SH,0.002447818391680341
2023-05-16,600030.SH,-0.006976782348449927
2023-05-17,600030.SH,0.007921862593385573
2023-05-18,600030.SH,-0.002727119359420085
2023-05-19,600030.SH,0.011672006727295129
2022-01-03,600031.SH,0.002337478118167644
2022-01-04,600031.SH,-0.012438267932405316
2022-01-05,600031.SH,0.013896553345892028
2022-01-06,600031.SH,-0.0004175260848671312
2022-01-07,600031.SH,-0.004758436158391104
2022-01-10,600031.SH,0.0004109839192384841
2022-01-11,600031.SH,0.013595512236682369
2022-01-12,600031.SH,0.001236289108046277
2022-01-13,600031.SH,-0.0049993730860119715
2022-01-14,600031.SH,-0.005732474157535015
2022-01-17,600031.SH,0.010835872749694692
2022-01-18,600031.SH,0.0006209190315528256
2022-01-19,600031.SH,0.013859408469741884
2022-01-20,600031.SH,0.014818771331429694
2022-01-21,600031.SH,-0.005182154815203685
2022-01-24,600031.SH,0.011954397061591864
2022-01-25,600031.SH,0.00392389902436176
2022-01-26,600031.SH,-0.018612091235131856
2022-01-27,600031.SH,-0.00127493881701456
2022-01-28,600031.SH,0.014478428683763422
2022-01-31,600031.SH,0.016770950253806136
2022-02-01,600031.SH,0.004647414179577653
2022-02-02,600031.SH,0.022973417195263596
2022-02-03,600031.SH,0.010929918731435694
2022-02-04,600031.SH,0.002142538950335804
2022-02-07,600031.SH,0.00047334947420342097
2022-02-08,600031.SH,0.009657105429192868
2022-02-09,600031.SH,0.010283706946345571
2022-02-10,600031.SH,-0.004114119172496074
2022-02-11,600031.SH,0.010766155317184162
2022-02-14,600031.SH,0.03171934927993387
2022-02-15,600031.SH,-0.005315044414367235
2022-02-16,600031.SH,-0.007230419685790269
2022-02-17,600031.SH,-0.0017447187335963617
2022-02-18,600031.SH,-0.0015687401234773975
2022-02-21,600031.SH,-0.004136407824507929
2022-02-22,600031.SH,0.01056561073981278
2022-02-23,600031.SH,-0.011230764415934555
2022-02-24,600031.SH,-0.006411363938327823
2022-02-25,600031.SH,-0.0008965081074830466
2022-02-28,600031.SH,0.01871358151875753
2022-03-01,600031.SH,0.012876995729281705
2022-03-02,600031.SH,-0.00773147306984656
2022-03-03,600031.SH,-0.009941683063093763
2022-03-04,600031.SH,-0.0025358115754561773
2022-03-07,600031.SH,0.00745103577332924
2022-03-08,600031.SH,0.00885778726438317
2022-03-09,600031.SH,0.0028797448347173283
2022-03-10,600031.SH,0.007548296099273277
2022-03-11,600031.SH,0.008128594870892729
2022-03-14,600031.SH,0.0018943631488694303
2022-03-15,600031.SH,0.009550440311303348
2022-03-16,600031.SH,-0.021526438636296316
2022-03-17,600031.SH,0.022981138038894844
2022-03-18,600031.SH,-0.006601574427504911
2022-03-21,600031.SH,-0.0030750927071069617
2022-03-22,600031.SH,0.0034635172380486396
2022-03-23,600031.SH,0.00785162536586976
2022-03-24,600031.SH,-0.006848400983051318
2022-03-25,600031.SH,0.007702979583299597
2022-03-28,600031.SH,-0.022603339098660205
2022-03-29,600031.SH,0.0017068140155101852
2022-03-30,600031.SH,-0.015190193861747263
2022-03-31,600031.SH,0.022216863075040366
2022-04-01,600031.SH,0.01361952148812677
2022-04-04,600031.SH,0.012738001458133166
2022-04-05,600031.SH,-0.02015622170231992
2022-04-06,600031.SH,-0.011624101074246744
2022-04-07,600031.SH,0.020757258258107772
2022-04-08,600031.SH,0.03998197937134309
2022-04-11,600031.SH,0.0017414340638669326
2022-04-12,600031.SH,0.0013031363904816642
2022-04-13,600031.SH,-0.0021058760068710094
2022-04-14,600031.SH,-0.004497686004671592
2022-04-15,600031.SH,0.011091146720567826
2022-04-18,600031.SH,-0.0054881905384271444
2022-04-19,600031.SH,-0.01552387282209081
2022-04-20,600031.SH,-0.011466975725771185
2022-04-21,600031.SH,0.014761949616754625
2022-04-22,600031.SH,-0.003048912867036926
2022-04-25,600031.SH,0.004662782899503097
2022-04-26,600031.SH,-0.005449446899040055
2022-04-27,600031.SH,-0.014161596184502823
2022-04-28,600031.SH,-0.009761212212160673
2022-04-29,600031.SH,-0.015770979227246844
2022-05-02,600031.SH,-0.010156934625968953
2022-05-03,600031.SH,-0.008797319674625303
2022-05-04,600031.SH,-0.010713111614140887
2022-05-05,600031.SH,0.009622729559917198
2022-05-06,600031.SH,0.010181960047907794
2022-05-09,600031.SH,-0.007613310354616608
2022-05-10,600031.SH,-0.0037542015185553952
2022-05-11,600031.SH,0.015174212316813804
2022-05-12,600031.SH,-0.010445374664034123
2022-05-13,600031.SH,-0.009232297293713582
2022-05-16,600031.SH,-0.010521680439355856
2022-05-17,600031.SH,0.00034727867957385326
2022-05-18,600031.SH,-0.005023306207237791
2022-05-19,600031.SH,-0.0011147609654500088
2022-05-20,600031.SH,-0.006576191228151635
2022-05-23,600031.SH,-0.0022116009927777586
2022-05-24,600031.SH,0.009476874559460287
2022-05-25,600031.SH,-0.016041226321731585
2022-05-26,600031.SH,0.018331010623715616
2022-05-27,600031.SH,0.0031953944385642308
2022-05-30,600031.SH,-0.012085390731639615
2022-05-31,600031.SH,-0.010607432761122183
2022-06-01,600031.SH,-0.004963121300746659
2022-06-02,600031.SH,-0.00484272290533666
2022-06-03,600031.SH,-0.032486526063161464
2022-06-06,600031.SH,-0.003230537370756502
2022-06-07,600031.SH,-0.001662138583853695
2022-06-08,600031.SH,-0.01916553297921455
2022-06-09,600031.SH,-0.00979868519425285
2022-06-10,600031.SH,0.012205599094874356
2022-06-13,600031.SH,0.00418521978914226
2022-06-14,600031.SH,0.0005945531592504469
2022-06-15,600031.SH,-0.018229299801024425
2022-06-16,600031.SH,0.019971254537157798
2022-06-17,600031.SH,-0.00045092332913861306
2022-06-20,600031.SH,-0.0039444688487947155
2022-06-21,600031.SH,0.020795233082675668
2022-06-22,600031.SH,-0.006488142823532413
2022-06-23,600031.SH,-0.017874658729296937
2022-06-24,600031.SH,-0.0038536558107809416
2022-06-27,600031.SH,0.007715419155874286
2022-06-28,600031.SH,0.0119756821472369
2022-06-29,600031.SH,-0.021666465730569625
2022-06-30,600031.SH,-0.019315186093762288
2022-07-01,600031.SH,-0.010958697689418154
2022-07-04,600031.SH,-0.0155794251240642
2022-07-05,600031.SH,-0.005807154997905216
2022-07-06,600031.SH,0.0009669386882525449
2022-07-07,600031.SH,-0.008048960420107306
2022-07-08,600031.SH,-0.01934921438525133
2022-07-11,600031.SH,-0.005493405383854389
2022-07-12,600031.SH,0.00293420301720192
2022-07-13,600031.SH,0.008724585241780988
2022-07-14,600031.SH,0.01777514157159241
2022-07-15,600031.SH,0.02258894436209157
2022-07-18,600031.SH,-0.007016030368372936
2022-07-19,600031.SH,-0.015220106227567535
2022-07-20,600031.SH,-0.02100311929723984
2022-07-21,600031.SH,0.02279364407963391
2022-07-22,600031.SH,-0.019991891966650722
2022-07-25,600031.SH,-0.007512623114606388
2022-07-26,600031.SH,-0.003914103791373577
2022-07-27,600031.SH,-0.004159654624056008
2022-07-28,600031.SH,0.019267537260678525
2022-07-29,600031.SH,-0.0018285907654659065
2022-08-01,600031.SH,-0.0036144926878156004
2022-08-02,600031.SH,-0.00013894488644332
2022-08-03,600031.SH,0.004709653071548907
2022-08-04,600031.SH,0.010184520466896631
2022-08-05,600031.SH,-0.0017967992476380003
2022-08-08,600031.SH,0.013648297191315032
2022-08-09,600031.SH,0.0015093886196251263
2022-08-10,600031.SH,0.009331910172810317
2022-08-11,600031.SH,-0.012467845931791365
2022-08-12,600031.SH,-0.00011361214278180799
2022-08-15,600031.SH,-0.005654842820631109
2022-08-16,600031.SH,-0.006250370404439163
2022-08-17,600031.SH,0.00431630409389059
2022-08-18,600031.SH,-0.005948231348888965
2022-08-19,600031.SH,-0.012224209402317294
2022-08-22,600031.SH,-0.01303991086501853
2022-08-23,600031.SH,0.0018216070382019662
2022-08-24,600031.SH,0.005949559659723095
2022-08-25,600031.SH,0.017545397068188234
2022-08-26,600031.SH,0.0053929744475709
2022-08-29,600031.SH,0.00924571916292101
2022-08-30,600031.SH,0.010020699342892413
2022-08-31,600031.SH,0.007610667054149914
2022-09-01,600031.SH,0.008766427419293074
2022-09-02,600031.SH,-0.017541868917579504
2022-09-05,600031.SH,-0.006590340999538077
2022-09-06,600031.SH,0.019320839056056693
2022-09-07,600031.SH,0.0012431483679650479
2022-09-08,600031.SH,0.0012544317191905466
2022-09-09,600031.SH,-0.00020005980425326364
2022-09-12,600031.SH,0.004485426763407426
2022-09-13,600031.SH,0.017962706698661103
2022-09-14,600031.SH,-0.01428602898486904
2022-09-15,600031.SH,0.015714232272894556
2022-09-16,600031.SH,0.008672334364997408
2022-09-19,600031.SH,-0.0035040850397345044
2022-09-20,600031.SH,-0.006841927802160689
2022-09-21,600031.SH,-0.016422657863262677
2022-09-22,600031.SH,-0.005299432460799406
2022-09-23,600031.SH,0.009537072398544486
2022-09-26,600031.SH,0.012933427700158323
2022-09-27,600031.SH,-0.016012627276108082
2022-09-28,600031.SH,0.020193618598065236
2022-09-29,600031.SH,0.012403510525332588
2022-09-30,600031.SH,-0.0038663564833784653
2022-10-03,600031.SH,-0.012564071037298835
2022-10-04,600031.SH,-0.001379658913166157
2022-10-05,600031.SH,0.015970005566658597
2022-10-06,600031.SH,-0.019208191003826862
2022-10-07,600031.SH,0.0014789274961116657
2022-10-10,600031.SH,-0.009414442520687464
2022-10-11,600031.SH,0.007209843346539686
2022-10-12,600031.SH,-0.005656265421526245
2022-10-13,600031.SH,-0.004708266487977615
2022-10-14,600031.SH,-0.016046959511184903
2022-10-17,600031.SH,-0.0260700386885016
2022-10-18,600031.SH,-0.009900726981529943
2022-10-19,600031.SH,-0.010653404236888776
2022-10-20,600031.SH,-0.020617984399490134
2022-10-21,600031.SH,0.01245919968888734
2022-10-24,600031.SH,0.0013826365908749553
2022-10-25,600031.SH,-0.012985984166564882
2022-10-26,600031.SH,-0.005677139698391687
2022-10-27,600031.SH,-0.0046890166709744885
2022-10-28,600031.SH,0.010460056180164807
2022-10-31,600031.SH,0.032752220641671576
2022-11-01,600031.SH,0.011761315533037994
2022-11-02,600031.SH,0.021579122529259663
2022-11-03,600031.SH,0.015928229380771618
2022-11-04,600031.SH,-0.0030788301257010544
2022-11-07,600031.SH,0.0419116382010747
2022-11-08,600031.SH,0.009863985654073804
2022-11-09,600031.SH,0.0028524604607454078
2022-11-10,600031.SH,-0.0051716942333522534
2022-11-11,600031.SH,-0.01749025138065525
2022-11-14,600031.SH,0.004747019245572739
2022-11-15,600031.SH,0.0047023170958084
2022-11-16,600031.SH,-0.001237934625857716
2022-11-17,600031.SH,-0.004897159914218312
2022-11-18,600031.SH,-0.013439852844393953
2022-11-21,600031.SH,-0.011778673527729802
2022-11-22,600031.SH,-0.003341310918209244
2022-11-23,600031.SH,0.0043553360368940724
2022-11-24,600031.SH,0.000605614896684854
2022-11-25,600031.SH,0.003154153122863119
2022-11-28,600031.SH,-0.0061255238852031615
2022-11-29,600031.SH,-0.01276755543619762
2022-11-30,600031.SH,-0.013265723503829227
2022-12-01,600031.SH,-0.010282590862836375
2022-12-02,600031.SH,0.006737429413772611
2022-12-05,600031.SH,0.002686890092746308
2022-12-06,600031.SH,-0.008727027263264395
2022-12-07,600031.SH,-0.019517409036601506
2022-12-08,600031.SH,-0.021623229263766114
2022-12-09,600031.SH,0.010469847713617565
2022-12-12,600031.SH,-0.024290056057257536
2022-12-13,600031.SH,-0.010156043351721858
2022-12-14,600031.SH,0.021026692208398954
2022-12-15,600031.SH,0.015390008715912467
2022-12-16,600031.SH,-0.010278595857214504
2022-12-19,600031.SH,-0.005150975730617811
2022-12-20,600031.SH,0.013283631723506268
2022-12-21,600031.SH,0.007713662787200527
2022-12-22,600031.SH,-0.013647017703934415
2022-12-23,600031.SH,-0.010422434050460491
2022-12-26,600031.SH,-0.0051563945922909245
2022-12-27,600031.SH,0.008769978510202647
2022-12-28,600031.SH,-0.004360356533145581
2022-12-29,600031.SH,-0.0005224851178953105
2022-12-30,600031.SH,0.0017472450949941147
2023-01-02,600031.SH,0.011415417307481393
2023-01-03,600031.SH,-0.018593442998419675
2023-01-04,600031.SH,0.00833570584796572
2023-01-05,600031.SH,-0.0021861484934402368
2023-01-06,600031.SH,-0.0008436018110982526
2023-01-09,600031.SH,0.011378563412838051
2023-01-10,600031.SH,-0.016020397730860128
2023-01-11,600031.SH,0.01744047469495762
2023-01-12,600031.SH,0.005574683751342015
2023-01-13,600031.SH,-0.008651302303595277
2023-01-16,600031.SH,-0.011626566486538018
2023-01-17,600031.SH,-0.01449951066208794
2023-01-18,600031.SH,-0.003917865285670457
2023-01-19,600031.SH,0.01191802669903893
2023-01-20,600031.SH,-0.0006642646514356514
2023-01-23,600031.SH,0.010853794757549787
2023-01-24,600031.SH,0.006663514219386614
2023-01-25,600031.SH,-0.009172896676312122
2023-01-26,600031.SH,0.006472674796247241
2023-01-27,600031.SH,0.006451839822495046
2023-01-30,600031.SH,0.003644757602182456
2023-01-31,600031.SH,-0.024778480058105404
2023-02-01,600031.SH,0.0008927279865928337
2023-02-02,600031.SH,0.0006710026382345954
2023-02-03,600031.SH,-0.0064015795305488645
2023-02-06,600031.SH,-0.00367883128083491
2023-02-07,600031.SH,0.004213431434723315
2023-02-08,600031.SH,-0.014828545445989268
2023-02-09,600031.SH,0.00431480795442085
2023-02-10,600031.SH,-0.000793747304442564
2023-02-13,600031.SH,0.023511271515846456
2023-02-14,600031.SH,-0.0026558436049443817
2023-02-15,600031.SH,0.01500652073503898
2023-02-16,600031.SH,0.007758924094634641
2023-02-17,600031.SH,4.611417895431435e-05
2023-02-20,600031.SH,0.0007357939782194086
2023-02-21,600031.SH,-0.007501267030009719
2023-02-22,600031.SH,0.01230734702151953
2023-02-23,600031.SH,-0.02564479012159436
2023-02-24,600031.SH,0.006895173038194096
2023-02-27,600031.SH,0.009083248500229665
2023-02-28,600031.SH,-0.014164253865109323
2023-03-01,600031.SH,-0.007328698576515075
2023-03-02,600031.SH,0.010803070432355798
2023-03-03,600031.SH,-0.0032685678258135447
2023-03-06,600031.SH,-0.020574084674561927
2023-03-07,600031.SH,0.009851256591553902
2023-03-08,600031.SH,0.0053589886272186315
2023-03-09,600031.SH,0.00800731485320887
2023-03-10,600031.SH,0.022272656664623212
2023-03-13,600031.SH,0.014159638417564749
2023-03-14,600031.SH,-0.018453662073553746
2023-03-15,600031.SH,0.02090504321912021
2023-03-16,600031.SH,0.002505807643255108
2023-03-17,600031.SH,0.003333618446343145
2023-03-20,600031.SH,-0.0034633171180298897
2023-03-21,600031.SH,-0.01556796141253718
2023-03-22,600031.SH,-0.0036576814397841885
2023-03-23,600031.SH,-0.005727242260334277
2023-03-24,600031.SH,-0.012284826080485239
2023-03-27,600031.SH,0.007821447054723398
2023-03-28,600031.SH,0.009215162419834865
2023-03-29,600031.SH,0.0011738451491414108
2023-03-30,600031.SH,0.020522825628309968
2023-03-31,600031.SH,0.024033701796325888
2023-04-03,600031.SH,0.0015521001042037973
2023-04-04,600031.SH,-0.023663814709251954
2023-04-05,600031.SH,-0.014973787205489818
2023-04-06,600031.SH,-0.0066585190254271325
2023-04-07,600031.SH,-0.011519080234338336
2023-04-10,600031.SH,0.02408339551903093
2023-04-11,600031.SH,-0.0016949678111011363
2023-04-12,600031.SH,-0.014598153229149691
2023-04-13,600031.SH,-0.0057734754190800555
2023-04-14,600031.SH,-0.006598211828584146
2023-04-17,600031.SH,-0.009646981261360989
2023-04-18,600031.SH,0.0044907710814125635
2023-04-19,600031.SH,0.0036683690890971926
2023-04-20,600031.SH,0.01045214089588081
2023-04-21,600031.SH,0.0069215588668796995
2023-04-24,600031.SH,-0.035261305971638734
2023-04-25,600031.SH,0.00635331133154698
2023-04-26,600031.SH,0.0021755843531195847
2023-04-27,600031.SH,0.012240095552815753
2023-04-28,600031.SH,0.01898778546458085
2023-05-01,600031.SH,-0.018525392530493085
2023-05-02,600031.SH,0.005595101513578057
2023-05-03,600031.SH,0.0018009436062196306
2023-05-04,600031.SH,-0.01018118415485449
2023-05-05,600031.SH,0.00869609807963451
2023-05-08,600031.SH,0.007564430950837383
2023-05-09,600031.SH,0.0030077740603696107
2023-05-10,600031.SH,0.011907966797241319
2023-05-11,600031.SH,0.026683736891986075
2023-05-12,600031.SH,0.017287154989772353
2023-05-15,600031.SH,0.017275990655237633
2023-05-16,600031.SH,-0.013516937667000902
2023-05-17,600031.SH,-0.012051031518496139
2023-05-18,600031.SH,-0.010122367784227183
2023-05-19,600031.SH,-0.0007679197893340492
2022-01-03,600032.SH,0.000455662457038793
2022-01-04,600032.SH,-0.024741225346253504
2022-01-05,600032.SH,0.017519526629688125
2022-01-06,600032.SH,0.029066500064699075
2022-01-07,600032.SH,-0.0027984047175044647
2022-01-10,600032.SH,0.0004377966329661715
2022-01-11,600032.SH,0.0032839192767943138
2022-01-12,600032.SH,-0.010959914446020028
2022-01-13,600032.SH,0.0005908712663253658
2022-01-14,600032.SH,0.014231528947826397
2022-01-17,600032.SH,0.003515302673832068
2022-01-18,600032.SH,0.0016727630051921695
2022-01-19,600032.SH,0.011601282171528867
2022-01-20,600032.SH,0.02075479016320022
2022-01-21,600032.SH,-0.004738943319731671
2022-01-24,600032.SH,-0.009489185835440131
2022-01-25,600032.SH,-0.002069048686354355
2022-01-26,600032.SH,-0.006974167016021089
2022-01-27,600032.SH,0.018064469119973108
2022-01-28,600032.SH,-0.008439682499170934
2022-01-31,600032.SH,0.009417749214007282
2022-02-01,600032.SH,-0.004430923866018446
2022-02-02,600032.SH,0.03304225207253502
2022-02-03,600032.SH,0.0019520729871583184
2022-02-04,600032.SH,-0.00439580827359751
2022-02-07,600032.SH,0.002930078867254087
2022-02-08,600032.SH,0.0008870111055546887
2022-02-09,600032.SH,-0.01502917871860563
2022-02-10,600032.SH,0.0008966491500569272
2022-02-11,600032.SH,0.0008836319333708114
2022-02-14,600032.SH,0.001210006201465573
2022-02-15,600032.SH,-0.003981672029021852
2022-02-16,600032.SH,-0.024769044078666272
2022-02-17,600032.SH,-0.009987050177537815
2022-02-18,600032.SH,0.007363795301050689
2022-02-21,600032.SH,0.010001740113149457
2022-02-22,600032.SH,-0.005022274390107183
2022-02-23,600032.SH,-0.00757655583518094
2022-02-24,600032.SH,-0.014436494100308225
2022-02-25,600032.SH,0.005312907496822956
2022-02-28,600032.SH,0.006526897435545248
2022-03-01,600032.SH,-0.004657265632573538
2022-03-02,600032.SH,-0.0026470856532185777
2022-03-03,600032.SH,0.004471817135338295
2022-03-04,600032.SH,-0.0007286126626848852
2022-03-07,600032.SH,0.025959979136700284
2022-03-08,600032.SH,0.005564406356742433
2022-03-09,600032.SH,-0.0010035780635327231
2022-03-10,600032.SH,0.0012073774124978318
2022-03-11,600032.SH,-0.009168759674852865
2022-03-14,600032.SH,0.009171928787953906
2022-03-15,600032.SH,-0.0018121638734861787
2022-03-16,600032.SH,-0.01733672802882286
2022-03-17,600032.SH,-0.00793978532624439
2022-03-18,600032.SH,-0.013612416392827476
2022-03-21,600032.SH,-0.022621856111393966
2022-03-22,600032.SH,-0.006830536681405406
2022-03-23,600032.SH,0.02069288361699808
2022-03-24,600032.SH,-0.004956850870893507
2022-03-25,600032.SH,0.0233519795386131
2022-03-28,600032.SH,-0.005953395123034601
2022-03-29,600032.SH,0.0025605678628542487
2022-03-30,600032.SH,0.020128514747367196
2022-03-31,600032.SH,0.0037183227008421122
2022-04-01,600032.SH,0.006320569373392363
2022-04-04,600032.SH,0.0062321336649980245
2022-04-05,600032.SH,0.012648066733847997
2022-04-06,600032.SH,-0.003673661176725628
2022-04-07,600032.SH,0.00038103330928618805
2022-04-08,600032.SH,0.004346320780575599
2022-04-11,600032.SH,-0.018368088697273653
2022-04-12,600032.SH,-0.0037315825858885944
2022-04-13,600032.SH,-0.0032172089465945415
2022-04-14,600032.SH,0.0020832592743651535
2022-04-15,600032.SH,0.006797521609432788
2022-04-18,600032.SH,-0.00935401647054137
2022-04-19,600032.SH,-0.0017883999574424144
2022-04-20,600032.SH,-0.0033593363180536052
2022-04-21,600032.SH,0.033627358924583906
2022-04-22,600032.SH,-0.0009165216213598293
2022-04-25,600032.SH,-0.0023097185973750805
2022-04-26,600032.SH,-0.019078424889064027
2022-04-27,600032.SH,0.010149631195422084
2022-04-28,600032.SH,-0.006554230347224411
2022-04-29,600032.SH,-0.01748023783546651
2022-05-02,600032.SH,0.007258771986375251
2022-05-03,600032.SH,0.0027419695924347453
2022-05-04,600032.SH,0.006439482281916789
2022-05-05,600032.SH,0.004043477501840888
2022-05-06,600032.SH,0.005164150777106752
2022-05-09,600032.SH,0.0076434516285893185
2022-05-10,600032.SH,0.0025760787802133448
2022-05-11,600032.SH,0.0008624654626615928
2022-05-12,600032.SH,0.010306781825804268
2022-05-13,600032.SH,-0.012934526851405736
2022-05-16,600032.SH,-0.019744932437688316
2022-05-17,600032.SH,-0.012024513929875563
2022-05-18,600032.SH,-0.0004401664334618858
2022-05-19,600032.SH,-0.014667085770060964
2022-05-20,600032.SH,-0.025051354396600098
2022-05-23,600032.SH,0.006157460781608127
2022-05-24,600032.SH,0.025595054550801803
2022-05-25,600032.SH,-0.015502112118686143
2022-05-26,600032.SH,0.006904717256065643
2022-05-27,600032.SH,-0.011464392569249167
2022-05-30,600032.SH,-0.004251801585357279
2022-05-31,600032.SH,-0.004544866351720494
2022-06-01,600032.SH,-0.01564096689731199
2022-06-02,600032.SH,-0.0043497099052648485
2022-06-03,600032.SH,-0.01683107511475104
2022-06-06,600032.SH,0.002021633169425257
2022-06-07,600032.SH,-0.009357666238183491
2022-06-08,600032.SH,0.0031432771023174877
2022-06-09,600032.SH,-0.015744072566217973
2022-06-10,600032.SH,-0.0036411399989574973
2022-06-13,600032.SH,-0.001409353770211412
2022-06-14,600032.SH,0.0005723269301626387
2022-06-15,600032.SH,0.008549585293245674
2022-06-16,600032.SH,0.0034800057525606574
2022-06-17,600032.SH,-0.01588871099041893
2022-06-20,600032.SH,-0.011285855578960995
2022-06-21,600032.SH,0.002036566809000658
2022-06-22,600032.SH,-0.010647585969201083
2022-06-23,600032.SH,-0.0030040350150791
2022-06-24,600032.SH,0.008503867790696482
2022-06-27,600032.SH,-0.004722837199953545
2022-06-28,600032.SH,-0.002818694040312703
2022-06-29,600032.SH,0.00014330848855781918
2022-06-30,600032.SH,-0.011435958991268907
2022-07-01,600032.SH,0.00408550850740938
2022-07-04,600032.SH,-0.0028337705141518723
2022-07-05,600032.SH,-0.008065900559897437
2022-07-06,600032.SH,0.0029662101135467054
2022-07-07,600032.SH,-0.028329404022247158
2022-07-08,600032.SH,-0.023134315266558306
2022-07-11,600032.SH,-0.009381727246847577
2022-07-12,600032.SH,0.006155402152528608
2022-07-13,600032.SH,-0.011191727680726158
2022-07-14,600032.SH,0.015437830054929682
2022-07-15,600032.SH,0.012088258855918322
2022-07-18,600032.SH,0.0056614771171045125
2022-07-19,600032.SH,-0.008110312817253164
2022-07-20,600032.SH,-0.009621354221554738
2022-07-21,600032.SH,0.012809921000625875
2022-07-22,600032.SH,-0.0019136297697423185
2022-07-25,600032.SH,0.005281077808268263
2022-07-26,600032.SH,-0.00840019915171685
2022-07-27,600032.SH,0.027104847021340375
2022-07-28,600032.SH,-0.003660349118647663
2022-07-29,600032.SH,-0.004021169239530456
2022-08-01,600032.SH,0.007744507131159423
2022-08-02,600032.SH,-0.0007580169739965668
2022-08-03,600032.SH,-0.008523573366211368
2022-08-04,600032.SH,0.0028627233073444313
2022-08-05,600032.SH,-0.021265831952606975
2022-08-08,600032.SH,0.03003642625401741
2022-08-09,600032.SH,-0.0009967134168830626
2022-08-10,600032.SH,0.02032085791089298
2022-08-11,600032.SH,-0.024329630577992777
2022-08-12,600032.SH,-0.006913865096524286
2022-08-15,600032.SH,-0.013355956889307461
2022-08-16,600032.SH,-8.06070004729922e-05
2022-08-17,600032.SH,0.020198462384169773
2022-08-18,600032.SH,-0.0029106154588033053
2022-08-19,600032.SH,-0.003881503252424155
2022-08-22,600032.SH,-0.007793108632882322
2022-08-23,600032.SH,0.005650913623700542
2022-08-24,600032.SH,0.008032708145921231
2022-08-25,600032.SH,0.008639866773069944
2022-08-26,600032.SH,0.0011786590110026737
2022-08-29,600032.SH,-0.01800002444732111
2022-08-30,600032.SH,0.004644365707524325
2022-08-31,600032.SH,0.022470894441366383
2022-09-01,600032.SH,0.006655207159739872
2022-09-02,600032.SH,-0.03996749622213395
2022-09-05,600032.SH,0.002014134878725403
2022-09-06,600032.SH,0.021953925303836924
2022-09-07,600032.SH,-0.000543337217092288
2022-09-08,600032.SH,-0.005550015810317897
2022-09-09,600032.SH,-0.0003830330340145404
2022-09-12,600032.SH,0.01596990878800112
2022-09-13,600032.SH,-0.009729639732839237
2022-09-14,600032.SH,0.00859946866942381
2022-09-15,600032.SH,0.00829037976349842
2022-09-16,600032.SH,-0.005920191233422585
2022-09-19,600032.SH,0.02352954954995489
2022-09-20,600032.SH,-0.013985433553341163
2022-09-21,600032.SH,-0.01534785322377984
2022-09-22,600032.SH,-0.016662024246816964
2022-09-23,600032.SH,0.03464684284021131
2022-09-26,600032.SH,0.006939118079871946
2022-09-27,600032.SH,-0.022985805911261856
2022-09-28,600032.SH,-0.008883649721879317
2022-09-29,600032.SH,0.016247057811985398
2022-09-30,600032.SH,-0.0010155199905118612
2022-10-03,600032.SH,0.015607580782781112
2022-10-04,600032.SH,0.01921559006737117
2022-10-05,600032.SH,-0.0012776150437251953
2022-10-06,600032.SH,-0.008955129609508346
2022-10-07,600032.SH,0.014932731125277486
2022-10-10,600032.SH,-0.000985039112870846
2022-10-11,600032.SH,0.004678282528363688
2022-10-12,600032.SH,-0.003446058766326735
2022-10-13,600032.SH,-0.007371372042753232
2022-10-14,600032.SH,-0.021051577719957935
2022-10-17,600032.SH,-0.0027208305152250983
2022-10-18,600032.SH,0.000560723895778212
2022-10-19,600032.SH,-0.013631387834399211
2022-10-20,600032.SH,-0.01969981135381516
2022-10-21,600032.SH,-0.018710709078173498
2022-10-24,600032.SH,0.009422917814079265
2022-10-25,600032.SH,-0.009884883207224264
2022-10-26,600032.SH,-0.005298075171376339
2022-10-27,600032.SH,-0.008547920071589336
2022-10-28,600032.SH,0.001263484573096013
2022-10-31,600032.SH,0.021927525139330308
2022-11-01,600032.SH,-0.003496522345408471
2022-11-02,600032.SH,0.011588213221696276
2022-11-03,600032.SH,0.008346658606054033
2022-11-04,600032.SH,-0.013328683795338123
2022-11-07,600032.SH,0.02605280831932295
2022-11-08,600032.SH,0.0015600182992931105
2022-11-09,600032.SH,-0.011700365482805501
2022-11-10,600032.SH,-0.006990116630210706
2022-11-11,600032.SH,0.0010393650390673075
2022-11-14,600032.SH,0.00737666913707182
2022-11-15,600032.SH,0.008270927553664239
2022-11-16,600032.SH,0.015114460742865609
2022-11-17,600032.SH,0.006991393832087526
2022-11-18,600032.SH,0.01847593142672946
2022-11-21,600032.SH,0.001093756675020069
2022-11-22,600032.SH,-0.016496371168210316
2022-11-23,600032.SH,0.007035366849158987
2022-11-24,600032.SH,0.004815363217494732
2022-11-25,600032.SH,-0.0029936647706496587
2022-11-28,600032.SH,-0.012955338578311609
2022-11-29,600032.SH,-0.03431304665643224
2022-11-30,600032.SH,-0.0047464997513575885
2022-12-01,600032.SH,-0.0012732883287763534
2022-12-02,600032.SH,-0.001355517864190477
2022-12-05,600032.SH,-0.002985407626197171
2022-12-06,600032.SH,0.0014094027957733228
2022-12-07,600032.SH,-0.010016552382395943
2022-12-08,600032.SH,-0.006441244372260905
2022-12-09,600032.SH,0.014287162606680202
2022-12-12,600032.SH,-0.009470475035996084
2022-12-13,600032.SH,0.00865829912105979
2022-12-14,600032.SH,0.016115618516581904
2022-12-15,600032.SH,0.023666172318462433
2022-12-16,600032.SH,-0.00834368795833874
2022-12-19,600032.SH,-0.005125076837466441
2022-12-20,600032.SH,-0.001621115229683954
2022-12-21,600032.SH,0.015916366398899054
2022-12-22,600032.SH,-0.012952008647017413
2022-12-23,600032.SH,-0.003417372062309033
2022-12-26,600032.SH,-0.0016864464567689207
2022-12-27,600032.SH,0.004558246641076123
2022-12-28,600032.SH,0.0028327008719194807
2022-12-29,600032.SH,-0.0031897323152374818
2022-12-30,600032.SH,-0.031082950835853013
2023-01-02,600032.SH,0.003998325488757394
2023-01-03,600032.SH,-0.0009292614924740377
2023-01-04,600032.SH,-0.008074955383124551
2023-01-05,600032.SH,0.0032900846726806026
2023-01-06,600032.SH,-0.01021194382679736
2023-01-09,600032.SH,0.018555802695803307
2023-01-10,600032.SH,0.0006697684248755995
2023-01-11,600032.SH,-0.01987459948657968
2023-01-12,600032.SH,0.002208538653255314
2023-01-13,600032.SH,-0.004061248536178047
2023-01-16,600032.SH,-0.011340957186574144
2023-01-17,600032.SH,-0.004845303521175719
2023-01-18,600032.SH,-0.0020504506959066427
2023-01-19,600032.SH,0.011893459659773346
2023-01-20,600032.SH,-0.005980063212081915
2023-01-23,600032.SH,0.015807451287224057
2023-01-24,600032.SH,-0.008548034237176191
2023-01-25,600032.SH,-0.016218641934649974
2023-01-26,600032.SH,-0.0017550932007423907
2023-01-27,600032.SH,0.009809314475706321
2023-01-30,600032.SH,-0.009143172463832363
2023-01-31,600032.SH,-0.012616814877213873
2023-02-01,600032.SH,0.001583017833729633
2023-02-02,600032.SH,-0.0016188338999084187
2023-02-03,600032.SH,-0.019919040785074824
2023-02-06,600032.SH,-0.009975392784816194
2023-02-07,600032.SH,0.0021978615499207363
2023-02-08,600032.SH,0.002772856650339879
2023-02-09,600032.SH,-0.010193294299258224
2023-02-10,600032.SH,-0.0017372501689018266
2023-02-13,600032.SH,0.006868725284049136
2023-02-14,600032.SH,-0.015405785472670977
2023-02-15,600032.SH,0.011709246048026662
2023-02-16,600032.SH,-0.03004110698147211
2023-02-17,600032.SH,-0.012421643837242789
2023-02-20,600032.SH,0.0040222145009605826
2023-02-21,600032.SH,-0.0030845627691787974
2023-02-22,600032.SH,-0.015143347912921318
2023-02-23,600032.SH,-0.0008109423391287843
2023-02-24,600032.SH,0.01182485901303117
2023-02-27,600032.SH,-0.005504257850278211
2023-02-28,600032.SH,-0.027015172519349782
2023-03-01,600032.SH,0.012845194822772323
2023-03-02,600032.SH,-0.005476940115357847
2023-03-03,600032.SH,0.014515151676918794
2023-03-06,600032.SH,-0.0022598241002214896
2023-03-07,600032.SH,0.0003190058596929681
2023-03-08,600032.SH,0.0001817298393372961
2023-03-09,600032.SH,0.009575644884546371
2023-03-10,600032.SH,0.0011008532957748843
2023-03-13,600032.SH,0.02247174044592224
2023-03-14,600032.SH,0.00773407932161903
2023-03-15,600032.SH,0.005703170441766412
2023-03-16,600032.SH,0.011558719551229536
2023-03-17,600032.SH,0.029039154305739827
2023-03-20,600032.SH,-0.004548738626372175
2023-03-21,600032.SH,0.006036498423786565
2023-03-22,600032.SH,-0.009897683783312232
2023-03-23,600032.SH,0.008770193652942277
2023-03-24,600032.SH,-0.024498774585233397
2023-03-27,600032.SH,0.00625350760428264
2023-03-28,600032.SH,-0.0010894351617351614
2023-03-29,600032.SH,0.027359954516186037
2023-03-30,600032.SH,-0.011943079217183418
2023-03-31,600032.SH,0.011756334670096619
2023-04-03,600032.SH,0.018727369707419513
2023-04-04,600032.SH,-0.01499403700321349
2023-04-05,600032.SH,-0.002249040713035583
2023-04-06,600032.SH,-0.01770864778958027
2023-04-07,600032.SH,-0.013472292541557775
2023-04-10,600032.SH,-0.00616871019211775
2023-04-11,600032.SH,-0.0011918819892599748
2023-04-12,600032.SH,-0.015484993979751206
2023-04-13,600032.SH,-0.006929350594952457
2023-04-14,600032.SH,-0.00761442528122723
2023-04-17,600032.SH,-0.01452839104553409
2023-04-18,600032.SH,-0.00989117614974925
2023-04-19,600032.SH,0.0020144239495062293
2023-04-20,600032.SH,0.003957273724805159
2023-04-21,600032.SH,-0.005747769121575802
2023-04-24,600032.SH,-0.017472651629306415
2023-04-25,600032.SH,0.013109765994888188
2023-04-26,600032.SH,0.0018609305437683674
2023-04-27,600032.SH,-0.0027870820994046765
2023-04-28,600032.SH,0.011698213402273408
2023-05-01,600032.SH,-0.03701223391800333
2023-05-02,600032.SH,-0.006122854896917492
2023-05-03,600032.SH,0.0007237068914421078
2023-05-04,600032.SH,-0.021987358775696658
2023-05-05,600032.SH,0.004286608861108391
2023-05-08,600032.SH,-0.001155492113791201
2023-05-09,600032.SH,0.01669725464681214
2023-05-10,600032.SH,0.00635305487562657
2023-05-11,600032.SH,-0.002771142095848422
2023-05-12,600032.SH,0.0033669987154783714
2023-05-15,600032.SH,-0.0030628754117884337
2023-05-16,600032.SH,0.009970662297090812
2023-05-17,600032.SH,0.0036178114405699758
2023-05-18,600032.SH,-0.0059788634915046365
2023-05-19,600032.SH,0.004182396692289073
2022-01-03,600033.SH,-0.0035263974460738655
2022-01-04,600033.SH,0.005318992893616609
2022-01-05,600033.SH,0.005986162992249642
2022-01-06,600033.SH,-0.0010346067307894216
2022-01-07,600033.SH,-0.017904683947209094
2022-01-10,600033.SH,0.0019018471871801758
2022-01-11,600033.SH,-0.003228698134499439
2022-01-12,600033.SH,0.00696563725169966
2022-01-13,600033.SH,-0.006387867187749526
2022-01-14,600033.SH,-0.014480988388361704
2022-01-17,600033.SH,0.013631157904845547
2022-01-18,600033.SH,-0.0025173901230258226
2022-01-19,600033.SH,0.008753648082106684
2022-01-20,600033.SH,0.012534189645977759
2022-01-21,600033.SH,-0.004995864606659555
2022-01-24,600033.SH,-0.0075887671430092465
2022-01-25,600033.SH,-0.0025377366329353834
2022-01-26,600033.SH,-0.004181295239941395
2022-01-27,600033.SH,0.025905584860012376
2022-01-28,600033.SH,-0.004106453316764247
2022-01-31,600033.SH,0.0038588638302229855
2022-02-01,600033.SH,-0.005203029938556371
2022-02-02,600033.SH,0.010020907740024045
2022-02-03,600033.SH,-0.0028882870638656556
2022-02-04,600033.SH,-0.012000797040820398
2022-02-07,600033.SH,0.0005343310889187134
2022-02-08,600033.SH,0.0013710559852329043
2022-02-09,600033.SH,-0.006124448322474634
2022-02-10,600033.SH,0.013443593515250893
2022-02-11,600033.SH,0.004436664251086492
2022-02-14,600033.SH,0.0148521912335313
2022-02-15,600033.SH,0.010149246016386056
2022-02-16,600033.SH,-0.02245875718790228
2022-02-17,600033.SH,0.006218026211307863
2022-02-18,600033.SH,-0.0038740441107582065
2022-02-21,600033.SH,0.01114710373592233
2022-02-22,600033.SH,-0.006792217202446112
2022-02-23,600033.SH,-0.015951262220224464
2022-02-24,600033.SH,0.00654301553415443
2022-02-25,600033.SH,0.02376690797655046
2022-02-28,600033.SH,0.003733776863116753
2022-03-01,600033.SH,0.007699981168384509
2022-03-02,600033.SH,-0.004754165141684554
2022-03-03,600033.SH,0.01916235895806231
2022-03-04,600033.SH,-0.02019801800140952
2022-03-07,600033.SH,0.005520743186534304
2022-03-08,600033.SH,-0.00029983291785381627
2022-03-09,600033.SH,-0.02177087582451433
2022-03-10,600033.SH,0.0018260075302827484
2022-03-11,600033.SH,0.019021120465016663
2022-03-14,600033.SH,-0.00424753671448413
2022-03-15,600033.SH,0.012957960872354433
2022-03-16,600033.SH,0.0003294754117883318
2022-03-17,600033.SH,-0.0026843377570536352
2022-03-18,600033.SH,-0.002558425050229445
2022-03-21,600033.SH,-0.02227400185135785
2022-03-22,600033.SH,-0.009362776641539935
2022-03-23,600033.SH,0.021029606733175128
2022-03-24,600033.SH,-0.0063198579551752695
2022-03-25,600033.SH,0.011419641251168667
2022-03-28,600033.SH,-0.012131382376095928
2022-03-29,600033.SH,0.019240959203078115
2022-03-30,600033.SH,-0.0030031737910459666
2022-03-31,600033.SH,0.020743879080737323
2022-04-01,600033.SH,0.007024844860410165
2022-04-04,600033.SH,0.02328876762740738
2022-04-05,600033.SH,-0.015039581470569004
2022-04-06,600033.SH,-0.00185229226500793
2022-04-07,600033.SH,0.002926939210822532
2022-04-08,600033.SH,-0.00013571124055252598
2022-04-11,600033.SH,0.0020182720399579065
2022-04-12,600033.SH,-0.005278201658448391
2022-04-13,600033.SH,0.004848208612256488
2022-04-14,600033.SH,-0.0027249249803093407
2022-04-15,600033.SH,-0.007088938686672638
2022-04-18,600033.SH,0.005684933563914808
2022-04-19,600033.SH,-0.0038045429546031267
2022-04-20,600033.SH,-0.0005902761596282132
2022-04-21,600033.SH,-0.0045815941049681605
2022-04-22,600033.SH,0.009511743580756977
2022-04-25,600033.SH,2.582989412441448e-05
2022-04-26,600033.SH,0.008965373693593608
2022-04-27,600033.SH,-0.0027769971204799925
2022-04-28,600033.SH,0.0034303861561538135
2022-04-29,600033.SH,-0.003989620735075491
2022-05-02,600033.SH,-0.004346967557223869
2022-05-03,600033.SH,-8.31895060969018e-05
2022-05-04,600033.SH,0.019383282394492562
2022-05-05,600033.SH,0.006362095802250839
2022-05-06,600033.SH,0.0125850168038363
2022-05-09,600033.SH,0.012255799317704142
2022-05-10,600033.SH,0.0022826127075744815
2022-05-11,600033.SH,-0.0015215993191057648
2022-05-12,600033.SH,0.004835409903961813
2022-05-13,600033.SH,-0.00586585000690811
2022-05-16,600033.SH,-0.025098540349895428
2022-05-17,600033.SH,-0.00810856800787067
2022-05-18,600033.SH,-0.009818753428285025
2022-05-19,600033.SH,-0.0007170746227295921
2022-05-20,600033.SH,0.005715811347405246
2022-05-23,600033.SH,-0.010356762912953652
2022-05-24,600033.SH,-0.0035538642208114944
2022-05-25,600033.SH,0.005107050485367136
2022-05-26,600033.SH,-0.0083038140178022
2022-05-27,600033.SH,-0.026748372219664654
2022-05-30,600033.SH,0.007439176436958612
2022-05-31,600033.SH,-0.006012953933659767
2022-06-01,600033.SH,0.0020149316664832594
2022-06-02,600033.SH,0.0022981893518629424
2022-06-03,600033.SH,-0.02766262470162898
2022-06-06,600033.SH,-0.008382482987809815
2022-06-07,600033.SH,-0.0008200041756546146
2022-06-08,600033.SH,-0.017477228224754775
2022-06-09,600033.SH,-0.008497933764651106
2022-06-10,600033.SH,-0.004047543318633233
2022-06-13,600033.SH,-0.002385581198857365
2022-06-14,600033.SH,0.00341289097310194
2022-06-15,600033.SH,0.004042812708432812
2022-06-16,600033.SH,0.01780905640345731
2022-06-17,600033.SH,-0.005353850927576646
2022-06-20,600033.SH,-0.006348287274636615
2022-06-21,600033.SH,0.0037942863638522743
2022-06-22,600033.SH,-0.02252892961915953
2022-06-23,600033.SH,0.017338758060518395
2022-06-24,600033.SH,0.008180311929519141
2022-06-27,600033.SH,0.008495457125631782
2022-06-28,600033.SH,-0.001162012824716131
2022-06-29,600033.SH,-0.012667836186206741
2022-06-30,600033.SH,-0.016033306827653786
2022-07-01,600033.SH,3.340623088455338e-05
2022-07-04,600033.SH,-0.017169643845931084
2022-07-05,600033.SH,-0.020300036999673678
2022-07-06,600033.SH,0.010424348857235047
2022-07-07,600033.SH,-0.008071526899562666
2022-07-08,600033.SH,-0.02105035692391185
2022-07-11,600033.SH,0.0009425616457414965
2022-07-12,600033.SH,0.011985228345520241
2022-07-13,600033.SH,0.013925724468565034
2022-07-14,600033.SH,0.02446094387293723
2022-07-15,600033.SH,0.020995106938678072
2022-07-18,600033.SH,0.0012693457198418175
2022-07-19,600033.SH,-0.01439711774559094
2022-07-20,600033.SH,-0.0153790785686907
2022-07-21,600033.SH,-0.0031372915745077946
2022-07-22,600033.SH,-0.010834190821752378
2022-07-25,600033.SH,0.002676146258391517
2022-07-26,600033.SH,0.006948618062665334
2022-07-27,600033.SH,0.002856275451369867
2022-07-28,600033.SH,0.02647100049872683
2022-07-29,600033.SH,-0.005798767180764725
2022-08-01,600033.SH,-0.019648825088402093
2022-08-02,600033.SH,-0.00113895112671095
2022-08-03,600033.SH,-0.02111579908410217
2022-08-04,600033.SH,-0.006627385690340283
2022-08-05,600033.SH,-0.018128225507757802
2022-08-08,600033.SH,0.005151336835180801
2022-08-09,600033.SH,-0.013980077994009276
2022-08-10,600033.SH,0.003518883453981426
2022-08-11,600033.SH,-0.007939879727142718
2022-08-12,600033.SH,-0.008579946015854108
2022-08-15,600033.SH,0.004676295545692778
2022-08-16,600033.SH,0.0009672541326921618
2022-08-17,600033.SH,0.0008060614973765083
2022-08-18,600033.SH,-0.0004909390776665235
2022-08-19,600033.SH,0.007825460604305357
2022-08-22,600033.SH,-0.008201681745057192
2022-08-23,600033.SH,0.007225588803621695
2022-08-24,600033.SH,0.005125132009709456
2022-08-25,600033.SH,-0.008171971091400377
2022-08-26,600033.SH,-0.0021496087843298813
2022-08-29,600033.SH,0.006601089675483216
2022-08-30,600033.SH,-0.0034704802323986907
2022-08-31,600033.SH,-0.013938747604477195
2022-09-01,600033.SH,-0.010421919588876494
2022-09-02,600033.SH,-0.02152916516212043
2022-09-05,600033.SH,-0.01584712787276643
2022-09-06,600033.SH,0.009188058280535316
2022-09-07,600033.SH,0.015766151754226743
2022-09-08,600033.SH,-0.0013351475676479907
2022-09-09,600033.SH,0.004072380061302477
2022-09-12,600033.SH,-0.010853469647856656
2022-09-13,600033.SH,0.0061363149353203215
2022-09-14,600033.SH,-0.002353759233571978
2022-09-15,600033.SH,0.002201161400085567
2022-09-16,600033.SH,0.005230556221716648
2022-09-19,600033.SH,0.013987264107547536
2022-09-20,600033.SH,-0.009129003785804106
2022-09-21,600033.SH,-0.006477214985964906
2022-09-22,600033.SH,0.0010260806313062264
2022-09-23,600033.SH,0.010928008703114831
2022-09-26,600033.SH,0.005113383741895298
2022-09-27,600033.SH,-0.003211954404278089
2022-09-28,600033.SH,0.005480633381556386
2022-09-29,600033.SH,-0.0005716340550351046
2022-09-30,600033.SH,-0.0030707828685060936
2022-10-03,600033.SH,-0.01393796073685142
2022-10-04,600033.SH,0.00756724517130973
2022-10-05,600033.SH,-0.008800153733332351
2022-10-06,600033.SH,-0.00571114448457618
2022-10-07,600033.SH,0.013923405974154375
2022-10-10,600033.SH,-0.011390269514943449
2022-10-11,600033.SH,0.016113516665965177
2022-10-12,600033.SH,0.01803792336442683
2022-10-13,600033.SH,0.01200672961094309
2022-10-14,600033.SH,-0.029712346998639998
2022-10-17,600033.SH,-0.013205552304595
2022-10-18,600033.SH,-0.014262095928806983
2022-10-19,600033.SH,-0.008171425368190278
2022-10-20,600033.SH,-0.004765791994539486
2022-10-21,600033.SH,-0.015389953068603423
2022-10-24,600033.SH,-0.0014003542456215625
2022-10-25,600033.SH,-0.018725966611716716
2022-10-26,600033.SH,-0.0015624161403935887
2022-10-27,600033.SH,0.015973599106242117
2022-10-28,600033.SH,-0.011953255411130162
2022-10-31,600033.SH,-0.0017475157289210484
2022-11-01,600033.SH,-0.0070264794554070345
2022-11-02,600033.SH,0.01705463057196427
2022-11-03,600033.SH,-0.0016494613975502237
2022-11-04,600033.SH,-0.01452980637506521
2022-11-07,600033.SH,0.022581173627172685
2022-11-08,600033.SH,-0.00597512867940724
2022-11-09,600033.SH,0.004371499679522142
2022-11-10,600033.SH,0.018168661490096424
2022-11-11,600033.SH,0.00623256230994536
2022-11-14,600033.SH,0.0008959414900376042
2022-11-15,600033.SH,0.013490037425391836
2022-11-16,600033.SH,0.0015807560714048638
2022-11-17,600033.SH,0.0005109505095597941
2022-11-18,600033.SH,0.0044944748912697915
2022-11-21,600033.SH,-0.016368545981604088
2022-11-22,600033.SH,0.007407683717718292
2022-11-23,600033.SH,0.002735909417573572
2022-11-24,600033.SH,0.01739443632105722
2022-11-25,600033.SH,-0.0028707006816187535
2022-11-28,600033.SH,-0.007004530319318756
2022-11-29,600033.SH,-0.026727158350984107
2022-11-30,600033.SH,-0.0027566932879859746
2022-12-01,600033.SH,-7.880860592803483e-05
2022-12-02,600033.SH,-0.009316866537922859
2022-12-05,600033.SH,-0.0026174722693089224
2022-12-06,600033.SH,-0.01158145925426049
2022-12-07,600033.SH,-0.00626124376954947
2022-12-08,600033.SH,-0.008606948598228309
2022-12-09,600033.SH,0.005012869307861373
2022-12-12,600033.SH,-0.01253952588540837
2022-12-13,600033.SH,0.0005401244655465782
2022-12-14,600033.SH,0.0021049828200382717
2022-12-15,600033.SH,0.01253103496767391
2022-12-16,600033.SH,-0.010067502578467667
2022-12-19,600033.SH,0.018387315650017697
2022-12-20,600033.SH,-0.003993336432870904
2022-12-21,600033.SH,0.018782321151099696
2022-12-22,600033.SH,-0.005293502551412388
2022-12-23,600033.SH,-0.007857421770192316
2022-12-26,600033.SH,0.007830034126342702
2022-12-27,600033.SH,-0.0010002180252166024
2022-12-28,600033.SH,-0.006587296471005911
2022-12-29,600033.SH,-0.017683302743859663
2022-12-30,600033.SH,-0.01124352881562307
2023-01-02,600033.SH,0.007085545114428186
2023-01-03,600033.SH,-0.0015568421722747857
2023-01-04,600033.SH,0.012762436725234347
2023-01-05,600033.SH,0.0013606567088980436
2023-01-06,600033.SH,0.003176895117058913
2023-01-09,600033.SH,0.0018224710124904418
2023-01-10,600033.SH,-0.003619202532266312
2023-01-11,600033.SH,-0.011891053472177586
2023-01-12,600033.SH,-0.002245546120360322
2023-01-13,600033.SH,0.0014606627303728494
2023-01-16,600033.SH,0.011381746709649553
2023-01-17,600033.SH,0.00781515732617523
2023-01-18,600033.SH,-0.009426832588687685
2023-01-19,600033.SH,0.0023516637162567
2023-01-20,600033.SH,0.010521318347756214
2023-01-23,600033.SH,0.011204416888729498
2023-01-24,600033.SH,-0.008310621044502019
2023-01-25,600033.SH,-0.0034794500258113897
2023-01-26,600033.SH,0.007717889132189037
2023-01-27,600033.SH,0.0092719981483331
2023-01-30,600033.SH,-0.012131432999923726
2023-01-31,600033.SH,0.0020851333056674647
2023-02-01,600033.SH,-0.003705326629771662
2023-02-02,600033.SH,0.011572686003012676
2023-02-03,600033.SH,-0.011605285422005375
2023-02-06,600033.SH,-0.004930477463268598
2023-02-07,600033.SH,-0.0003012814248493263
2023-02-08,600033.SH,0.002975780237364881
2023-02-09,600033.SH,0.0022378759463805103
2023-02-10,600033.SH,0.009755708973702997
2023-02-13,600033.SH,0.012063669800318701
2023-02-14,600033.SH,0.004538715564586773
2023-02-15,600033.SH,0.0289086781756283
2023-02-16,600033.SH,-0.0196035420992256
2023-02-17,600033.SH,0.008879601506451767
2023-02-20,600033.SH,0.00569929610004105
2023-02-21,600033.SH,-0.003124094396756862
2023-02-22,600033.SH,-0.0011629751067718823
2023-02-23,600033.SH,-0.00902205548473741
2023-02-24,600033.SH,0.0023019825556868045
2023-02-27,600033.SH,0.017947366893289043
2023-02-28,600033.SH,-0.0036172616460601534
2023-03-01,600033.SH,0.006676892689626578
2023-03-02,600033.SH,-0.03206707847180796
2023-03-03,600033.SH,0.016292106748302934
2023-03-06,600033.SH,-0.011399102387834878
2023-03-07,600033.SH,-0.010908451587169991
2023-03-08,600033.SH,-0.0008407461989365095
2023-03-09,600033.SH,0.001296782912565208
2023-03-10,600033.SH,0.008231014530109732
2023-03-13,600033.SH,0.002049200472974638
2023-03-14,600033.SH,-0.0033085692670091218
2023-03-15,600033.SH,0.01924890444994056
2023-03-16,600033.SH,0.02381557967993741
2023-03-17,600033.SH,0.014829621394525485
2023-03-20,600033.SH,0.008853414219268036
2023-03-21,600033.SH,-0.0032417337875937507
2023-03-22,600033.SH,-0.004532736930896435
2023-03-23,600033.SH,0.012181495519061693
2023-03-24,600033.SH,-0.016022007921346625
2023-03-27,600033.SH,0.0020015020338501185
2023-03-28,600033.SH,0.007020311123289491
2023-03-29,600033.SH,0.020272904298739645
2023-03-30,600033.SH,0.006681054605002659
2023-03-31,600033.SH,0.0026135974533871512
2023-04-03,600033.SH,0.0028902776969325777
2023-04-04,600033.SH,-0.026989633390284644
2023-04-05,600033.SH,0.00021639871516166244
2023-04-06,600033.SH,-0.006822026428044339
2023-04-07,600033.SH,-0.006853342949307962
2023-04-10,600033.SH,0.014506939690045819
2023-04-11,600033.SH,0.009269282878019959
2023-04-12,600033.SH,-0.0030228229995587323
2023-04-13,600033.SH,-0.02012504185449249
2023-04-14,600033.SH,-0.0022703865121168594
2023-04-17,600033.SH,-0.005634051412386343
2023-04-18,600033.SH,0.010417995493887347
2023-04-19,600033.SH,-0.00022318172997702309
2023-04-20,600033.SH,0.014750898293334667
2023-04-21,600033.SH,0.013651610897033754
2023-04-24,600033.SH,-0.020296593052510397
2023-04-25,600033.SH,0.01391901130711548
2023-04-26,600033.SH,0.012598006900169588
2023-04-27,600033.SH,0.017114969623593452
2023-04-28,600033.SH,0.017513999143064975
2023-05-01,600033.SH,0.007095466282137416
2023-05-02,600033.SH,-0.010881658529172257
2023-05-03,600033.SH,0.025968026444136236
2023-05-04,600033.SH,-0.004969760309047211
2023-05-05,600033.SH,0.025211465714695257
2023-05-08,600033.SH,-0.0002535246438118443
2023-05-09,600033.SH,0.015217418916384859
2023-05-10,600033.SH,0.009702192344469271
2023-05-11,600033.SH,-0.004363476917509037
2023-05-12,600033.SH,0.006914509629758114
2023-05-15,600033.SH,-0.01954950272121453
2023-05-16,600033.SH,9.187737309800082e-05
2023-05-17,600033.SH,-0.005997336020347056
2023-05-18,600033.SH,-0.009084438997582404
2023-05-19,600033.SH,0.028056204134123772
2022-01-03,600034.SH,0.019615771706007437
2022-01-04,600034.SH,-0.02271434821693029
2022-01-05,600034.SH,0.011560992582445709
2022-01-06,600034.SH,0.015513828601722096
2022-01-07,600034.SH,-0.01898725237627659
2022-01-10,600034.SH,-0.00863436002331305
2022-01-11,600034.SH,0.003782545299488265
2022-01-12,600034.SH,-0.015996054467367262
2022-01-13,600034.SH,-0.010447702800895792
2022-01-14,600034.SH,-0.005101384236178737
2022-01-17,600034.SH,0.008029209078720298
2022-01-18,600034.SH,-0.0008632916707411037
2022-01-19,600034.SH,-0.0074155158180487174
2022-01-20,600034.SH,0.008120137159032204
2022-01-21,600034.SH,0.012601584267849094
2022-01-24,600034.SH,-0.0076391974125346075
2022-01-25,600034.SH,0.01917731457901648
2022-01-26,600034.SH,-0.014629266283257602
2022-01-27,600034.SH,0.00895870042500644
2022-01-28,600034.SH,-0.003942361578930083
2022-01-31,600034.SH,0.004400710555769017
2022-02-01,600034.SH,-0.013263315177483494
2022-02-02,600034.SH,0.029054308249329794
2022-02-03,600034.SH,-0.01814235988731048
2022-02-04,600034.SH,0.013728179819497602
2022-02-07,600034.SH,-0.0019171837128175088
2022-02-08,600034.SH,0.00978271930189592
2022-02-09,600034.SH,0.016268801545832205
2022-02-10,600034.SH,0.011878475844428601
2022-02-11,600034.SH,-0.003853700853867552
2022-02-14,600034.SH,0.02313407635958971
2022-02-15,600034.SH,0.01542341959526924
2022-02-16,600034.SH,-0.012970858954180525
2022-02-17,600034.SH,0.014674103285956756
2022-02-18,600034.SH,0.008784860240289606
2022-02-21,600034.SH,0.0046995006225645595
2022-02-22,600034.SH,-0.009844473507321544
2022-02-23,600034.SH,-0.008954122559782972
2022-02-24,600034.SH,-0.026148633036234867
2022-02-25,600034.SH,0.0010522976120097343
2022-02-28,600034.SH,0.003316760931071421
2022-03-01,600034.SH,-0.006398902344682636
2022-03-02,600034.SH,0.002154374290734044
2022-03-03,600034.SH,-0.000330372293360114
2022-03-04,600034.SH,-0.005424458973018452
2022-03-07,600034.SH,-0.0015038305768533316
2022-03-08,600034.SH,0.010522504956743988
2022-03-09,600034.SH,0.0025209764948674004
2022-03-10,600034.SH,-0.0015784423763006185
2022-03-11,600034.SH,0.0017971672963155725
2022-03-14,600034.SH,0.0018061956138572992
2022-03-15,600034.SH,-0.006344336424779802
2022-03-16,600034.SH,-0.014542293493917937
2022-03-17,600034.SH,0.0032360129733504696
2022-03-18,600034.SH,0.001958401364622718
2022-03-21,600034.SH,-0.007410666109980674
2022-03-22,600034.SH,0.004566589938046296
2022-03-23,600034.SH,0.002159975520028952
2022-03-24,600034.SH,-0.016416527307479205
2022-03-25,600034.SH,0.00523367720379504
2022-03-28,600034.SH,0.0015127031879449172
2022-03-29,600034.SH,-0.0010465639745041418
2022-03-30,600034.SH,-0.001451633575817676
2022-03-31,600034.SH,0.020131158662940695
2022-04-01,600034.SH,0.0028204282863074554
2022-04-04,600034.SH,0.028694110254459344
2022-04-05,600034.SH,-0.007902631814194958
2022-04-06,600034.SH,-0.013816101633829549
2022-04-07,600034.SH,0.005200187301538476
2022-04-08,600034.SH,-0.00402127720742309
2022-04-11,600034.SH,-0.018282690350196203
2022-04-12,600034.SH,0.016953443069556526
2022-04-13,600034.SH,-0.004169352609960392
2022-04-14,600034.SH,0.008619781689145949
2022-04-15,600034.SH,-0.003479386782804691
2022-04-18,600034.SH,-0.0002528110149091524
2022-04-19,600034.SH,0.006837562386484731
2022-04-20,600034.SH,-0.015490100197283897
2022-04-21,600034.SH,-0.0064239215761649916
2022-04-22,600034.SH,-0.004947857373837453
2022-04-25,600034.SH,0.01716467495680241
2022-04-26,600034.SH,-0.009040577258227949
2022-04-27,600034.SH,0.00125708480022139
2022-04-28,600034.SH,-0.002776616358105717
2022-04-29,600034.SH,0.0033958669646557676
2022-05-02,600034.SH,-0.011951450335844556
2022-05-03,600034.SH,0.003604413315605979
2022-05-04,600034.SH,-0.001889036347604473
2022-05-05,600034.SH,0.013094815210441351
2022-05-06,600034.SH,-0.0046205716527636005
2022-05-09,600034.SH,0.0055670115704106755
2022-05-10,600034.SH,-0.0018129509852022286
2022-05-11,600034.SH,-0.013410741209557358
2022-05-12,600034.SH,-0.01344187581672083
2022-05-13,600034.SH,-0.019302789090295664
2022-05-16,600034.SH,-0.010277588489434704
2022-05-17,600034.SH,-0.018150719141880146
2022-05-18,600034.SH,-0.011278710251090033
2022-05-19,600034.SH,-0.015659779731048214
2022-05-20,600034.SH,-0.010950331647717786
2022-05-23,600034.SH,0.00721056603393495
2022-05-24,600034.SH,0.017445629641989355
2022-05-25,600034.SH,-0.003719331138762843
2022-05-26,600034.SH,0.008336651797878325
2022-05-27,600034.SH,-0.01575154539602059
2022-05-30,600034.SH,0.014600886369972964
2022-05-31,600034.SH,0.013077448625854401
2022-06-01,600034.SH,-0.0010640283001447622
2022-06-02,600034.SH,0.03262932346027409
2022-06-03,600034.SH,-0.02062038710089221
2022-06-06,600034.SH,-0.00903540325232267
2022-06-07,600034.SH,-0.005194352722282958
2022-06-08,600034.SH,-0.006948102296324263
2022-06-09,600034.SH,0.011552202676921999
2022-06-10,600034.SH,-0.0022345552123486383
2022-06-13,600034.SH,-0.012832499800550633
2022-06-14,600034.SH,-0.007123178904936736
2022-06-15,600034.SH,0.011575038284620346
2022-06-16,600034.SH,0.022787248613657683
2022-06-17,600034.SH,-0.006769626883320298
2022-06-20,600034.SH,-0.026945821101746474
2022-06-21,600034.SH,-0.00985173036744232
2022-06-22,600034.SH,0.018972411846769552
2022-06-23,600034.SH,0.0177615794474182
2022-06-24,600034.SH,0.00733550372289968
2022-06-27,600034.SH,0.021543300204706656
2022-06-28,600034.SH,0.03128968585787166
2022-06-29,600034.SH,-0.009869500454195794
2022-06-30,600034.SH,-0.005293729867314649
2022-07-01,600034.SH,-0.013233074352364968
2022-07-04,600034.SH,-0.005964511300097494
2022-07-05,600034.SH,-0.02587673893845168
2022-07-06,600034.SH,-0.009822656187325364
2022-07-07,600034.SH,-0.019004370265849203
2022-07-08,600034.SH,-0.0009230802868268172
2022-07-11,600034.SH,-0.023738654878785966
2022-07-12,600034.SH,0.02200773376666311
2022-07-13,600034.SH,-0.0005987663688390033
2022-07-14,600034.SH,0.03334734620135966
2022-07-15,600034.SH,0.01966035629940389
2022-07-18,600034.SH,-0.0123465922429968
2022-07-19,600034.SH,0.004921484020399781
2022-07-20,600034.SH,-0.003037713969518222
2022-07-21,600034.SH,-0.006918818303919421
2022-07-22,600034.SH,-0.009820051428457113
2022-07-25,600034.SH,-0.012380817447047275
2022-07-26,600034.SH,-0.006102041337055655
2022-07-27,600034.SH,-4.8035616922534633e-05
2022-07-28,600034.SH,0.0050140112551468625
2022-07-29,600034.SH,-0.016932525414345773
2022-08-01,600034.SH,-0.007077871847209729
2022-08-02,600034.SH,-0.0012500423870660735
2022-08-03,600034.SH,-0.015486458983594017
2022-08-04,600034.SH,-0.0071648695482037054
2022-08-05,600034.SH,-0.009738025856854212
2022-08-08,600034.SH,0.008042925616662899
2022-08-09,600034.SH,0.015131677237602689
2022-08-10,600034.SH,-0.003535856479836617
2022-08-11,600034.SH,0.0032138661785390795
2022-08-12,600034.SH,-0.009008997922300952
2022-08-15,600034.SH,-0.005272827466644954
2022-08-16,600034.SH,-0.013125371326432204
2022-08-17,600034.SH,0.013509984199002146
2022-08-18,600034.SH,-0.0066282952355146635
2022-08-19,600034.SH,0.001501243983798797
2022-08-22,600034.SH,-0.003909096384330718
2022-08-23,600034.SH,0.012026974264224662
2022-08-24,600034.SH,0.024806673965046114
2022-08-25,600034.SH,0.0015287971123589905
2022-08-26,600034.SH,-0.019448526764271848
2022-08-29,600034.SH,0.006391889244951677
2022-08-30,600034.SH,0.0015298711954947202
2022-08-31,600034.SH,0.0164793857866423
2022-09-01,600034.SH,0.004904398414915094
2022-09-02,600034.SH,-0.015276174431672618
2022-09-05,600034.SH,0.00859973118048871
2022-09-06,600034.SH,0.006693178573804602
2022-09-07,600034.SH,0.0013068411727344444
2022-09-08,600034.SH,0.005810741534660479
2022-09-09,600034.SH,0.013416611177285445
2022-09-12,600034.SH,0.019400072222517
2022-09-13,600034.SH,0.0025049563300391293
2022-09-14,600034.SH,0.021546821154142266
2022-09-15,600034.SH,0.005200105615208218
2022-09-16,600034.SH,-0.012641954809300068
2022-09-19,600034.SH,-0.0018609450161253104
2022-09-20,600034.SH,0.01620595279899868
2022-09-21,600034.SH,-0.010562281452232047
2022-09-22,600034.SH,-0.0093546986134244
2022-09-23,600034.SH,0.007782184658606629
2022-09-26,600034.SH,0.009262300973274476
2022-09-27,600034.SH,-0.009307112315753754
2022-09-28,600034.SH,0.0016460095642129862
2022-09-29,600034.SH,0.01071775516256661
2022-09-30,600034.SH,-0.004506311678313891
2022-10-03,600034.SH,-0.0037634322984717787
2022-10-04,600034.SH,0.0008878270211833926
2022-10-05,600034.SH,-0.01774414723590459
2022-10-06,600034.SH,-0.015498970893754146
2022-10-07,600034.SH,0.028958972728754563
2022-10-10,600034.SH,0.017482330834624568
2022-10-11,600034.SH,0.024661680559421875
2022-10-12,600034.SH,-0.006021388814654988
2022-10-13,600034.SH,0.005246607683846065
2022-10-14,600034.SH,-0.024555004732079888
2022-10-17,600034.SH,-0.013510568167099852
2022-10-18,600034.SH,-0.012633577366099977
2022-10-19,600034.SH,0.0035113451509067636
2022-10-20,600034.SH,0.0013822347338096905
2022-10-21,600034.SH,-0.012373467541826711
2022-10-24,600034.SH,0.004179059837273352
2022-10-25,600034.SH,-0.003119910022550702
2022-10-26,600034.SH,-0.005464662011118034
2022-10-27,600034.SH,-0.0030774930183413247
2022-10-28,600034.SH,0.001397089715752432
2022-10-31,600034.SH,0.011931368120878142
2022-11-01,600034.SH,0.006846377772934267
2022-11-02,600034.SH,0.004162213121716849
2022-11-03,600034.SH,-0.006745791309187357
2022-11-04,600034.SH,-0.016904039408571877
2022-11-07,600034.SH,0.010595763529933282
2022-11-08,600034.SH,0.0007924869132674831
2022-11-09,600034.SH,0.009575183013501605
2022-11-10,600034.SH,-0.0224779285194064
2022-11-11,600034.SH,0.0034536506942655656
2022-11-14,600034.SH,0.00967213877494519
2022-11-15,600034.SH,0.0017724546120579075
2022-11-16,600034.SH,0.012308945888891174
2022-11-17,600034.SH,0.009636155200113175
2022-11-18,600034.SH,0.0032203432851803226
2022-11-21,600034.SH,-0.030412107505318905
2022-11-22,600034.SH,0.001857738512408215
2022-11-23,600034.SH,-0.004952527913560564
2022-11-24,600034.SH,0.016559898268033463
2022-11-25,600034.SH,-0.012733488367956607
2022-11-28,600034.SH,-0.0057634959646620226
2022-11-29,600034.SH,-0.02255373992353873
2022-11-30,600034.SH,-0.0012697501369742055
2022-12-01,600034.SH,-0.014172117033986624
2022-12-02,600034.SH,-0.006470897834473369
2022-12-05,600034.SH,-0.01877093630844748
2022-12-06,600034.SH,0.004152495520119459
2022-12-07,600034.SH,-0.0123089750444138
2022-12-08,600034.SH,-0.027901683704169438
2022-12-09,600034.SH,0.026963143498245655
2022-12-12,600034.SH,-0.012062260246737212
2022-12-13,600034.SH,-0.007156660665278019
2022-12-14,600034.SH,0.02234092494686237
2022-12-15,600034.SH,0.026522959777523093
2022-12-16,600034.SH,0.0022794985540062606
2022-12-19,600034.SH,-0.005878946876358354
2022-12-20,600034.SH,0.01307673826979447
2022-12-21,600034.SH,0.015058827333317948
2022-12-22,600034.SH,-0.002818522382358986
2022-12-23,600034.SH,0.0020740689604421647
2022-12-26,600034.SH,0.018626003861589212
2022-12-27,600034.SH,0.010692252331325884
2022-12-28,600034.SH,-0.007438703372939257
2022-12-29,600034.SH,-0.007483254156126808
2022-12-30,600034.SH,-0.01149670794290818
2023-01-02,600034.SH,-0.009506404362589795
2023-01-03,600034.SH,-0.012653021933335113
2023-01-04,600034.SH,-0.019423165575970368
2023-01-05,600034.SH,-0.01993524532883923
2023-01-06,600034.SH,0.023626371791476357
2023-01-09,600034.SH,0.0015367240462608569
2023-01-10,600034.SH,0.020278037619559177
2023-01-11,600034.SH,0.006845597278749425
2023-01-12,600034.SH,-7.23374357381107e-05
2023-01-13,600034.SH,-0.015005376023481024
2023-01-16,600034.SH,-0.005725775312582291
2023-01-17,600034.SH,0.02145379176306876
2023-01-18,600034.SH,0.014798074652859473
2023-01-19,600034.SH,0.01948773299842055
2023-01-20,600034.SH,0.0011001555607517803
2023-01-23,600034.SH,-0.0064848810320395165
2023-01-24,600034.SH,-0.014630376111482744
2023-01-25,600034.SH,0.00388225749775966
2023-01-26,600034.SH,0.02584634798579851
2023-01-27,600034.SH,0.004060922150852964
2023-01-30,600034.SH,0.000810342871901351
2023-01-31,600034.SH,0.0015304170708162965
2023-02-01,600034.SH,-0.0023662275561841025
2023-02-02,600034.SH,0.004153595981718563
2023-02-03,600034.SH,-0.0042537854798545185
2023-02-06,600034.SH,-0.012400204531363587
2023-02-07,600034.SH,-0.004249404579060917
2023-02-08,600034.SH,-0.006717641405026081
2023-02-09,600034.SH,0.011829899073452417
2023-02-10,600034.SH,0.01831576662604319
2023-02-13,600034.SH,-0.0008678937232894741
2023-02-14,600034.SH,-0.0014616857736081254
2023-02-15,600034.SH,0.0057735250340122946
2023-02-16,600034.SH,-0.02051580439294709
2023-02-17,600034.SH,-0.007397019630445371
2023-02-20,600034.SH,0.0004417969474273685
2023-02-21,600034.SH,0.006500280147536029
2023-02-22,600034.SH,-0.0070284460784740006
2023-02-23,600034.SH,-0.015949654885969635
2023-02-24,600034.SH,0.0007694190189898294
2023-02-27,600034.SH,0.01064316736605209
2023-02-28,600034.SH,-0.01668537000949121
2023-03-01,600034.SH,0.014532590138953565
2023-03-02,600034.SH,-0.020335562074747578
2023-03-03,600034.SH,0.015252203823381856
2023-03-06,600034.SH,-0.007067893453601621
2023-03-07,600034.SH,0.0034245263810181352
2023-03-08,600034.SH,0.017651134589080422
2023-03-09,600034.SH,-0.0024193496644040555
2023-03-10,600034.SH,0.0047149072814871365
2023-03-13,600034.SH,-0.0009033977347167217
2023-03-14,600034.SH,0.0010420131331507253
2023-03-15,600034.SH,0.020943523124852627
2023-03-16,600034.SH,-0.002325674982301851
2023-03-17,600034.SH,0.012703221816159519
2023-03-20,600034.SH,-0.026051779816889657
2023-03-21,600034.SH,-0.0033233054928788574
2023-03-22,600034.SH,0.006091983089713409
2023-03-23,600034.SH,0.0062069585864294695
2023-03-24,600034.SH,-0.01771786534658059
2023-03-27,600034.SH,-0.00030962948203468003
2023-03-28,600034.SH,-0.031805434090723415
2023-03-29,600034.SH,-0.0007480429563806526
2023-03-30,600034.SH,0.0165793656349759
2023-03-31,600034.SH,0.008739141592212098
2023-04-03,600034.SH,0.0012007539090969034
2023-04-04,600034.SH,-0.035894443915590005
2023-04-05,600034.SH,-0.01684400331431123
2023-04-06,600034.SH,0.002524434245239
2023-04-07,600034.SH,0.002026702067685413
2023-04-10,600034.SH,-0.0008845628481805399
2023-04-11,600034.SH,-0.0012054534285506338
2023-04-12,600034.SH,-0.005883166858617802
2023-04-13,600034.SH,-0.020071016253090754
2023-04-14,600034.SH,-0.019779182092125924
2023-04-17,600034.SH,-0.01132458506944338
2023-04-18,600034.SH,0.00035696340255975904
2023-04-19,600034.SH,0.008414648969709492
2023-04-20,600034.SH,0.017994870144275033
2023-04-21,600034.SH,-0.010665480840002718
2023-04-24,600034.SH,-0.01775129697051541
2023-04-25,600034.SH,-0.0002495798100491378
2023-04-26,600034.SH,-0.0002959382691113014
2023-04-27,600034.SH,0.0011933059466401716
2023-04-28,600034.SH,0.0063251956471345
2023-05-01,600034.SH,-0.046683810756593995
2023-05-02,600034.SH,0.006889462804177892
2023-05-03,600034.SH,0.008027152237097726
2023-05-04,600034.SH,-0.027495653070996613
2023-05-05,600034.SH,0.016538908914355624
2023-05-08,600034.SH,-0.0015261951684094328
2023-05-09,600034.SH,0.0025829487225699317
2023-05-10,600034.SH,-0.012251695307064684
2023-05-11,600034.SH,0.011879414246252332
2023-05-12,600034.SH,0.0005495367327503185
2023-05-15,600034.SH,-0.009105322699808654
2023-05-16,600034.SH,0.013192655247649523
2023-05-17,600034.SH,0.0003739318165865569
2023-05-18,600034.SH,-0.008381626017837132
2023-05-19,600034.SH,0.005744411760843829
2022-01-03,600035.SH,-0.0042381303704263126
2022-01-04,600035.SH,-0.01300140457639282
2022-01-05,600035.SH,0.009060762263680014
2022-01-06,600035.SH,-0.007889258293507947
2022-01-07,600035.SH,-0.013397291041548546
2022-01-10,600035.SH,-0.017974550646712217
2022-01-11,600035.SH,0.009577449149889767
2022-01-12,600035.SH,0.0029366925297504318
2022-01-13,600035.SH,0.00401107430971599
2022-01-14,600035.SH,-0.02289393790613421
2022-01-17,600035.SH,0.006001229847164431
2022-01-18,600035.SH,-0.005550330120711188
2022-01-19,600035.SH,0.00015960655071946603
2022-01-20,600035.SH,-0.014134867113153126
2022-01-21,600035.SH,-0.011668247945736062
2022-01-24,600035.SH,0.00501599638533597
2022-01-25,600035.SH,0.006640538032725596
2022-01-26,600035.SH,-0.011209219281428661
2022-01-27,600035.SH,-0.0020598308164040454
2022-01-28,600035.SH,-0.011241946463760954
2022-01-31,600035.SH,0.0005226586425231732
2022-02-01,600035.SH,-0.00888375945115499
2022-02-02,600035.SH,0.025246802542565006
2022-02-03,600035.SH,-0.003083873056653917
2022-02-04,600035.SH,-0.0028394176548595224
2022-02-07,600035.SH,-0.016702103084459546
2022-02-08,600035.SH,0.0006514812326553934
2022-02-09,600035.SH,0.004693466565592487
2022-02-10,600035.SH,-0.0004259962193639607
2022-02-11,600035.SH,-0.001409717311679261
2022-02-14,600035.SH,0.02040227706311692
2022-02-15,600035.SH,0.011896912684532971
2022-02-16,600035.SH,-0.0026482481294940255
2022-02-17,600035.SH,0.0049316810087483565
2022-02-18,600035.SH,0.011143859155791788
2022-02-21,600035.SH,0.01987531208844564
2022-02-22,600035.SH,-0.007008778894705378
2022-02-23,600035.SH,-0.008790526765544242
2022-02-24,600035.SH,-0.008623585433176564
2022-02-25,600035.SH,0.010667514668237368
2022-02-28,600035.SH,0.01387016159174618
2022-03-01,600035.SH,0.005595796057560472
2022-03-02,600035.SH,0.003442988115449087
2022-03-03,600035.SH,-0.0037760241852799704
2022-03-04,600035.SH,0.009787262002117075
2022-03-07,600035.SH,0.01190760319569078
2022-03-08,600035.SH,0.013746393682832155
2022-03-09,600035.SH,0.003130462225009588
2022-03-10,600035.SH,0.012564541828624824
2022-03-11,600035.SH,-0.008399412096473765
2022-03-14,600035.SH,0.004296577833121958
2022-03-15,600035.SH,0.008055410574959548
2022-03-16,600035.SH,-0.024952403190360184
2022-03-17,600035.SH,0.002188472798536797
2022-03-18,600035.SH,-0.01625116849116052
2022-03-21,600035.SH,-0.009390205765041047
2022-03-22,600035.SH,-0.0018035284170504855
2022-03-23,600035.SH,0.004652166643547102
2022-03-24,600035.SH,-0.006101108539342765
2022-03-25,600035.SH,0.008411796741094046
2022-03-28,600035.SH,-0.021664774566514847
2022-03-29,600035.SH,0.0030006643483571098
2022-03-30,600035.SH,-0.006339540512222273
2022-03-31,600035.SH,0.02756952239822117
2022-04-01,600035.SH,0.004595024405036793
2022-04-04,600035.SH,-0.005366163568300923
2022-04-05,600035.SH,-0.01263321824012522
2022-04-06,600035.SH,0.007776990305666476
2022-04-07,600035.SH,0.0027722905528726914
2022-04-08,600035.SH,-0.015168072677352602
2022-04-11,600035.SH,-0.0016683631154257063
2022-04-12,600035.SH,-0.013222036589808674
2022-04-13,600035.SH,-0.0008214231768193794
2022-04-14,600035.SH,0.013332946208991383
2022-04-15,600035.SH,0.003884041276649968
2022-04-18,600035.SH,0.02948295678939548
2022-04-19,600035.SH,-0.02066544610002451
2022-04-20,600035.SH,-0.006911183224104371
2022-04-21,600035.SH,0.0024452231056991207
2022-04-22,600035.SH,0.020136962968319308
2022-04-25,600035.SH,0.021634226601481413
2022-04-26,600035.SH,0.007591501145405952
2022-04-27,600035.SH,-0.010845670179979677
2022-04-28,600035.SH,-0.00982905054969093
2022-04-29,600035.SH,-0.017852317516116857
2022-05-02,600035.SH,-0.0039384890341229726
2022-05-03,600035.SH,0.011171827351137953
2022-05-04,600035.SH,-0.002337718284136938
2022-05-05,600035.SH,0.0027309916248078477
2022-05-06,600035.SH,0.011316117277473867
2022-05-09,600035.SH,-0.011312198868557458
2022-05-10,600035.SH,-0.00026142566338399804
2022-05-11,600035.SH,-0.01435510378308244
2022-05-12,600035.SH,-0.003581894892834377
2022-05-13,600035.SH,-0.019362882411256364
2022-05-16,600035.SH,-0.017956707239697268
2022-05-17,600035.SH,-0.00832577883177157
2022-05-18,600035.SH,-0.00576584059688674
2022-05-19,600035.SH,0.000999987921447642
2022-05-20,600035.SH,-0.0035369890129689236
2022-05-23,600035.SH,-0.011711445840850609
2022-05-24,600035.SH,0.0172096850726828
2022-05-25,600035.SH,-0.004912101990067466
2022-05-26,600035.SH,0.0010634889263577219
2022-05-27,600035.SH,-0.01541652955710883
2022-05-30,600035.SH,-0.004057475067607857
2022-05-31,600035.SH,0.011106216129174576
2022-06-01,600035.SH,-0.0033454023082303964
2022-06-02,600035.SH,-0.004721570261775227
2022-06-03,600035.SH,-0.004630372717688326
2022-06-06,600035.SH,-0.0012438952095506829
2022-06-07,600035.SH,0.004739474862182928
2022-06-08,600035.SH,-0.010809805149840136
2022-06-09,600035.SH,0.0012392703263240604
2022-06-10,600035.SH,-0.005330561504748684
2022-06-13,600035.SH,0.009742638113264944
2022-06-14,600035.SH,-0.008631196154450233
2022-06-15,600035.SH,-0.0027542466929672536
2022-06-16,600035.SH,0.026814188989635137
2022-06-17,600035.SH,-0.0002331027719708063
2022-06-20,600035.SH,0.014526679477081408
2022-06-21,600035.SH,-0.0012571994127296426
2022-06-22,600035.SH,0.004330402001380859
2022-06-23,600035.SH,0.02992499332241167
2022-06-24,600035.SH,-0.008458342200106054
2022-06-27,600035.SH,-0.013522531858619301
2022-06-28,600035.SH,0.003751341357662412
2022-06-29,600035.SH,-0.0013763775398495503
2022-06-30,600035.SH,-0.021216524095317373
2022-07-01,600035.SH,-0.0014421169656240011
2022-07-04,600035.SH,0.0021485885196427905
2022-07-05,600035.SH,0.0091304131515691
2022-07-06,600035.SH,0.01553605682963896
2022-07-07,600035.SH,0.0018627207981875718
2022-07-08,600035.SH,0.0018248789955083375
2022-07-11,600035.SH,-0.002735593238511665
2022-07-12,600035.SH,-0.0020925897666704595
2022-07-13,600035.SH,-0.004741045227333567
2022-07-14,600035.SH,0.010280191096603487
2022-07-15,600035.SH,0.02291016098258746
2022-07-18,600035.SH,0.0050654595197040094
2022-07-19,600035.SH,-0.0292682609411225
2022-07-20,600035.SH,-0.019251973595090417
2022-07-21,600035.SH,0.0024275093942451344
2022-07-22,600035.SH,-0.0010281543136842035
2022-07-25,600035.SH,0.012945150743626021
2022-07-26,600035.SH,-0.0030402390380257676
2022-07-27,600035.SH,-0.010221955853808263
2022-07-28,600035.SH,-0.009652951989713575
2022-07-29,600035.SH,0.008126498120686575
2022-08-01,600035.SH,-0.00995995229108364
2022-08-02,600035.SH,0.00038313974900697906
2022-08-03,600035.SH,0.0005767379639908306
2022-08-04,600035.SH,-0.019331210932378388
2022-08-05,600035.SH,0.005108665181043063
2022-08-08,600035.SH,0.027069663412032506
2022-08-09,600035.SH,0.011232589424585906
2022-08-10,600035.SH,-0.013101878280920095
2022-08-11,600035.SH,-0.012530885236250261
2022-08-12,600035.SH,-0.02228135518884043
2022-08-15,600035.SH,-0.002486206546388466
2022-08-16,600035.SH,-0.0016685422814310515
2022-08-17,600035.SH,-0.009951160919924935
2022-08-18,600035.SH,-0.009579409647073506
2022-08-19,600035.SH,0.014715111933301828
2022-08-22,600035.SH,-0.005743657512454989
2022-08-23,600035.SH,0.008915253297992566
2022-08-24,600035.SH,-0.0005703291383402013
2022-08-25,600035.SH,-0.011842512592011509
2022-08-26,600035.SH,-0.0004966584479883115
2022-08-29,600035.SH,-0.004717367051083879
2022-08-30,600035.SH,0.0097211228151862
2022-08-31,600035.SH,0.0033251314002283785
2022-09-01,600035.SH,-0.008946231918505574
2022-09-02,600035.SH,0.0007255830512913602
2022-09-05,600035.SH,-0.002368543339580753
2022-09-06,600035.SH,-0.0018075156475138542
2022-09-07,600035.SH,0.006050469602769563
2022-09-08,600035.SH,0.0003146889350134868
2022-09-09,600035.SH,0.007255924273618977
2022-09-12,600035.SH,-0.002196499549174679
2022-09-13,600035.SH,0.0196630208970213
2022-09-14,600035.SH,0.0038176062899665172
2022-09-15,600035.SH,0.00597034077048785
2022-09-16,600035.SH,-0.005924479951953547
2022-09-19,600035.SH,0.023057582040290424
2022-09-20,600035.SH,-0.009551822322863314
2022-09-21,600035.SH,0.012817895994156695
2022-09-22,600035.SH,-0.01707732299295863
2022-09-23,600035.SH,0.030412475603906107
2022-09-26,600035.SH,0.011944587915539217
2022-09-27,600035.SH,0.014371313381942273
2022-09-28,600035.SH,-0.010414183637353063
2022-09-29,600035.SH,0.011879918123404616
2022-09-30,600035.SH,-0.0008088721546422387
2022-10-03,600035.SH,-0.000537044784688385
2022-10-04,600035.SH,0.016154232694091192
2022-10-05,600035.SH,-0.008031562130892364
2022-10-06,600035.SH,0.0008071087947375392
2022-10-07,600035.SH,0.011176342571784613
2022-10-10,600035.SH,-0.004351958626798046
2022-10-11,600035.SH,0.016985265501693755
2022-10-12,600035.SH,-0.0014669231425635384
2022-10-13,600035.SH,0.007210251412040916
2022-10-14,600035.SH,-0.015555874644103695
2022-10-17,600035.SH,-0.008272578723290585
2022-10-18,600035.SH,-0.009352774083567446
2022-10-19,600035.SH,-0.008301181962621966
2022-10-20,600035.SH,-0.008052458922551294
2022-10-21,600035.SH,0.013054371972335894
2022-10-24,600035.SH,0.017426775907011714
2022-10-25,600035.SH,-0.007711336756981546
2022-10-26,600035.SH,-0.007386409886439684
2022-10-27,600035.SH,-0.01211358638564816
2022-10-28,600035.SH,0.017116725597908417
2022-10-31,600035.SH,-0.0020767917582851098
2022-11-01,600035.SH,0.005443519677536647
2022-11-02,600035.SH,0.014308672003028744
2022-11-03,600035.SH,-0.0043492819488322645
2022-11-04,600035.SH,-0.01558957853913922
2022-11-07,600035.SH,0.018360163074891134
2022-11-08,600035.SH,-0.0035250756928705113
2022-11-09,600035.SH,-0.005682341823348103
2022-11-10,600035.SH,0.004602099353942372
2022-11-11,600035.SH,0.0006326583182967063
2022-11-14,600035.SH,-0.00341218437036488
2022-11-15,600035.SH,0.021209372738943418
2022-11-16,600035.SH,0.021694315943202508
2022-11-17,600035.SH,-0.010272143865046358
2022-11-18,600035.SH,0.006720746059365744
2022-11-21,600035.SH,-0.024419003758261615
2022-11-22,600035.SH,0.006987380209456246
2022-11-23,600035.SH,0.0024353166310005165
2022-11-24,600035.SH,0.009166705449588584
2022-11-25,600035.SH,-0.012762813946597396
2022-11-28,600035.SH,-0.01751167282567651
2022-11-29,600035.SH,-0.03384503159606315
2022-11-30,600035.SH,-0.008929094053857124
2022-12-01,600035.SH,-0.0026225830888529818
2022-12-02,600035.SH,-0.013848299641975209
2022-12-05,600035.SH,-0.0224993680825838
2022-12-06,600035.SH,-0.00984475354239832
2022-12-07,600035.SH,-0.017910160305896202
2022-12-08,600035.SH,-0.015191374189751455
2022-12-09,600035.SH,0.01574504781379874
2022-12-12,600035.SH,2.6682810326536868e-05
2022-12-13,600035.SH,0.0037182597532777733
2022-12-14,600035.SH,0.03474993328046373
2022-12-15,600035.SH,0.006991464186937569
2022-12-16,600035.SH,-0.017931372233966084
2022-12-19,600035.SH,0.004038859916293297
2022-12-20,600035.SH,-0.0018078677477261751
2022-12-21,600035.SH,0.02243744585373706
2022-12-22,600035.SH,-0.00582372232627763
2022-12-23,600035.SH,0.013829819332831114
2022-12-26,600035.SH,0.016645861747820814
2022-12-27,600035.SH,0.014088294861322766
2022-12-28,600035.SH,-0.0071279646567777525
2022-12-29,600035.SH,-0.0020451921758110475
2022-12-30,600035.SH,-0.014051701042633414
2023-01-02,600035.SH,-0.01696431138829639
2023-01-03,600035.SH,0.012586592634883688
2023-01-04,600035.SH,0.00931123220544217
2023-01-05,600035.SH,-0.007892888991361506
2023-01-06,600035.SH,0.016818233254960843
2023-01-09,600035.SH,0.0017980500750870727
2023-01-10,600035.SH,-0.017137910063205027
2023-01-11,600035.SH,0.012887748796129774
2023-01-12,600035.SH,-0.012360359550537034
2023-01-13,600035.SH,-0.0019570795115085205
2023-01-16,600035.SH,-0.003711233860505177
2023-01-17,600035.SH,0.0063866075407740825
2023-01-18,600035.SH,0.007705717774730046
2023-01-19,600035.SH,0.02255386073411988
2023-01-20,600035.SH,0.018085764485422207
2023-01-23,600035.SH,-0.004820745400112908
2023-01-24,600035.SH,-0.0031620221048815674
2023-01-25,600035.SH,-0.023954791476368406
2023-01-26,600035.SH,0.025150520609239217
2023-01-27,600035.SH,-0.011923654437005129
2023-01-30,600035.SH,0.0003767488395694401
2023-01-31,600035.SH,-0.027145430286061374
2023-02-01,600035.SH,0.00011784499380892554
2023-02-02,600035.SH,0.0037696468600354137
2023-02-03,600035.SH,-0.014171026460475841
2023-02-06,600035.SH,0.007670264121856625
2023-02-07,600035.SH,0.00437874779448012
2023-02-08,600035.SH,-0.00420936290543598
2023-02-09,600035.SH,-0.003673188786168904
2023-02-10,600035.SH,0.01136909842603167
2023-02-13,600035.SH,0.00707288980718958
2023-02-14,600035.SH,-0.010167208843334361
2023-02-15,600035.SH,0.0049654186425492075
2023-02-16,600035.SH,-0.015785369340606665
2023-02-17,600035.SH,0.0016388637441929219
2023-02-20,600035.SH,-0.009091716043008052
2023-02-21,600035.SH,0.009859217810563032
2023-02-22,600035.SH,-0.011884058052434279
2023-02-23,600035.SH,-0.0010155065212652439
2023-02-24,600035.SH,0.007918455432209091
2023-02-27,600035.SH,0.002499557206856266
2023-02-28,600035.SH,-0.01756165825396322
2023-03-01,600035.SH,0.0014460179642992654
2023-03-02,600035.SH,-0.0010294345719598426
2023-03-03,600035.SH,-0.002530363746755683
2023-03-06,600035.SH,-0.019878077219449425
2023-03-07,600035.SH,-0.016618240841072773
2023-03-08,600035.SH,0.015890590101570283
2023-03-09,600035.SH,0.0075236105815432875
2023-03-10,600035.SH,0.014913868415329871
2023-03-13,600035.SH,0.012126613701426156
2023-03-14,600035.SH,-0.0026764980438137406
2023-03-15,600035.SH,0.015791399787093777
2023-03-16,600035.SH,0.028897000919749068
2023-03-17,600035.SH,0.018369576621847905
2023-03-20,600035.SH,-0.005256652137876039
2023-03-21,600035.SH,-0.004701350944138762
2023-03-22,600035.SH,-0.03418378456131788
2023-03-23,600035.SH,0.018603613006605804
2023-03-24,600035.SH,-0.0015603754471707962
2023-03-27,600035.SH,0.0008205230465763652
2023-03-28,600035.SH,-0.01584228528881255
2023-03-29,600035.SH,-0.0021826976841587027
2023-03-30,600035.SH,0.010450930534644309
2023-03-31,600035.SH,0.01367176192454927
2023-04-03,600035.SH,0.012762117705181972
2023-04-04,600035.SH,-0.011711890661544093
2023-04-05,600035.SH,0.009131962937979238
2023-04-06,600035.SH,-0.005680306136836058
2023-04-07,600035.SH,0.004141715062676612
2023-04-10,600035.SH,-0.0088070066430056
2023-04-11,600035.SH,-0.007243185217793031
2023-04-12,600035.SH,-0.009234960127506244
2023-04-13,600035.SH,0.0026859489174792285
2023-04-14,600035.SH,0.019067554003687485
2023-04-17,600035.SH,-0.011374839018917803
2023-04-18,600035.SH,-0.011484922858054449
2023-04-19,600035.SH,-0.017053609670168078
2023-04-20,600035.SH,0.01787813392958521
2023-04-21,600035.SH,-0.000631813974149251
2023-04-24,600035.SH,0.01125303062479675
2023-04-25,600035.SH,-0.004959105368103054
2023-04-26,600035.SH,0.021629019554467267
2023-04-27,600035.SH,0.010794796118856215
2023-04-28,600035.SH,0.002647033459995991
2023-05-01,600035.SH,-0.014184468328002079
2023-05-02,600035.SH,0.0029849778639758186
2023-05-03,600035.SH,0.0024747286571810065
2023-05-04,600035.SH,-0.004272928090108553
2023-05-05,600035.SH,0.01996716397791467
2023-05-08,600035.SH,0.008910237907546581
2023-05-09,600035.SH,0.006607938206272176
2023-05-10,600035.SH,-0.016316950185235622
2023-05-11,600035.SH,0.00574225576497735
2023-05-12,600035.SH,0.010308419085070736
2023-05-15,600035.SH,-0.016897484549280896
2023-05-16,600035.SH,0.0035675603015030057
2023-05-17,600035.SH,0.0011947332661523737
2023-05-18,600035.SH,-0.0198730228257646
2023-05-19,600035.SH,-0.004510293348840392
2022-01-03,600036.SH,-0.0006807268303075384
2022-01-04,600036.SH,0.010981072485010223
2022-01-05,600036.SH,0.008204793028225328
2022-01-06,600036.SH,0.0178849702442757
2022-01-07,600036.SH,-0.01678643455413718
2022-01-10,600036.SH,-0.02915660122324938
2022-01-11,600036.SH,0.007746141713554517
2022-01-12,600036.SH,-0.009111808034624072
2022-01-13,600036.SH,-0.0034904105599134166
2022-01-14,600036.SH,-0.017354063911743347
2022-01-17,600036.SH,0.007762862438116227
2022-01-18,600036.SH,0.01687411909965611
2022-01-19,600036.SH,0.009855626665235989
2022-01-20,600036.SH,0.024879824733595908
2022-01-21,600036.SH,0.02101966931755748
2022-01-24,600036.SH,-0.027333082005648143
2022-01-25,600036.SH,-0.008986199336631327
2022-01-26,600036.SH,-0.02575297658989752
2022-01-27,600036.SH,0.013346906514354082
2022-01-28,600036.SH,-0.00733022512588155
2022-01-31,600036.SH,-0.006370702226801381
2022-02-01,600036.SH,-0.007613410674506084
2022-02-02,600036.SH,0.013606037590299757
2022-02-03,600036.SH,-0.01608944633661498
2022-02-04,600036.SH,-0.01601525720364573
2022-02-07,600036.SH,-0.0028041063385947683
2022-02-08,600036.SH,0.016245932845971464
2022-02-09,600036.SH,0.0026695784824017797
2022-02-10,600036.SH,-0.0046147361710524165
2022-02-11,600036.SH,-0.018035518779313302
2022-02-14,600036.SH,0.026659936657566483
2022-02-15,600036.SH,-0.010610636624981726
2022-02-16,600036.SH,-0.015572310990089513
2022-02-17,600036.SH,-0.023663434090570833
2022-02-18,600036.SH,-0.00946317273081569
2022-02-21,600036.SH,-0.0005803638627713947
2022-02-22,600036.SH,-0.003300067023180511
2022-02-23,600036.SH,-0.018808668863306795
2022-02-24,600036.SH,-0.004738769350053544
2022-02-25,600036.SH,0.002740264903416585
2022-02-28,600036.SH,0.028165956261472808
2022-03-01,600036.SH,-0.012699197017485057
2022-03-02,600036.SH,-0.0037092833551857366
2022-03-03,600036.SH,0.0035973404749433287
2022-03-04,600036.SH,-0.009372087566105662
2022-03-07,600036.SH,0.00270203274830671
2022-03-08,600036.SH,0.014667373887652674
2022-03-09,600036.SH,0.0027536792157757833
2022-03-10,600036.SH,0.019275937352773536
2022-03-11,600036.SH,-0.021236243625042256
2022-03-14,600036.SH,-0.006109378938507332
2022-03-15,600036.SH,0.019800866279017768
2022-03-16,600036.SH,-0.002536983226206829
2022-03-17,600036.SH,0.0028477473818044685
2022-03-18,600036.SH,0.008569172830852229
2022-03-21,600036.SH,-0.024276601572964435
2022-03-22,600036.SH,0.00575496861741474
2022-03-23,600036.SH,0.022603232114069394
2022-03-24,600036.SH,-0.01351365058730331
2022-03-25,600036.SH,0.034038598015644114
2022-03-28,600036.SH,-0.011499468532305861
2022-03-29,600036.SH,-0.024606770664971606
2022-03-30,600036.SH,0.005114744500177584
2022-03-31,600036.SH,-0.0025088216490197638
2022-04-01,600036.SH,0.01733976537763802
2022-04-04,600036.SH,0.011826218215512382
2022-04-05,600036.SH,-0.00876902130074941
2022-04-06,600036.SH,0.011325704841312421
2022-04-07,600036.SH,0.016258320109850337
2022-04-08,600036.SH,-0.009809634475873935
2022-04-11,600036.SH,-0.011725941392311852
2022-04-12,600036.SH,-0.003897129804387043
2022-04-13,600036.SH,-0.010998250915739109
2022-04-14,600036.SH,0.0006332919139575631
2022-04-15,600036.SH,0.0015066561712093632
2022-04-18,600036.SH,-0.0051341030078317475
2022-04-19,600036.SH,-0.025745674556461953
2022-04-20,600036.SH,0.00365966615193409
2022-04-21,600036.SH,-0.014884276341213164
2022-04-22,600036.SH,-0.012405159349209114
2022-04-25,600036.SH,-0.014061621689026431
2022-04-26,600036.SH,-0.021779852006146246
2022-04-27,600036.SH,0.0013591209686723417
2022-04-28,600036.SH,-0.0052769848025873665
2022-04-29,600036.SH,-0.012150721719393553
2022-05-02,600036.SH,-0.009263237989955441
2022-05-03,600036.SH,-0.010313709610007403
2022-05-04,600036.SH,0.0038645045419233737
2022-05-05,600036.SH,0.0033251006181822655
2022-05-06,600036.SH,0.011798990018659406
2022-05-09,600036.SH,0.014974000993041435
2022-05-10,600036.SH,-0.0033100824586574976
2022-05-11,600036.SH,-0.021908879355558155
2022-05-12,600036.SH,-0.008204194677913355
2022-05-13,600036.SH,-0.014475568280391156
2022-05-16,600036.SH,-0.019341770299425843
2022-05-17,600036.SH,-0.02112783901217275
2022-05-18,600036.SH,-0.007280451778576992
2022-05-19,600036.SH,0.027501224841120303
2022-05-20,600036.SH,-0.012125713063244238
2022-05-23,600036.SH,-0.003053358957232866
2022-05-24,600036.SH,-0.0027265323900213627
2022-05-25,600036.SH,0.009583898781923728
2022-05-26,600036.SH,0.014647554981250924
2022-05-27,600036.SH,0.0005883999545801561
2022-05-30,600036.SH,0.01195445765010641
2022-05-31,600036.SH,-0.011873589986232723
2022-06-01,600036.SH,-0.005736442805660719
2022-06-02,600036.SH,0.02382125041852566
2022-06-03,600036.SH,-0.007491282356093204
2022-06-06,600036.SH,-0.018716829065074752
2022-06-07,600036.SH,0.006450094575028319
2022-06-08,600036.SH,-0.01057018025327032
2022-06-09,600036.SH,-0.0025867445885410633
2022-06-10,600036.SH,0.004658940755912692
2022-06-13,600036.SH,-0.02164136931273841
2022-06-14,600036.SH,0.004549711395792406
2022-06-15,600036.SH,0.0022810944367036186
2022-06-16,600036.SH,0.01644885599521519
2022-06-17,600036.SH,0.0038404434993488928
2022-06-20,600036.SH,0.006771679657242395
2022-06-21,600036.SH,0.0055730949757935135
2022-06-22,600036.SH,0.0019889580765187665
2022-06-23,600036.SH,0.02235317614380574
2022-06-24,600036.SH,0.029108297203214305
2022-06-27,600036.SH,0.012005676014876968
2022-06-28,600036.SH,0.013768484397837396
2022-06-29,600036.SH,-0.005184798936893621
2022-06-30,600036.SH,-0.002557574668015402
2022-07-01,600036.SH,-0.007227423378510926
2022-07-04,600036.SH,0.01853322988981766
2022-07-05,600036.SH,-0.018504022923614794
2022-07-06,600036.SH,0.01663026585694223
2022-07-07,600036.SH,-0.003036351003795924
2022-07-08,600036.SH,-0.026570642057408504
2022-07-11,600036.SH,-0.010007810085525398
2022-07-12,600036.SH,-0.0029596475579375834
2022-07-13,600036.SH,0.012480785727331644
2022-07-14,600036.SH,0.016886849360120002
2022-07-15,600036.SH,0.01309063109157895
2022-07-18,600036.SH,0.018025354601105124
2022-07-19,600036.SH,0.002985035084502331
2022-07-20,600036.SH,-0.001195814924886459
2022-07-21,600036.SH,0.004511338339431849
2022-07-22,600036.SH,-0.006860859445289512
2022-07-25,600036.SH,0.003712746744748728
2022-07-26,600036.SH,-0.010671524601687486
2022-07-27,600036.SH,0.00017426845586727881
2022-07-28,600036.SH,0.006771062853087496
2022-07-29,600036.SH,-0.013353954632336452
2022-08-01,600036.SH,5.476352081216964e-06
2022-08-02,600036.SH,-0.012694898940039513
2022-08-03,600036.SH,-0.015822985197817895
2022-08-04,600036.SH,-0.0002526138160871016
2022-08-05,600036.SH,0.01229507093331969
2022-08-08,600036.SH,0.005655738403159281
2022-08-09,600036.SH,-0.002323385979510483
2022-08-10,600036.SH,0.00021108912458635363
2022-08-11,600036.SH,-0.01229617066630313
2022-08-12,600036.SH,-0.01542523956783392
2022-08-15,600036.SH,-0.009685436926010921
2022-08-16,600036.SH,5.690805248901622e-05
2022-08-17,600036.SH,0.020232215507329697
2022-08-18,600036.SH,-0.017139663424627586
2022-08-19,600036.SH,0.01964951686906229
2022-08-22,600036.SH,0.002220705640074167
2022-08-23,600036.SH,-0.0015592724031030835
2022-08-24,600036.SH,0.01532071664804251
2022-08-25,600036.SH,0.002016280944698039
2022-08-26,600036.SH,-0.0018906532383359362
2022-08-29,600036.SH,-0.0016575011186420012
2022-08-30,600036.SH,0.0033108696556014253
2022-08-31,600036.SH,0.0018109187020878244
2022-09-01,600036.SH,-0.007931690878826314
2022-09-02,600036.SH,-0.013597761117278982
2022-09-05,600036.SH,-0.01887756424983688
2022-09-06,600036.SH,0.017904555457602743
2022-09-07,600036.SH,-0.0024566198752798305
2022-09-08,600036.SH,0.006830359487573401
2022-09-09,600036.SH,0.007103359739577547
2022-09-12,600036.SH,0.006971371822094506
2022-09-13,600036.SH,0.011984941921684202
2022-09-14,600036.SH,-0.0012390012283041876
2022-09-15,600036.SH,0.010486738154259984
2022-09-16,600036.SH,0.002048944640061485
2022-09-19,600036.SH,0.029121605058365915
2022-09-20,600036.SH,-0.005666791793181335
2022-09-21,600036.SH,-0.013022497628354553
2022-09-22,600036.SH,-0.023318625044765284
2022-09-23,600036.SH,0.020474734231095054
2022-09-26,600036.SH,0.007967835702689642
2022-09-27,600036.SH,-0.006136509523524022
2022-09-28,600036.SH,-0.00823486489065971
2022-09-29,600036.SH,0.012318773498561496
2022-09-30,600036.SH,-0.021363961302939362
2022-10-03,600036.SH,-0.02959026881266922
2022-10-04,600036.SH,0.009723654731440075
2022-10-05,600036.SH,-0.02429241804491382
2022-10-06,600036.SH,0.008500402906013222
2022-10-07,600036.SH,0.014277734307155374
2022-10-10,600036.SH,0.001058358351041136
2022-10-11,600036.SH,0.02425478435771463
2022-10-12,600036.SH,0.0004821150597817725
2022-10-13,600036.SH,0.02114392193699357
2022-10-14,600036.SH,-0.02096355532938029
2022-10-17,600036.SH,-0.02403856530975216
2022-10-18,600036.SH,-0.007544959603407989
2022-10-19,600036.SH,0.0073291274507183615
2022-10-20,600036.SH,-0.0016755358760258262
2022-10-21,600036.SH,-0.007826219810984936
2022-10-24,600036.SH,0.010616232031695422
2022-10-25,600036.SH,-0.0008998933573909854
2022-10-26,600036.SH,-0.0006111124483893694
2022-10-27,600036.SH,0.022390545386755167
2022-10-28,600036.SH,-0.007795564320090559
2022-10-31,600036.SH,0.018047169822884318
2022-11-01,600036.SH,0.011924295860849404
2022-11-02,600036.SH,0.003700910612561374
2022-11-03,600036.SH,-0.0054804481074759315
2022-11-04,600036.SH,0.004613445581428024
2022-11-07,600036.SH,0.027657008340998417
2022-11-08,600036.SH,0.005320691597442501
2022-11-09,600036.SH,-0.014947086669413885
2022-11-10,600036.SH,-0.002115118026245918
2022-11-11,600036.SH,0.003596886693848672
2022-11-14,600036.SH,0.0011867264146997061
2022-11-15,600036.SH,0.023748710930862126
2022-11-16,600036.SH,0.010922579819010864
2022-11-17,600036.SH,-0.012744971843305301
2022-11-18,600036.SH,-0.004717922208784507
2022-11-21,600036.SH,-0.016349567797879
2022-11-22,600036.SH,0.01707963949872411
2022-11-23,600036.SH,0.011643547317158621
2022-11-24,600036.SH,-3.786027261114093e-05
2022-11-25,600036.SH,0.014530289320659556
2022-11-28,600036.SH,-0.0095617376349055
2022-11-29,600036.SH,-0.016883758563266394
2022-11-30,600036.SH,0.007672844584953939
2022-12-01,600036.SH,-0.02819920073385266
2022-12-02,600036.SH,-0.00660577388833828
2022-12-05,600036.SH,-0.012748224735012383
2022-12-06,600036.SH,0.0012967003614208924
2022-12-07,600036.SH,-0.010361330298198626
2022-12-08,600036.SH,-0.01250895561645144
2022-12-09,600036.SH,0.015797503914436503
2022-12-12,600036.SH,0.000351933076162202
2022-12-13,600036.SH,-0.0057594253242967365
2022-12-14,600036.SH,0.015109558327089942
2022-12-15,600036.SH,0.024719243268524645
2022-12-16,600036.SH,0.008986356944699452
2022-12-19,600036.SH,-0.0012192518844631839
2022-12-20,600036.SH,-0.0024120406421329764
2022-12-21,600036.SH,-0.005260409730865853
2022-12-22,600036.SH,-0.022234230367775436
2022-12-23,600036.SH,-0.006632481718334488
2022-12-26,600036.SH,0.005134932168952475
2022-12-27,600036.SH,-0.002078086000369439
2022-12-28,600036.SH,0.0005021912006172987
2022-12-29,600036.SH,-0.006755664161211413
2022-12-30,600036.SH,-0.020144059168314153
2023-01-02,600036.SH,0.004221048401776807
2023-01-03,600036.SH,0.01156284504870849
2023-01-04,600036.SH,-0.00921431686045543
2023-01-05,600036.SH,-0.0020054591134740104
2023-01-06,600036.SH,-0.015277738401177068
2023-01-09,600036.SH,-0.006643654764712967
2023-01-10,600036.SH,-0.004644223658424
2023-01-11,600036.SH,0.014163155590965563
2023-01-12,600036.SH,-0.007361817516431808
2023-01-13,600036.SH,-0.00816032960292418
2023-01-16,600036.SH,-0.005411591449398282
2023-01-17,600036.SH,0.002902790204884971
2023-01-18,600036.SH,-0.008629607514854615
2023-01-19,600036.SH,0.03660756214407714
2023-01-20,600036.SH,0.00993320548864821
2023-01-23,600036.SH,0.004222622244632805
2023-01-24,600036.SH,-0.01012225305466256
2023-01-25,600036.SH,-0.004499576154355551
2023-01-26,600036.SH,0.02187871922175209
2023-01-27,600036.SH,0.018738630770722832
2023-01-30,600036.SH,-0.0037815095255059154
2023-01-31,600036.SH,-0.0029487361327814182
2023-02-01,600036.SH,0.012916316047975626
2023-02-02,600036.SH,0.01338072880031568
2023-02-03,600036.SH,-0.0098022382022438
2023-02-06,600036.SH,-0.005642606192421397
2023-02-07,600036.SH,0.011466884091992091
2023-02-08,600036.SH,0.00996665944741282
2023-02-09,600036.SH,0.013319836152190423
2023-02-10,600036.SH,0.0011575694099772065
2023-02-13,600036.SH,-0.0030849653020026523
2023-02-14,600036.SH,-0.02337803570312229
2023-02-15,600036.SH,-0.0043406695960080885
2023-02-16,600036.SH,-0.02447578357928431
2023-02-17,600036.SH,-0.012905391428539626
2023-02-20,600036.SH,0.009553405025312038
2023-02-21,600036.SH,-0.010732257698292742
2023-02-22,600036.SH,-0.007988359934073198
2023-02-23,600036.SH,-0.018674039191213545
2023-02-24,600036.SH,0.014671394703707336
2023-02-27,600036.SH,0.007736414223117038
2023-02-28,600036.SH,-0.007746770058849219
2023-03-01,600036.SH,0.008867685384812675
2023-03-02,600036.SH,0.0064046830694896445
2023-03-03,600036.SH,0.008011555754534026
2023-03-06,600036.SH,-0.008757589214327035
2023-03-07,600036.SH,-0.019638594504918817
2023-03-08,600036.SH,0.008082947891135374
2023-03-09,600036.SH,0.0044616854905801286
2023-03-10,600036.SH,0.016718585174807333
2023-03-13,600036.SH,0.002043743659613447
2023-03-14,600036.SH,0.01492170461552274
2023-03-15,600036.SH,0.014087670392492264
2023-03-16,600036.SH,-0.0056930282082148665
2023-03-17,600036.SH,0.0020416270269596696
2023-03-20,600036.SH,0.016912858911390632
2023-03-21,600036.SH,0.0071761454563386215
2023-03-22,600036.SH,0.004905174969241824
2023-03-23,600036.SH,-0.0024991982203753163
2023-03-24,600036.SH,-0.016314725906756936
2023-03-27,600036.SH,-0.0005554203194711588
2023-03-28,600036.SH,0.00031872891584494405
2023-03-29,600036.SH,0.007629958436882963
2023-03-30,600036.SH,0.0011120077972798714
2023-03-31,600036.SH,0.010924473336139873
2023-04-03,600036.SH,-0.002094154337641539
2023-04-04,600036.SH,-0.014374714914240028
2023-04-05,600036.SH,0.010596530455151867
2023-04-06,600036.SH,-0.02450745105625607
2023-04-07,600036.SH,-0.0006814444025778966
2023-04-10,600036.SH,0.025890754415010007
2023-04-11,600036.SH,0.003268399501525897
2023-04-12,600036.SH,-0.010880203720088931
2023-04-13,600036.SH,0.0011325759279826961
2023-04-14,600036.SH,-0.00957996202567835
2023-04-17,600036.SH,-0.009959396494436331
2023-04-18,600036.SH,-0.01576756322302992
2023-04-19,600036.SH,-0.016204933927832847
2023-04-20,600036.SH,0.007722653640905616
2023-04-21,600036.SH,-0.0077638588548743165
2023-04-24,600036.SH,-0.018447021202076485
2023-04-25,600036.SH,0.013585230076049143
2023-04-26,600036.SH,0.019118822652656856
2023-04-27,600036.SH,0.004246415122413629
2023-04-28,600036.SH,0.02312183577296565
2023-05-01,600036.SH,-0.01251627971337161
2023-05-02,600036.SH,-0.008559963540279433
2023-05-03,600036.SH,-0.01452051295696211
2023-05-04,600036.SH,0.0036121680751896503
2023-05-05,600036.SH,0.001316570491616844
2023-05-08,600036.SH,0.01677456201578296
2023-05-09,600036.SH,0.012140748179369741
2023-05-10,600036.SH,-0.014327677144647947
2023-05-11,600036.SH,0.009630093137919217
2023-05-12,600036.SH,0.029876883060765604
2023-05-15,600036.SH,0.017219549969735057
2023-05-16,600036.SH,-0.0032519234197549195
2023-05-17,600036.SH,-0.004957061667593014
2023-05-18,600036.SH,-0.005904681744754335
2023-05-19,600036.SH,-0.0028353667316211887
2022-01-03,600037.SH,0.014435110494462751
2022-01-04,600037.SH,-0.0009239814857059216
2022-01-05,600037.SH,-0.010918806448832566
2022-01-06,600037.SH,0.012111270285368826
2022-01-07,600037.SH,-0.01739919111790437
2022-01-10,600037.SH,-0.01004635469461788
2022-01-11,600037.SH,0.003512153367944872
2022-01-12,600037.SH,0.009457349314017361
2022-01-13,600037.SH,0.009643520375425898
2022-01-14,600037.SH,-0.014321778827461596
2022-01-17,600037.SH,0.006449064122005934
2022-01-18,600037.SH,0.0017371215548594686
2022-01-19,600037.SH,-0.01629021410857625
2022-01-20,600037.SH,0.00792422457973336
2022-01-21,600037.SH,0.02218761901360733
2022-01-24,600037.SH,-0.023994773640563377
2022-01-25,600037.SH,0.0027093883360593185
2022-01-26,600037.SH,-0.008232442260728744
2022-01-27,600037.SH,0.00990495712810138
2022-01-28,600037.SH,-0.010026656861829328
2022-01-31,600037.SH,-0.015730004816361623
2022-02-01,600037.SH,-0.019233412923177793
2022-02-02,600037.SH,0.023089668292707026
2022-02-03,600037.SH,-0.011063095600168988
2022-02-04,600037.SH,-0.008422244493836587
2022-02-07,600037.SH,0.0182292575822239
2022-02-08,600037.SH,-0.0030840830833377703
2022-02-09,600037.SH,0.006347548494421887
2022-02-10,600037.SH,0.013939977659022974
2022-02-11,600037.SH,0.013603769893855491
2022-02-14,600037.SH,0.003817417236526885
2022-02-15,600037.SH,-0.010384844608091913
2022-02-16,600037.SH,-0.0010743020700524479
2022-02-17,600037.SH,0.0127799927478499
2022-02-18,600037.SH,-0.00268727120580799
2022-02-21,600037.SH,0.004095648500656362
2022-02-22,600037.SH,0.0032841645527710447
2022-02-23,600037.SH,-0.0005246695422164585
2022-02-24,600037.SH,0.00020669031749745263
2022-02-25,600037.SH,-0.003258816345750393
2022-02-28,600037.SH,0.0006255520002834839
2022-03-01,600037.SH,0.006500246144461246
2022-03-02,600037.SH,0.00729903546797326
2022-03-03,600037.SH,-0.0005275502366505153
2022-03-04,600037.SH,0.0007104674722876315
2022-03-07,600037.SH,-0.008509775597561992
2022-03-08,600037.SH,0.025603698542507942
2022-03-09,600037.SH,0.0033313938616145564
2022-03-10,600037.SH,0.016208856300142578
2022-03-11,600037.SH,0.0008396046365871375
2022-03-14,600037.SH,0.003165625841953994
2022-03-15,600037.SH,-0.009952783101812284
2022-03-16,600037.SH,-0.033164865255771
2022-03-17,600037.SH,0.00996168238750118
2022-03-18,600037.SH,-0.002982399091718163
2022-03-21,600037.SH,-0.003046741556080553
2022-03-22,600037.SH,-0.014691675531817576
2022-03-23,600037.SH,0.0029288887119389324
2022-03-24,600037.SH,0.003696371085803901
2022-03-25,600037.SH,0.025147664545146213
2022-03-28,600037.SH,-0.019675698310651957
2022-03-29,600037.SH,0.004035752643744357
2022-03-30,600037.SH,0.0032022738476560958
2022-03-31,600037.SH,0.003484489250096969
2022-04-01,600037.SH,0.024209402840126033
2022-04-04,600037.SH,0.0018147614213718816
2022-04-05,600037.SH,0.009617325792187357
2022-04-06,600037.SH,0.0001154188291039495
2022-04-07,600037.SH,0.006694913826409041
2022-04-08,600037.SH,0.012189737131277864
2022-04-11,600037.SH,-0.0073041456024730955
2022-04-12,600037.SH,-0.010030573011150654
2022-04-13,600037.SH,0.0064388034418074395
2022-04-14,600037.SH,0.01646990849014903
2022-04-15,600037.SH,0.013159039100103279
2022-04-18,600037.SH,-0.033354160583654494
2022-04-19,600037.SH,0.0009837450866918328
2022-04-20,600037.SH,0.003389489459313412
2022-04-21,600037.SH,0.004656090610883835
2022-04-22,600037.SH,0.003623024021964877
2022-04-25,600037.SH,0.00625977062550457
2022-04-26,600037.SH,0.0014826666447386042
2022-04-27,600037.SH,-0.005584048850070501
2022-04-28,600037.SH,0.011927903149778294
2022-04-29,600037.SH,-0.0017772752469840565
2022-05-02,600037.SH,0.009321045751433056
2022-05-03,600037.SH,0.001181833615446846
2022-05-04,600037.SH,0.011672766024757137
2022-05-05,600037.SH,0.014062851140602167
2022-05-06,600037.SH,0.002444528872776675
2022-05-09,600037.SH,0.015226184680015253
2022-05-10,600037.SH,0.0009526385243450563
2022-05-11,600037.SH,0.015782881418650054
2022-05-12,600037.SH,0.010339532423218462
2022-05-13,600037.SH,-0.019754768657281173
2022-05-16,600037.SH,0.011730207115117958
2022-05-17,600037.SH,-0.031601995258733515
2022-05-18,600037.SH,-0.0016044272141214318
2022-05-19,600037.SH,-0.003764279480665366
2022-05-20,600037.SH,0.01157797049384971
2022-05-23,600037.SH,-0.0004972397793622492
2022-05-24,600037.SH,0.0024558717314173122
2022-05-25,600037.SH,-0.005515058890687241
2022-05-26,600037.SH,-0.001239190038919224
2022-05-27,600037.SH,-0.010526711225779806
2022-05-30,600037.SH,-0.004929976621836089
2022-05-31,600037.SH,-0.015111735126295194
2022-06-01,600037.SH,-1.1626491378259954e-05
2022-06-02,600037.SH,0.010634706733726487
2022-06-03,600037.SH,-0.023781627298298462
2022-06-06,600037.SH,-0.013107298482073121
2022-06-07,600037.SH,0.005011449340153939
2022-06-08,600037.SH,0.0005660058656209816
2022-06-09,600037.SH,-0.004266295215495299
2022-06-10,600037.SH,0.006088779877652235
2022-06-13,600037.SH,0.011491226084859477
2022-06-14,600037.SH,0.011832088560150264
2022-06-15,600037.SH,0.0269730991283433
2022-06-16,600037.SH,0.04382070309889677
2022-06-17,600037.SH,-0.01949587089623133
2022-06-20,600037.SH,-0.030159366253333375
2022-06-21,600037.SH,0.001360292101183381
2022-06-22,600037.SH,0.0068022977705773395
2022-06-23,600037.SH,0.010114650511866271
2022-06-24,600037.SH,0.01371669442789423
2022-06-27,600037.SH,0.00015254771921232192
2022-06-28,600037.SH,0.00476691549561526
2022-06-29,600037.SH,-0.014939013033093251
2022-06-30,600037.SH,-0.007119695952640022
2022-07-01,600037.SH,0.001022515909357296
2022-07-04,600037.SH,-0.007985885391904446
2022-07-05,600037.SH,-0.013903176209617523
2022-07-06,600037.SH,0.010783376014958771
2022-07-07,600037.SH,-0.0037657455522420837
2022-07-08,600037.SH,-0.0005993448495673678
2022-07-11,600037.SH,-0.017319694972010944
2022-07-12,600037.SH,-0.008855526785053306
2022-07-13,600037.SH,0.009751302883338475
2022-07-14,600037.SH,0.02001673175618226
2022-07-15,600037.SH,0.014661304787224508
2022-07-18,600037.SH,0.016751229479482228
2022-07-19,600037.SH,0.011333063137447346
2022-07-20,600037.SH,-0.02333491237425763
2022-07-21,600037.SH,0.017014698426062593
2022-07-22,600037.SH,-0.030324850482489833
2022-07-25,600037.SH,0.007438264585742767
2022-07-26,600037.SH,-0.01347440210376264
2022-07-27,600037.SH,0.008634399728390314
2022-07-28,600037.SH,-0.0010849180132655074
2022-07-29,600037.SH,0.0005715131932948045
2022-08-01,600037.SH,-0.009370234661727903
2022-08-02,600037.SH,-0.010424037000427301
2022-08-03,600037.SH,0.0049017767316695895
2022-08-04,600037.SH,-0.004969841238520708
2022-08-05,600037.SH,0.020672755832711796
2022-08-08,600037.SH,0.010285313697710703
2022-08-09,600037.SH,0.015959843209851107
2022-08-10,600037.SH,-0.008395009976943568
2022-08-11,600037.SH,-0.006859455342095128
2022-08-12,600037.SH,-0.014840649984589772
2022-08-15,600037.SH,0.007656121910112444
2022-08-16,600037.SH,-0.003949320655925284
2022-08-17,600037.SH,-0.003853073836993636
2022-08-18,600037.SH,-0.019672389981030713
2022-08-19,600037.SH,-0.003418708863903246
2022-08-22,600037.SH,0.0021170855164254765
2022-08-23,600037.SH,0.01550265893955671
2022-08-24,600037.SH,7.561339923570784e-05
2022-08-25,600037.SH,-0.006738201117440452
2022-08-26,600037.SH,0.006837782199417056
2022-08-29,600037.SH,-0.01653353248775473
2022-08-30,600037.SH,0.008145267391360173
2022-08-31,600037.SH,8.531212597608952e-05
2022-09-01,600037.SH,-0.012550742040805633
2022-09-02,600037.SH,-0.006246720944099799
2022-09-05,600037.SH,0.0024016468725238
2022-09-06,600037.SH,0.01760692499884888
2022-09-07,600037.SH,-0.012061090176213431
2022-09-08,600037.SH,0.005195913196407957
2022-09-09,600037.SH,0.012552622411843066
2022-09-12,600037.SH,0.013657528139299047
2022-09-13,600037.SH,0.0077672185208258505
2022-09-14,600037.SH,-0.004386611020767523
2022-09-15,600037.SH,0.017763635343109544
2022-09-16,600037.SH,0.004082522787491453
2022-09-19,600037.SH,0.0008066351114218318
2022-09-20,600037.SH,0.00966803704660785
2022-09-21,600037.SH,-0.02613721472884173
2022-09-22,600037.SH,-0.00811747615108149
2022-09-23,600037.SH,0.009365194957380203
2022-09-26,600037.SH,0.009308068269219257
2022-09-27,600037.SH,0.00028373379300124734
2022-09-28,600037.SH,-0.010158380477267845
2022-09-29,600037.SH,0.01681361447921594
2022-09-30,600037.SH,-0.008288399130127883
2022-10-03,600037.SH,-0.013330755665768591
2022-10-04,600037.SH,0.018528410057975543
2022-10-05,600037.SH,-0.001109014879881735
2022-10-06,600037.SH,0.006267034400484242
2022-10-07,600037.SH,0.012858344106748116
2022-10-10,600037.SH,0.016702381748335195
2022-10-11,600037.SH,0.017057709429071616
2022-10-12,600037.SH,-0.002301902754884079
2022-10-13,600037.SH,-0.00914552752915725
2022-10-14,600037.SH,-0.014334469803450718
2022-10-17,600037.SH,0.010556095942732914
2022-10-18,600037.SH,-0.003202693968410117
2022-10-19,600037.SH,-0.044196344981067996
2022-10-20,600037.SH,0.0016754026128346653
2022-10-21,600037.SH,0.0066420040221509226
2022-10-24,600037.SH,0.004314998401584968
2022-10-25,600037.SH,-0.0007275249893812872
2022-10-26,600037.SH,0.006524706084689104
2022-10-27,600037.SH,-0.010728423389488921
2022-10-28,600037.SH,0.01009162640728116
2022-10-31,600037.SH,-0.004652706628624305
2022-11-01,600037.SH,0.0037324767856420538
2022-11-02,600037.SH,0.009129161731821097
2022-11-03,600037.SH,-0.009490426955887013
2022-11-04,600037.SH,-0.0025296022168759744
2022-11-07,600037.SH,0.039312818460686585
2022-11-08,600037.SH,0.014417393048783653
2022-11-09,600037.SH,0.008649229015048845
2022-11-10,600037.SH,-0.02563432964666989
2022-11-11,600037.SH,-0.012635604755748198
2022-11-14,600037.SH,0.003487517838698926
2022-11-15,600037.SH,0.01979744188943595
2022-11-16,600037.SH,0.010033958615270209
2022-11-17,600037.SH,0.01222728517007776
2022-11-18,600037.SH,-0.0012404653606819967
2022-11-21,600037.SH,-0.006283408602787841
2022-11-22,600037.SH,0.005153282697776567
2022-11-23,600037.SH,0.0030744245254473203
2022-11-24,600037.SH,0.03555745064622956
2022-11-25,600037.SH,-0.015236393726305903
2022-11-28,600037.SH,-0.011293887419483593
2022-11-29,600037.SH,-0.026606569420734305
2022-11-30,600037.SH,0.014325255499913774
2022-12-01,600037.SH,-0.00047845655269003647
2022-12-02,600037.SH,-0.009677034546114516
2022-12-05,600037.SH,-0.01565364997488851
2022-12-06,600037.SH,0.013094804572005582
2022-12-07,600037.SH,-0.010444949977464457
2022-12-08,600037.SH,0.0023678177230354557
2022-12-09,600037.SH,0.01643248338841082
2022-12-12,600037.SH,-0.005184027425856252
2022-12-13,600037.SH,-0.005772008075197089
2022-12-14,600037.SH,0.008454194882829823
2022-12-15,600037.SH,0.021799095765833162
2022-12-16,600037.SH,-0.021215566473586182
2022-12-19,600037.SH,0.001995076582968189
2022-12-20,600037.SH,0.010344931870992674
2022-12-21,600037.SH,0.023731193156297938
2022-12-22,600037.SH,-0.0012294076957158426
2022-12-23,600037.SH,-0.0032443241325671255
2022-12-26,600037.SH,0.021738407059263803
2022-12-27,600037.SH,0.012401213473028399
2022-12-28,600037.SH,0.010876214446730256
2022-12-29,600037.SH,0.013442283328575177
2022-12-30,600037.SH,-0.012255163020028763
2023-01-02,600037.SH,0.001973404617135048
2023-01-03,600037.SH,0.0056145519149031365
2023-01-04,600037.SH,-0.009634058758334202
2023-01-05,600037.SH,-0.015712349474340123
2023-01-06,600037.SH,-0.00922080827958966
2023-01-09,600037.SH,0.007020725657359729
2023-01-10,600037.SH,-0.002089735970768251
2023-01-11,600037.SH,-0.011542655015758758
2023-01-12,600037.SH,0.0019188250576097148
2023-01-13,600037.SH,-0.0009555140224346095
2023-01-16,600037.SH,0.0060499374324271505
2023-01-17,600037.SH,0.022661744884711045
2023-01-18,600037.SH,0.0037862106168344107
2023-01-19,600037.SH,0.009779041257782407
2023-01-20,600037.SH,0.019054082993272627
2023-01-23,600037.SH,0.0031798016536567367
2023-01-24,600037.SH,-0.008505710215373124
2023-01-25,600037.SH,-0.017515302987665463
2023-01-26,600037.SH,0.004886943232490851
2023-01-27,600037.SH,0.00032408368843883325
2023-01-30,600037.SH,0.011882111148787372
2023-01-31,600037.SH,-0.008846432091714877
2023-02-01,600037.SH,0.0256752692817504
2023-02-02,600037.SH,0.010378743444179623
2023-02-03,600037.SH,-0.004640496229692217
2023-02-06,600037.SH,-0.006834502114325333
2023-02-07,600037.SH,-0.008264892183614952
2023-02-08,600037.SH,-0.005279200031681486
2023-02-09,600037.SH,-0.009335756114047713
2023-02-10,600037.SH,-0.026436974323845747
2023-02-13,600037.SH,-0.012102136851396798
2023-02-14,600037.SH,0.017242597710479483
2023-02-15,600037.SH,0.01545793791353519
2023-02-16,600037.SH,-0.024298506080901342
2023-02-17,600037.SH,0.0020899961053227343
2023-02-20,600037.SH,-0.01812194588631417
2023-02-21,600037.SH,0.005188929082121037
2023-02-22,600037.SH,0.009799605980904513
2023-02-23,600037.SH,-0.015264933730722463
2023-02-24,600037.SH,-0.015095931392772804
2023-02-27,600037.SH,0.00967939636554651
2023-02-28,600037.SH,0.0005217287105020989
2023-03-01,600037.SH,0.009496920678562197
2023-03-02,600037.SH,-0.016811302732918813
2023-03-03,600037.SH,0.02318569702520793
2023-03-06,600037.SH,-0.02096127324808292
2023-03-07,600037.SH,-0.0051048951949791595
2023-03-08,600037.SH,2.6496751069632687e-05
2023-03-09,600037.SH,-0.005698778213234355
2023-03-10,600037.SH,0.00933698168592799
2023-03-13,600037.SH,0.015780796710282326
2023-03-14,600037.SH,0.016418007883632627
2023-03-15,600037.SH,0.01008979448901774
2023-03-16,600037.SH,-0.006589490271942855
2023-03-17,600037.SH,0.011410298580974552
2023-03-20,600037.SH,0.002707068161014207
2023-03-21,600037.SH,0.0029361298824081426
2023-03-22,600037.SH,-0.0028219924573348884
2023-03-23,600037.SH,0.006791007013322009
2023-03-24,600037.SH,-0.008444920439360112
2023-03-27,600037.SH,0.004442291453105582
2023-03-28,600037.SH,0.009177228810329948
2023-03-29,600037.SH,0.03165457175479733
2023-03-30,600037.SH,0.007803483426922004
2023-03-31,600037.SH,0.014499446781460803
2023-04-03,600037.SH,0.008404811186009838
2023-04-04,600037.SH,-0.019155540055058845
2023-04-05,600037.SH,0.007114158327862597
2023-04-06,600037.SH,-0.00496429344994724
2023-04-07,600037.SH,-0.008350940819357104
2023-04-10,600037.SH,0.021110495656638556
2023-04-11,600037.SH,0.005290168170635441
2023-04-12,600037.SH,-0.015292009813373725
2023-04-13,600037.SH,-0.004593694477293592
2023-04-14,600037.SH,0.002632181777003349
2023-04-17,600037.SH,-0.00012829973394277473
2023-04-18,600037.SH,0.0029463472815758392
2023-04-19,600037.SH,0.0014038124661223325
2023-04-20,600037.SH,0.004521626924718264
2023-04-21,600037.SH,0.004887529278373511
2023-04-24,600037.SH,-0.014697227272098238
2023-04-25,600037.SH,0.007272477609892571
2023-04-26,600037.SH,0.0035903906672218023
2023-04-27,600037.SH,0.002403502848263853
2023-04-28,600037.SH,0.022897847653441897
2023-05-01,600037.SH,-0.02324892515537071
2023-05-02,600037.SH,0.020065207120019378
2023-05-03,600037.SH,0.012357954383884429
2023-05-04,600037.SH,-0.023927609227331642
2023-05-05,600037.SH,0.013659885693792227
2023-05-08,600037.SH,0.01067368808192658
2023-05-09,600037.SH,0.003278980831550134
2023-05-10,600037.SH,-0.019518989767941426
2023-05-11,600037.SH,-0.003880529896259269
2023-05-12,600037.SH,0.01396870189136782
2023-05-15,600037.SH,-0.01568314056458637
2023-05-16,600037.SH,-0.012618238576870656
2023-05-17,600037.SH,0.007531093383593068
2023-05-18,600037.SH,-0.00913225428638335
2023-05-19,600037.SH,-0.008138033337970793
2022-01-03,600038.SH,-0.0025095848351898826
2022-01-04,600038.SH,-0.02302801097836716
2022-01-05,600038.SH,0.010848143871001113
2022-01-06,600038.SH,-0.0005409178190447428
2022-01-07,600038.SH,-0.020965803355069403
2022-01-10,600038.SH,-0.006949584689026765
2022-01-11,600038.SH,-0.0015435521292038814
2022-01-12,600038.SH,-0.00957647383509202
2022-01-13,600038.SH,-0.0200287935072736
2022-01-14,600038.SH,-0.0031500929619104933
2022-01-17,600038.SH,0.007825113474986645
2022-01-18,600038.SH,0.0010484609065978534
2022-01-19,600038.SH,-0.009845745474178737
2022-01-20,600038.SH,0.009145554442279512
2022-01-21,600038.SH,0.008544792343274049
2022-01-24,600038.SH,-0.0058967508898228665
2022-01-25,600038.SH,0.01933066147758152
2022-01-26,600038.SH,-0.0006233157805817053
2022-01-27,600038.SH,0.005954771513717766
2022-01-28,600038.SH,0.006983380273075616
2022-01-31,600038.SH,-0.0009922761244512994
2022-02-01,600038.SH,-0.00499550881000499
2022-02-02,600038.SH,0.022743968682502464
2022-02-03,600038.SH,-0.010216814637955606
2022-02-04,600038.SH,-0.003193526096755274
2022-02-07,600038.SH,0.009080031622590209
2022-02-08,600038.SH,0.007348379066175699
2022-02-09,600038.SH,-0.0007669773387751549
2022-02-10,600038.SH,-0.01375973676097379
2022-02-11,600038.SH,-0.019256901397874032
2022-02-14,600038.SH,0.03789499270457117
2022-02-15,600038.SH,-0.00016620191856880863
2022-02-16,600038.SH,-0.009938673223434922
2022-02-17,600038.SH,-0.003015612934684613
2022-02-18,600038.SH,-0.004548906002429536
2022-02-21,600038.SH,0.005719765567804472
2022-02-22,600038.SH,-0.01032098359116865
2022-02-23,600038.SH,-0.020853987661345268
2022-02-24,600038.SH,-0.02764569918390914
2022-02-25,600038.SH,-0.010771831619690735
2022-02-28,600038.SH,0.016158911009002137
2022-03-01,600038.SH,-0.005523585465658756
2022-03-02,600038.SH,2.484345971924106e-05
2022-03-03,600038.SH,0.011423764482985894
2022-03-04,600038.SH,0.001099283325200403
2022-03-07,600038.SH,-0.0012361633493786037
2022-03-08,600038.SH,0.008301659428862157
2022-03-09,600038.SH,-0.0023774392750436813
2022-03-10,600038.SH,0.017470401125141463
2022-03-11,600038.SH,0.019305971297356058
2022-03-14,600038.SH,0.01681107349322943
2022-03-15,600038.SH,-0.016465326541027354
2022-03-16,600038.SH,-0.01602751414744647
2022-03-17,600038.SH,-0.002515778343046849
2022-03-18,600038.SH,0.0008675983698830689
2022-03-21,600038.SH,-0.022384168162967216
2022-03-22,600038.SH,-0.019635574613503126
2022-03-23,600038.SH,0.025027427986129093
2022-03-24,600038.SH,-0.01251784211164374
2022-03-25,600038.SH,-0.0071278365478004745
2022-03-28,600038.SH,-0.024499366250156043
2022-03-29,600038.SH,0.00122566619323595
2022-03-30,600038.SH,-0.00692345234379492
2022-03-31,600038.SH,0.007106035072714726
2022-04-01,600038.SH,-0.004097460989122197
2022-04-04,600038.SH,-0.011095223392240804
2022-04-05,600038.SH,0.011454001054225742
2022-04-06,600038.SH,0.00028308477157321967
2022-04-07,600038.SH,0.0035262984376760683
2022-04-08,600038.SH,-0.006744051815869014
2022-04-11,600038.SH,0.004443513104048976
2022-04-12,600038.SH,-0.003150997256740594
2022-04-13,600038.SH,0.004112512028344699
2022-04-14,600038.SH,-0.0018596408224618877
2022-04-15,600038.SH,0.001646071290360305
2022-04-18,600038.SH,0.009545871992507464
2022-04-19,600038.SH,-0.008918712263830685
2022-04-20,600038.SH,0.00031299643857731494
2022-04-21,600038.SH,-0.0008313802470938068
2022-04-22,600038.SH,0.0015158196572602652
2022-04-25,600038.SH,-0.009559739738046516
2022-04-26,600038.SH,0.0004242926639373701
2022-04-27,600038.SH,0.00020270124490853443
2022-04-28,600038.SH,-0.0050869884370598525
2022-04-29,600038.SH,-0.0050715457081914805
2022-05-02,600038.SH,0.000246375208954883
2022-05-03,600038.SH,-0.010456526134894659
2022-05-04,600038.SH,0.005537214497708281
2022-05-05,600038.SH,0.009716113322790994
2022-05-06,600038.SH,-0.0015004529798507893
2022-05-09,600038.SH,-0.0006074420506482934
2022-05-10,600038.SH,-0.0026176187136799545
2022-05-11,600038.SH,-0.008906443024493407
2022-05-12,600038.SH,0.014613445411571495
2022-05-13,600038.SH,-0.010333918329722172
2022-05-16,600038.SH,-0.01143089744391255
2022-05-17,600038.SH,-0.019908846635725508
2022-05-18,600038.SH,-0.000588080150445449
2022-05-19,600038.SH,-0.0029178551856566593
2022-05-20,600038.SH,-0.013771305553690886
2022-05-23,600038.SH,0.00470084619845074
2022-05-24,600038.SH,0.0142670535922075
2022-05-25,600038.SH,-0.027884587859846984
2022-05-26,600038.SH,0.004322416910093601
2022-05-27,600038.SH,-0.006213745234602816
2022-05-30,600038.SH,-0.005039462020752641
2022-05-31,600038.SH,-0.005996539782386601
2022-06-01,600038.SH,-0.02080914463629461
2022-06-02,600038.SH,-0.021587740893748087
2022-06-03,600038.SH,-0.023573245769241497
2022-06-06,600038.SH,0.006297860366038359
2022-06-07,600038.SH,-0.030347677466550683
2022-06-08,600038.SH,-0.01318866031796943
2022-06-09,600038.SH,-0.030796072527101506
2022-06-10,600038.SH,-0.0018492056636025215
2022-06-13,600038.SH,0.01534305090704808
2022-06-14,600038.SH,-0.00031035025580338524
2022-06-15,600038.SH,-0.0009002112891211365
2022-06-16,600038.SH,0.021206540538449645
2022-06-17,600038.SH,-0.001701779441678459
2022-06-20,600038.SH,-0.010337897642868313
2022-06-21,600038.SH,0.010700664321100568
2022-06-22,600038.SH,0.0064788449768921775
2022-06-23,600038.SH,0.01375975821758802
2022-06-24,600038.SH,0.005293088441641974
2022-06-27,600038.SH,-0.0006056785740745614
2022-06-28,600038.SH,0.02087813198207312
2022-06-29,600038.SH,-0.012874730633374536
2022-06-30,600038.SH,0.0071945165315621465
2022-07-01,600038.SH,-0.017884071194137024
2022-07-04,600038.SH,0.011219361119811637
2022-07-05,600038.SH,-0.0062930883495662905
2022-07-06,600038.SH,-0.004604141656004828
2022-07-07,600038.SH,0.0033120047687328763
2022-07-08,600038.SH,-0.018269479339194063
2022-07-11,600038.SH,-0.007790352106185577
2022-07-12,600038.SH,-0.00235816059185095
2022-07-13,600038.SH,0.005375890901824265
2022-07-14,600038.SH,0.025388155071632963
2022-07-15,600038.SH,0.028496016249525503
2022-07-18,600038.SH,-0.007938378451482814
2022-07-19,600038.SH,-0.0185972693768393
2022-07-20,600038.SH,-0.014348614143197139
2022-07-21,600038.SH,0.005573562967708454
2022-07-22,600038.SH,-0.013247978556353587
2022-07-25,600038.SH,0.012590296748382891
2022-07-26,600038.SH,0.003238174980217493
2022-07-27,600038.SH,-0.0073820907451790235
2022-07-28,600038.SH,0.0013052886881412193
2022-07-29,600038.SH,-0.001021743597569714
2022-08-01,600038.SH,-0.004587622807051103
2022-08-02,600038.SH,0.004276344914711279
2022-08-03,600038.SH,-0.0035522338276859893
2022-08-04,600038.SH,-0.0035397681375727423
2022-08-05,600038.SH,0.006348795202345585
2022-08-08,600038.SH,0.022373191572084554
2022-08-09,600038.SH,0.00162480345444843
2022-08-10,600038.SH,0.01188810288187536
2022-08-11,600038.SH,0.0019475107526096026
2022-08-12,600038.SH,-0.004603492894847357
2022-08-15,600038.SH,-0.015508972382616887
2022-08-16,600038.SH,-0.012578906089746647
2022-08-17,600038.SH,0.014141811242620815
2022-08-18,600038.SH,-0.013637736224263976
2022-08-19,600038.SH,-0.008023092096465768
2022-08-22,600038.SH,-0.0004638978152058035
2022-08-23,600038.SH,0.010916665371683967
2022-08-24,600038.SH,-0.010314058034078557
2022-08-25,600038.SH,-0.003662270298540088
2022-08-26,600038.SH,-0.0021689583816097446
2022-08-29,600038.SH,-0.0034188572783357294
2022-08-30,600038.SH,-0.007250646874619944
2022-08-31,600038.SH,-0.017179810202670367
2022-09-01,600038.SH,-0.0046076011497988845
2022-09-02,600038.SH,-0.025563120717243183
2022-09-05,600038.SH,-0.000945931588769677
2022-09-06,600038.SH,0.00937195819370121
2022-09-07,600038.SH,4.708972631965237e-05
2022-09-08,600038.SH,0.001578069602899458
2022-09-09,600038.SH,0.018272315294934408
2022-09-12,600038.SH,-0.005546908072254405
2022-09-13,600038.SH,0.010520875838238342
2022-09-14,600038.SH,-0.02840899690798367
2022-09-15,600038.SH,0.022787421168652296
2022-09-16,600038.SH,-0.01699864189767866
2022-09-19,600038.SH,0.036649994316315854
2022-09-20,600038.SH,-0.0024318027969963
2022-09-21,600038.SH,0.003108078353966346
2022-09-22,600038.SH,-0.00010371335985667404
2022-09-23,600038.SH,0.008842532544805912
2022-09-26,600038.SH,0.010191833584390365
2022-09-27,600038.SH,-0.009807743337583566
2022-09-28,600038.SH,0.004808203095354988
2022-09-29,600038.SH,0.007456873295752937
2022-09-30,600038.SH,-0.017046200736855248
2022-10-03,600038.SH,-0.0017850560320850882
2022-10-04,600038.SH,-0.0038251500565451343
2022-10-05,600038.SH,-0.006446663900396745
2022-10-06,600038.SH,0.0010300837149613638
2022-10-07,600038.SH,-0.007731838080808783
2022-10-10,600038.SH,-0.0022148904188078857
2022-10-11,600038.SH,0.026609686901904312
2022-10-12,600038.SH,-0.0013176727476375003
2022-10-13,600038.SH,0.0015552407483787395
2022-10-14,600038.SH,-0.0181526281889354
2022-10-17,600038.SH,0.004154802669549729
2022-10-18,600038.SH,-0.0170844789890816
2022-10-19,600038.SH,-0.005478350478805162
2022-10-20,600038.SH,-0.004467017034837599
2022-10-21,600038.SH,-0.02055954136634767
2022-10-24,600038.SH,0.02526977637293572
2022-10-25,600038.SH,0.003996993865715552
2022-10-26,600038.SH,-0.007760577386693035
2022-10-27,600038.SH,-0.015097620843641461
2022-10-28,600038.SH,-0.0003408697846432611
2022-10-31,600038.SH,-0.006236570275876048
2022-11-01,600038.SH,0.017947753033053966
2022-11-02,600038.SH,0.006014647502018022
2022-11-03,600038.SH,0.014982023849088961
2022-11-04,600038.SH,-0.013811574597228295
2022-11-07,600038.SH,0.0250871086092888
2022-11-08,600038.SH,0.014612100395943432
2022-11-09,600038.SH,-0.0018198079287586129
2022-11-10,600038.SH,-0.005954187146109525
2022-11-11,600038.SH,0.011650505809403126
2022-11-14,600038.SH,-0.0037346478672304227
2022-11-15,600038.SH,0.0075224013947944555
2022-11-16,600038.SH,0.0004276509271775794
2022-11-17,600038.SH,-0.0009916193100918133
2022-11-18,600038.SH,0.0015887169775827764
2022-11-21,600038.SH,-0.0010909042838851187
2022-11-22,600038.SH,-0.0074661033015337944
2022-11-23,600038.SH,-0.011782532547282702
2022-11-24,600038.SH,-0.013880694095709896
2022-11-25,600038.SH,0.02284695464156814
2022-11-28,600038.SH,3.605866483265708e-05
2022-11-29,600038.SH,-0.0158103946770863
2022-11-30,600038.SH,0.0014850702387789025
2022-12-01,600038.SH,-0.02281270477720087
2022-12-02,600038.SH,-0.012184235328559057
2022-12-05,600038.SH,0.010418415054571716
2022-12-06,600038.SH,0.005829372424501729
2022-12-07,600038.SH,-0.021697803707132413
2022-12-08,600038.SH,-0.024004515243960314
2022-12-09,600038.SH,0.01187703580678072
2022-12-12,600038.SH,-0.01345368712242103
2022-12-13,600038.SH,0.011717175730829915
2022-12-14,600038.SH,0.012812634466910963
2022-12-15,600038.SH,0.011345019512593129
2022-12-16,600038.SH,-0.009958556666703582
2022-12-19,600038.SH,-0.0003026069705242343
2022-12-20,600038.SH,-0.010073021368349639
2022-12-21,600038.SH,0.017851236499770884
2022-12-22,600038.SH,0.004194302895289801
2022-12-23,600038.SH,-0.0005755099350292451
2022-12-26,600038.SH,-0.001751950910002846
2022-12-27,600038.SH,-0.001810575779968552
2022-12-28,600038.SH,-0.019597608336459415
2022-12-29,600038.SH,-0.002408936057153683
2022-12-30,600038.SH,-0.007891366898660723
2023-01-02,600038.SH,-0.010871715800452103
2023-01-03,600038.SH,0.017265901590204642
2023-01-04,600038.SH,0.009780154071521528
2023-01-05,600038.SH,-0.022370391140036548
2023-01-06,600038.SH,-0.013950317404714465
2023-01-09,600038.SH,-0.001738511484479557
2023-01-10,600038.SH,0.016975288688940455
2023-01-11,600038.SH,0.011723268372717253
2023-01-12,600038.SH,0.016662364736205814
2023-01-13,600038.SH,0.00010276801035886093
2023-01-16,600038.SH,-0.007867357547965559
2023-01-17,600038.SH,-0.009943140767219775
2023-01-18,600038.SH,0.002718546461860042
2023-01-19,600038.SH,0.014783664802274553
2023-01-20,600038.SH,0.010240117314983319
2023-01-23,600038.SH,0.019267280830980386
2023-01-24,600038.SH,-0.007367913706203745
2023-01-25,600038.SH,0.004410522664609501
2023-01-26,600038.SH,-0.006351602986715213
2023-01-27,600038.SH,0.02898311612980633
2023-01-30,600038.SH,0.00010844260957919337
2023-01-31,600038.SH,-0.006884847663053281
2023-02-01,600038.SH,0.01608223697193057
2023-02-02,600038.SH,-0.0013382045980394521
2023-02-03,600038.SH,-0.0006931445747252862
2023-02-06,600038.SH,0.004937833306212794
2023-02-07,600038.SH,-0.005021707375605523
2023-02-08,600038.SH,-0.006593267854968981
2023-02-09,600038.SH,-0.0018843012515810144
2023-02-10,600038.SH,-0.001982845621381041
2023-02-13,600038.SH,0.011915481932840265
2023-02-14,600038.SH,0.008247181946270537
2023-02-15,600038.SH,0.011067700089314347
2023-02-16,600038.SH,-0.014472487940373644
2023-02-17,600038.SH,-0.022361332894044388
2023-02-20,600038.SH,-0.004741010365337841
2023-02-21,600038.SH,0.005246162000685674
2023-02-22,600038.SH,0.008178338368354188
2023-02-23,600038.SH,-0.012056080913270723
2023-02-24,600038.SH,0.017206353869489443
2023-02-27,600038.SH,0.02249820029356612
2023-02-28,600038.SH,-0.017154185480042543
2023-03-01,600038.SH,0.005510317650047813
2023-03-02,600038.SH,0.0014560150774025637
2023-03-03,600038.SH,-0.004976950295194417
2023-03-06,600038.SH,0.0068897136935343415
2023-03-07,600038.SH,-0.013762910721769906
2023-03-08,600038.SH,0.01356142126183553
2023-03-09,600038.SH,0.012015710071952228
2023-03-10,600038.SH,0.01072402294866853
2023-03-13,600038.SH,0.004031301785329066
2023-03-14,600038.SH,0.0027518804669366213
2023-03-15,600038.SH,0.02207146133719408
2023-03-16,600038.SH,-0.0014865347053721477
2023-03-17,600038.SH,-0.004065306454716451
2023-03-20,600038.SH,0.009133280141652595
2023-03-21,600038.SH,0.004525331256229515
2023-03-22,600038.SH,0.004499183718492958
2023-03-23,600038.SH,0.01550998878943323
2023-03-24,600038.SH,0.012372464097900725
2023-03-27,600038.SH,0.017408523095406747
2023-03-28,600038.SH,-0.008766004078789483
2023-03-29,600038.SH,0.014072656420054383
2023-03-30,600038.SH,0.0004320646994146228
2023-03-31,600038.SH,0.010023907622796077
2023-04-03,600038.SH,-0.00827880647704383
2023-04-04,600038.SH,-0.015437453863891313
2023-04-05,600038.SH,0.004914717502161391
2023-04-06,600038.SH,-0.01003627459209593
2023-04-07,600038.SH,-0.01513992277141711
2023-04-10,600038.SH,-0.0031403658584693746
2023-04-11,600038.SH,0.02621872984198724
2023-04-12,600038.SH,-0.0023398358982149744
2023-04-13,600038.SH,-0.016350430627522054
2023-04-14,600038.SH,0.00488009134003885
2023-04-17,600038.SH,0.012159379583011845
2023-04-18,600038.SH,0.0008355013772863009
2023-04-19,600038.SH,-0.025374602917875376
2023-04-20,600038.SH,0.035765413168723004
2023-04-21,600038.SH,-0.01362237302510826
2023-04-24,600038.SH,-0.02039043552255312
2023-04-25,600038.SH,-0.008899109168086426
2023-04-26,600038.SH,-0.00682375251387151
2023-04-27,600038.SH,0.006155219132807919
2023-04-28,600038.SH,-0.007780557634776437
2023-05-01,600038.SH,-0.017408362069333834
2023-05-02,600038.SH,0.006744596825884765
2023-05-03,600038.SH,-0.003705152663528672
2023-05-04,600038.SH,-0.026555605795053096
2023-05-05,600038.SH,0.010414541362870648
2023-05-08,600038.SH,-0.0004365619989084909
2023-05-09,600038.SH,0.0008203951834025421
2023-05-10,600038.SH,-0.016451010053350493
2023-05-11,600038.SH,0.011701955331590904
2023-05-12,600038.SH,0.01450040756232961
2023-05-15,600038.SH,-0.008793443183467529
2023-05-16,600038.SH,-0.007397329304448031
2023-05-17,600038.SH,0.003527665854311062
2023-05-18,600038.SH,-0.016556478698791725
2023-05-19,600038.SH,0.000606390385045061
2022-01-03,600039.SH,0.017118201924196077
2022-01-04,600039.SH,-0.008918099662207107
2022-01-05,600039.SH,-0.006132554107940757
2022-01-06,600039.SH,0.011445552704347196
2022-01-07,600039.SH,-0.017384828804426853
2022-01-10,600039.SH,-0.011919006429811684
2022-01-11,600039.SH,0.005775951954126172
2022-01-12,600039.SH,0.004380433289034601
2022-01-13,600039.SH,0.00022061239469873493
2022-01-14,600039.SH,-0.007431154587681475
2022-01-17,600039.SH,0.027670598703636536
2022-01-18,600039.SH,0.018227875472504568
2022-01-19,600039.SH,0.00886370676114141
2022-01-20,600039.SH,0.010329989114546228
2022-01-21,600039.SH,-0.006317357620933373
2022-01-24,600039.SH,0.004399524156274034
2022-01-25,600039.SH,0.004392947739840204
2022-01-26,600039.SH,-0.013442750944863326
2022-01-27,600039.SH,0.0045961978745812345
2022-01-28,600039.SH,-0.010061232950271505
2022-01-31,600039.SH,0.009094391521496535
2022-02-01,600039.SH,0.0013829344759863282
2022-02-02,600039.SH,0.011596655324675752
2022-02-03,600039.SH,-0.0016640915928031177
2022-02-04,600039.SH,-0.010233311349803285
2022-02-07,600039.SH,-0.02411779484149104
2022-02-08,600039.SH,-0.009870795482173879
2022-02-09,600039.SH,-0.004502900880280271
2022-02-10,600039.SH,-0.005627802927370624
2022-02-11,600039.SH,0.006340174270223714
2022-02-14,600039.SH,0.025248118226696904
2022-02-15,600039.SH,-0.004535712320087279
2022-02-16,600039.SH,0.009991227518642048
2022-02-17,600039.SH,-0.014339159021849327
2022-02-18,600039.SH,0.003572464113121185
2022-02-21,600039.SH,0.008521906548991173
2022-02-22,600039.SH,0.010010283627105187
2022-02-23,600039.SH,-0.00566238099487844
2022-02-24,600039.SH,-0.005260160579948631
2022-02-25,600039.SH,-0.011343688847481607
2022-02-28,600039.SH,-0.00305303372248001
2022-03-01,600039.SH,0.015304756883417389
2022-03-02,600039.SH,-0.026077500294281394
2022-03-03,600039.SH,0.015287217108840035
2022-03-04,600039.SH,0.005930131362668132
2022-03-07,600039.SH,-0.0057257045098054495
2022-03-08,600039.SH,-0.0013490595404873577
2022-03-09,600039.SH,0.02074831738868053
2022-03-10,600039.SH,0.01954536656936937
2022-03-11,600039.SH,-0.0006537751595238448
2022-03-14,600039.SH,0.003658872484043665
2022-03-15,600039.SH,-0.0014115078023944003
2022-03-16,600039.SH,-0.010309406780584281
2022-03-17,600039.SH,-0.009296406616551366
2022-03-18,600039.SH,-0.004548411476084163
2022-03-21,600039.SH,0.012992271011700682
2022-03-22,600039.SH,-0.003157278475317731
2022-03-23,600039.SH,0.0014793116771388993
2022-03-24,600039.SH,-0.020590369405395686
2022-03-25,600039.SH,0.009017404410376646
2022-03-28,600039.SH,-0.02107190971785434
2022-03-29,600039.SH,-0.00021304882006083518
2022-03-30,600039.SH,-0.01489300641044542
2022-03-31,600039.SH,0.011592279996633046
2022-04-01,600039.SH,-0.004911836079587212
2022-04-04,600039.SH,0.006809750474372792
2022-04-05,600039.SH,-0.006172832752387216
2022-04-06,600039.SH,0.013485075281472159
2022-04-07,600039.SH,0.008578698784352506
2022-04-08,600039.SH,0.017924284882093022
2022-04-11,600039.SH,-0.004598066586079177
2022-04-12,600039.SH,0.005187761511096943
2022-04-13,600039.SH,-0.009443600352242098
2022-04-14,600039.SH,0.007432316447333337
2022-04-15,600039.SH,0.013325841778754082
2022-04-18,600039.SH,0.014573482318382631
2022-04-19,600039.SH,0.0018919116111534157
2022-04-20,600039.SH,-0.0020110307992635672
2022-04-21,600039.SH,0.003416958213671489
2022-04-22,600039.SH,0.008901847198271659
2022-04-25,600039.SH,0.017113314387780694
2022-04-26,600039.SH,-0.011224034821329942
2022-04-27,600039.SH,-0.010342020516070274
2022-04-28,600039.SH,-0.0120952410346888
2022-04-29,600039.SH,-0.001269711007410761
2022-05-02,600039.SH,-0.005398970374340536
2022-05-03,600039.SH,0.0044208153385956826
2022-05-04,600039.SH,0.005556856381031629
2022-05-05,600039.SH,-0.0016049451724105324
2022-05-06,600039.SH,0.01921084254675222
2022-05-09,600039.SH,-0.009299508209229979
2022-05-10,600039.SH,0.015807442121510213
2022-05-11,600039.SH,-0.00019752785389826576
2022-05-12,600039.SH,-0.02137240925383811
2022-05-13,600039.SH,0.002420120886551894
2022-05-16,600039.SH,-0.0018547747371848115
2022-05-17,600039.SH,-0.014863713732965599
2022-05-18,600039.SH,-0.01762518027322582
2022-05-19,600039.SH,-0.01249247362459636
2022-05-20,600039.SH,0.016910629175223423
2022-05-23,600039.SH,-0.012259119173933557
2022-05-24,600039.SH,-0.002242059237720733
2022-05-25,600039.SH,-0.0001709205249899098
2022-05-26,600039.SH,-0.01047881011987446
2022-05-27,600039.SH,-0.017284425424524578
2022-05-30,600039.SH,0.008306191478663644
2022-05-31,600039.SH,-0.002958070491090852
2022-06-01,600039.SH,-0.006575964204598323
2022-06-02,600039.SH,0.006905531828972958
2022-06-03,600039.SH,-0.018243268687538824
2022-06-06,600039.SH,0.0028554110546764634
2022-06-07,600039.SH,-0.005716229006938299
2022-06-08,600039.SH,-0.01055559284084863
2022-06-09,600039.SH,-0.017675244210561967
2022-06-10,600039.SH,-0.006681572456846592
2022-06-13,600039.SH,0.006203168291654398
2022-06-14,600039.SH,0.009562583610968161
2022-06-15,600039.SH,-0.00914881551972195
2022-06-16,600039.SH,0.0008702932051416132
2022-06-17,600039.SH,-0.0034876114510903533
2022-06-20,600039.SH,0.013364896041920543
2022-06-21,600039.SH,-0.008842846957314947
2022-06-22,600039.SH,0.00014772957473371882
2022-06-23,600039.SH,0.011760704739100115
2022-06-24,600039.SH,0.005594468226865131
2022-06-27,600039.SH,-0.0017271302689988114
2022-06-28,600039.SH,0.023257222851742036
2022-06-29,600039.SH,-0.004965518205148265
2022-06-30,600039.SH,0.003340040975452773
2022-07-01,600039.SH,-0.0015188080345808928
2022-07-04,600039.SH,0.005821004792813723
2022-07-05,600039.SH,0.004830569149290158
2022-07-06,600039.SH,0.018391647242398577
2022-07-07,600039.SH,0.021470258019168957
2022-07-08,600039.SH,0.00040696245805065326
2022-07-11,600039.SH,-0.0148191004149354
2022-07-12,600039.SH,0.010981231197659851
2022-07-13,600039.SH,0.013809364333001003
2022-07-14,600039.SH,0.035176796185856174
2022-07-15,600039.SH,0.013639314561295746
2022-07-18,600039.SH,0.008894786280137335
2022-07-19,600039.SH,-0.014727008407924489
2022-07-20,600039.SH,-0.011930919204849125
2022-07-21,600039.SH,-5.77494724650655e-06
2022-07-22,600039.SH,-0.0017088407205737236
2022-07-25,600039.SH,-0.017426239942251724
2022-07-26,600039.SH,0.0030354904230805125
2022-07-27,600039.SH,0.0009342680605299179
2022-07-28,600039.SH,0.010049770664020196
2022-07-29,600039.SH,0.020758671538036056
2022-08-01,600039.SH,-0.00509391267898774
2022-08-02,600039.SH,-0.004862575774886677
2022-08-03,600039.SH,-0.012394756567242307
2022-08-04,600039.SH,-0.0019100716701793206
2022-08-05,600039.SH,0.021787778639881225
2022-08-08,600039.SH,0.014781510232776553
2022-08-09,600039.SH,-0.004630601823099543
2022-08-10,600039.SH,0.026570944042656676
2022-08-11,600039.SH,-0.00707125244270284
2022-08-12,600039.SH,-0.02553133160342675
2022-08-15,600039.SH,-0.015129371162147486
2022-08-16,600039.SH,-0.018267683456714583
2022-08-17,600039.SH,-0.0009718968036631949
2022-08-18,600039.SH,-0.010201243477476434
2022-08-19,600039.SH,0.0060057539771564365
2022-08-22,600039.SH,0.004581861726592855
2022-08-23,600039.SH,0.013746600223614604
2022-08-24,600039.SH,0.008917950810133572
2022-08-25,600039.SH,-0.010185203233241921
2022-08-26,600039.SH,0.008523232410557679
2022-08-29,600039.SH,0.008674026800552227
2022-08-30,600039.SH,0.007514286527318248
2022-08-31,600039.SH,0.000585307520253011
2022-09-01,600039.SH,-0.022451769107137774
2022-09-02,600039.SH,0.000320857481496321
2022-09-05,600039.SH,0.019189008829391146
2022-09-06,600039.SH,0.01586225404175185
2022-09-07,600039.SH,-0.004663639875087343
2022-09-08,600039.SH,-0.002569055168757488
2022-09-09,600039.SH,-0.0019175980333055345
2022-09-12,600039.SH,0.0068435174020516545
2022-09-13,600039.SH,0.008234890647851443
2022-09-14,600039.SH,-0.0004927767299664765
2022-09-15,600039.SH,0.018889675740192798
2022-09-16,600039.SH,0.007139076955475117
2022-09-19,600039.SH,0.003645168196186108
2022-09-20,600039.SH,-0.003541044740718655
2022-09-21,600039.SH,-0.015424162981642571
2022-09-22,600039.SH,-0.012809974360149839
2022-09-23,600039.SH,0.03115456037199588
2022-09-26,600039.SH,0.03333832168274266
2022-09-27,600039.SH,0.006929858298205052
2022-09-28,600039.SH,-0.0018778606007517217
2022-09-29,600039.SH,-0.0019249678571063335
2022-09-30,600039.SH,-0.006656282399047069
2022-10-03,600039.SH,-0.015057889116017145
2022-10-04,600039.SH,0.021451833323171556
2022-10-05,600039.SH,-0.019217897880781612
2022-10-06,600039.SH,0.003803868399540603
2022-10-07,600039.SH,-0.010049936964699788
2022-10-10,600039.SH,0.0026054445355567467
2022-10-11,600039.SH,0.017920536793620302
2022-10-12,600039.SH,0.010944366143034939
2022-10-13,600039.SH,0.004544608336899051
2022-10-14,600039.SH,-0.008789211306432891
2022-10-17,600039.SH,-0.007014448201561968
2022-10-18,600039.SH,-0.004290458314610765
2022-10-19,600039.SH,0.00027156966098962343
2022-10-20,600039.SH,-0.0037042241540301284
2022-10-21,600039.SH,-0.007966424489339558
2022-10-24,600039.SH,0.004536796663213781
2022-10-25,600039.SH,-0.0004545811164371194
2022-10-26,600039.SH,-0.010673394228526234
2022-10-27,600039.SH,-0.013316506806743155
2022-10-28,600039.SH,0.00339450284322167
2022-10-31,600039.SH,0.0036306266570188574
2022-11-01,600039.SH,-0.010225658467465485
2022-11-02,600039.SH,0.024207371529961053
2022-11-03,600039.SH,-0.012232048312798281
2022-11-04,600039.SH,-0.007561841026562009
2022-11-07,600039.SH,0.020013923028085023
2022-11-08,600039.SH,-0.0010368605252324354
2022-11-09,600039.SH,-0.007433607708883713
2022-11-10,600039.SH,-0.0015323122009323082
2022-11-11,600039.SH,0.0018321534960921097
2022-11-14,600039.SH,0.011662362593220158
2022-11-15,600039.SH,0.014048110184854141
2022-11-16,600039.SH,0.03634497458974547
2022-11-17,600039.SH,-0.02587243465951001
2022-11-18,600039.SH,-0.01815041597161635
2022-11-21,600039.SH,0.005823312462468264
2022-11-22,600039.SH,1.4760562755952028e-05
2022-11-23,600039.SH,0.005938700859283476
2022-11-24,600039.SH,0.01395958204028598
2022-11-25,600039.SH,-0.00012059800044437758
2022-11-28,600039.SH,-0.002235494316202866
2022-11-29,600039.SH,-0.026837357154160295
2022-11-30,600039.SH,0.006880581686368651
2022-12-01,600039.SH,-0.0018925331794941843
2022-12-02,600039.SH,0.010048796048469713
2022-12-05,600039.SH,0.010627524543670948
2022-12-06,600039.SH,0.0025506603624121664
2022-12-07,600039.SH,-0.02633731730717488
2022-12-08,600039.SH,0.00598886734889344
2022-12-09,600039.SH,0.006852477546196974
2022-12-12,600039.SH,-0.00691973871346844
2022-12-13,600039.SH,-0.011341623891845669
2022-12-14,600039.SH,0.010389054724722586
2022-12-15,600039.SH,0.03088353856923843
2022-12-16,600039.SH,-0.006927937037923078
2022-12-19,600039.SH,0.002186423258377065
2022-12-20,600039.SH,-0.005424418494109627
2022-12-21,600039.SH,0.012088831501498136
2022-12-22,600039.SH,-0.015590206425832902
2022-12-23,600039.SH,-0.003952938647311529
2022-12-26,600039.SH,0.00503107835981986
2022-12-27,600039.SH,0.021921170327780914
2022-12-28,600039.SH,-0.0056031337145282
2022-12-29,600039.SH,-0.022326566961434792
2022-12-30,600039.SH,0.0029517489062480095
2023-01-02,600039.SH,0.0025872037884629127
2023-01-03,600039.SH,-0.0034412042656055343
2023-01-04,600039.SH,-0.002514794551600901
2023-01-05,600039.SH,-0.013911874311120986
2023-01-06,600039.SH,0.02315278915122603
2023-01-09,600039.SH,0.008620175429158994
2023-01-10,600039.SH,-0.01613407681346702
2023-01-11,600039.SH,0.006091451600046045
2023-01-12,600039.SH,0.012486959800971347
2023-01-13,600039.SH,0.0015650218282662858
2023-01-16,600039.SH,-0.014788398990295916
2023-01-17,600039.SH,-0.007378788766860106
2023-01-18,600039.SH,-0.009951482064500267
2023-01-19,600039.SH,0.03196192644191427
2023-01-20,600039.SH,0.011870198667433694
2023-01-23,600039.SH,-0.013700471726334295
2023-01-24,600039.SH,-0.0022631184191134993
2023-01-25,600039.SH,-0.007488923920131822
2023-01-26,600039.SH,0.005040188955877609
2023-01-27,600039.SH,-0.008102073759711004
2023-01-30,600039.SH,-0.0067978017705958675
2023-01-31,600039.SH,-0.003090349741130158
2023-02-01,600039.SH,0.009894636410516421
2023-02-02,600039.SH,0.008421799352332745
2023-02-03,600039.SH,-0.0064358573795146225
2023-02-06,600039.SH,-0.0004953114104813733
2023-02-07,600039.SH,-0.0025742089994302535
2023-02-08,600039.SH,-0.0016385591579578156
2023-02-09,600039.SH,0.009311748567821989
2023-02-10,600039.SH,0.013317995533663437
2023-02-13,600039.SH,-0.014236738903252588
2023-02-14,600039.SH,-0.0008620882342580782
2023-02-15,600039.SH,0.020164789373881904
2023-02-16,600039.SH,-0.0017124702052930749
2023-02-17,600039.SH,0.015924793697230023
2023-02-20,600039.SH,-0.0065454787784854215
2023-02-21,600039.SH,0.015118413099555052
2023-02-22,600039.SH,-0.002388953629500155
2023-02-23,600039.SH,-0.0036096078710712767
2023-02-24,600039.SH,0.010506750677925742
2023-02-27,600039.SH,0.0011791612876658475
2023-02-28,600039.SH,-0.006771151673057345
2023-03-01,600039.SH,0.016967590021278397
2023-03-02,600039.SH,-0.0028297543352614717
2023-03-03,600039.SH,-0.0029537590396969873
2023-03-06,600039.SH,-0.024139827203362475
2023-03-07,600039.SH,0.004160525786662329
2023-03-08,600039.SH,0.012487840435730778
2023-03-09,600039.SH,-0.0045605972111992
2023-03-10,600039.SH,0.010600092874515554
2023-03-13,600039.SH,0.010964327603099278
2023-03-14,600039.SH,-0.0020736644590900956
2023-03-15,600039.SH,0.01397824748444125
2023-03-16,600039.SH,-0.0139873812021281
2023-03-17,600039.SH,0.020118122382896023
2023-03-20,600039.SH,-0.00221347477861482
2023-03-21,600039.SH,-0.010461168538029468
2023-03-22,600039.SH,-0.030176479070279042
2023-03-23,600039.SH,0.01820802088709275
2023-03-24,600039.SH,-0.003845513457682505
2023-03-27,600039.SH,0.008365659874031803
2023-03-28,600039.SH,0.007111271552604766
2023-03-29,600039.SH,0.01797896071070567
2023-03-30,600039.SH,0.007951332610385404
2023-03-31,600039.SH,0.012023027088596244
2023-04-03,600039.SH,0.0016747815429565792
2023-04-04,600039.SH,-0.008366901806173933
2023-04-05,600039.SH,0.013434688365607886
2023-04-06,600039.SH,-0.010405089253918235
2023-04-07,600039.SH,0.010618535320237026
2023-04-10,600039.SH,0.015821352200737892
2023-04-11,600039.SH,0.008907180172348183
2023-04-12,600039.SH,0.01845965124460976
2023-04-13,600039.SH,0.008417043230661133
2023-04-14,600039.SH,0.01704834918689224
2023-04-17,600039.SH,-0.0177086177787176
2023-04-18,600039.SH,0.016552702802390257
2023-04-19,600039.SH,0.001673907831210384
2023-04-20,600039.SH,0.006967584491318506
2023-04-21,600039.SH,-0.016722392356336872
2023-04-24,600039.SH,-0.015067407823246571
2023-04-25,600039.SH,-0.00839860574878432
2023-04-26,600039.SH,0.004658806871330533
2023-04-27,600039.SH,-0.008304529049395373
2023-04-28,600039.SH,0.030906675831157696
2023-05-01,600039.SH,-0.010990166585670657
2023-05-02,600039.SH,0.018069888355966922
2023-05-03,600039.SH,-0.00550298973257829
2023-05-04,600039.SH,0.0028390372514482173
2023-05-05,600039.SH,-0.006219531785900196
2023-05-08,600039.SH,0.005027607666348208
2023-05-09,600039.SH,0.0004564406873277223
2023-05-10,600039.SH,-0.009047114644677928
2023-05-11,600039.SH,0.0013451453406413951
2023-05-12,600039.SH,-0.0005993894056009839
2023-05-15,600039.SH,-0.01073385890540958
2023-05-16,600039.SH,-0.002549060927725129
2023-05-17,600039.SH,0.003323029887122517
2023-05-18,600039.SH,0.004730181448345131
2023-05-19,600039.SH,0.0017732745242877161
2022-01-03,600040.SH,0.014103138650979312
2022-01-04,600040.SH,-0.023101641569494968
2022-01-05,600040.SH,0.001673915509364239
2022-01-06,600040.SH,0.014634566922493958
2022-01-07,600040.SH,-0.01217637395131711
2022-01-10,600040.SH,-0.01902918720149032
2022-01-11,600040.SH,0.010363412146997304
2022-01-12,600040.SH,-0.00784267255827347
2022-01-13,600040.SH,-0.00790804487397152
2022-01-14,600040.SH,-0.00195487381562056
2022-01-17,600040.SH,0.007096877452244987
2022-01-18,600040.SH,0.0009932121331454862
2022-01-19,600040.SH,-0.005040439671981321
2022-01-20,600040.SH,-0.0016800383423227188
2022-01-21,600040.SH,-0.00021740772257228301
2022-01-24,600040.SH,0.0041257546518084515
2022-01-25,600040.SH,0.005395510902541633
2022-01-26,600040.SH,0.0019148800011414618
2022-01-27,600040.SH,0.012188287787205194
2022-01-28,600040.SH,-0.006521869357608218
2022-01-31,600040.SH,-0.017970311656204517
2022-02-01,600040.SH,-0.014715980002269487
2022-02-02,600040.SH,0.0030679725984170438
2022-02-03,600040.SH,-0.008722064559467014
2022-02-04,600040.SH,0.0063835766912923465
2022-02-07,600040.SH,0.006888816264591185
2022-02-08,600040.SH,0.02637726988719324
2022-02-09,600040.SH,-0.004713659197011228
2022-02-10,600040.SH,0.01927634395341206
2022-02-11,600040.SH,0.019359240080704363
2022-02-14,600040.SH,0.014810543226575053
2022-02-15,600040.SH,0.0014842338383254227
2022-02-16,600040.SH,0.008309390658839809
2022-02-17,600040.SH,-0.007099428052605631
2022-02-18,600040.SH,0.0035639176084575393
2022-02-21,600040.SH,0.002758404130592613
2022-02-22,600040.SH,-0.024511964847869296
2022-02-23,600040.SH,-0.006016535650815434
2022-02-24,600040.SH,-0.013694543000064181
2022-02-25,600040.SH,-0.005548743933570669
2022-02-28,600040.SH,0.010167949871070683
2022-03-01,600040.SH,-0.010167888261769422
2022-03-02,600040.SH,0.0027367212544966227
2022-03-03,600040.SH,0.00669328373713897
2022-03-04,600040.SH,-0.0030684456438466933
2022-03-07,600040.SH,0.0011164062453875119
2022-03-08,600040.SH,-0.004930780717956903
2022-03-09,600040.SH,0.009292150423851217
2022-03-10,600040.SH,0.007304950915087813
2022-03-11,600040.SH,0.0031591321018065747
2022-03-14,600040.SH,0.0073318589862511755
2022-03-15,600040.SH,-0.001373848332208917
2022-03-16,600040.SH,-0.026847829308054676
2022-03-17,600040.SH,0.007015814018267898
2022-03-18,600040.SH,0.0031242029017817135
2022-03-21,600040.SH,-0.01046461081865608
2022-03-22,600040.SH,0.001889963981486931
2022-03-23,600040.SH,0.02453926487705467
2022-03-24,600040.SH,0.004460359105293453
2022-03-25,600040.SH,0.0021006384724118893
2022-03-28,600040.SH,-0.02835056862726895
2022-03-29,600040.SH,-0.015851231635853735
2022-03-30,600040.SH,-0.001815235608711066
2022-03-31,600040.SH,0.01931294998374581
2022-04-01,600040.SH,-0.001594641483070841
2022-04-04,600040.SH,0.0003834993515058468
2022-04-05,600040.SH,-0.008958911559170684
2022-04-06,600040.SH,-0.00901612230420321
2022-04-07,600040.SH,0.006751538609190959
2022-04-08,600040.SH,-0.014330936344570475
2022-04-11,600040.SH,0.0006381089765661388
2022-04-12,600040.SH,-0.010514508492124314
2022-04-13,600040.SH,0.017435727459240463
2022-04-14,600040.SH,-0.007758424033070036
2022-04-15,600040.SH,0.017038067606813603
2022-04-18,600040.SH,0.019437336812407013
2022-04-19,600040.SH,-0.0075348612591487635
2022-04-20,600040.SH,-0.0026822886065049623
2022-04-21,600040.SH,-0.004208255009560272
2022-04-22,600040.SH,-0.011572986570157458
2022-04-25,600040.SH,0.003648142402710709
2022-04-26,600040.SH,-0.0050884476860696
2022-04-27,600040.SH,-0.018927983441932222
2022-04-28,600040.SH,0.019881150081272003
2022-04-29,600040.SH,-0.012161885736342939
2022-05-02,600040.SH,0.004551902618456538
2022-05-03,600040.SH,-0.01001759305575621
2022-05-04,600040.SH,-0.0025701424410968427
2022-05-05,600040.SH,0.0002671921588051872
2022-05-06,600040.SH,0.0035429451499869482
2022-05-09,600040.SH,0.005177181767501145
2022-05-10,600040.SH,0.007260779609335315
2022-05-11,600040.SH,-0.0011141871253654693
2022-05-12,600040.SH,0.006405084516743841
2022-05-13,600040.SH,-0.013596783689718582
2022-05-16,600040.SH,-0.009264374228325791
2022-05-17,600040.SH,-0.012994653725667934
2022-05-18,600040.SH,0.002053142722564634
2022-05-19,600040.SH,0.006424418108946738
2022-05-20,600040.SH,-0.008824580988009492
2022-05-23,600040.SH,-0.004904401777828325
2022-05-24,600040.SH,0.009301432969818554
2022-05-25,600040.SH,-0.0025456725317210896
2022-05-26,600040.SH,0.0053365135355474885
2022-05-27,600040.SH,-0.013057357992192615
2022-05-30,600040.SH,0.00600550508974157
2022-05-31,600040.SH,0.0006805834861970507
2022-06-01,600040.SH,0.015126303771802966
2022-06-02,600040.SH,0.0006861679932115517
2022-06-03,600040.SH,-0.007154176134017731
2022-06-06,600040.SH,-0.015615984014459964
2022-06-07,600040.SH,0.0101923154688771
2022-06-08,600040.SH,-0.019319020795646208
2022-06-09,600040.SH,-0.021411773870830493
2022-06-10,600040.SH,0.0038992893518691417
2022-06-13,600040.SH,-0.010450932026733542
2022-06-14,600040.SH,-0.005722125409191471
2022-06-15,600040.SH,-0.004673343060795916
2022-06-16,600040.SH,0.020110491049752578
2022-06-17,600040.SH,-0.011243748983961629
2022-06-20,600040.SH,-0.008729528583200277
2022-06-21,600040.SH,-0.0023523577657428357
2022-06-22,600040.SH,0.009958881185064258
2022-06-23,600040.SH,0.019352718142751923
2022-06-24,600040.SH,-0.011671928007044498
2022-06-27,600040.SH,0.013306062660839224
2022-06-28,600040.SH,0.0055988640651683805
2022-06-29,600040.SH,-0.007147182448616068
2022-06-30,600040.SH,-0.014507099665830948
2022-07-01,600040.SH,-0.003701261504146367
2022-07-04,600040.SH,0.022395011110964876
2022-07-05,600040.SH,-0.009741833567600139
2022-07-06,600040.SH,0.00048273039805166607
2022-07-07,600040.SH,-0.004099393923545597
2022-07-08,600040.SH,-0.02645674992840146
2022-07-11,600040.SH,0.006365000211984249
2022-07-12,600040.SH,0.0056369418555676665
2022-07-13,600040.SH,-0.0037839665198234175
2022-07-14,600040.SH,0.005810664232246764
2022-07-15,600040.SH,0.0234637235195469
2022-07-18,600040.SH,0.012635229399592843
2022-07-19,600040.SH,-0.019426204047624625
2022-07-20,600040.SH,-0.00592227682717876
2022-07-21,600040.SH,0.0012253561791816516
2022-07-22,600040.SH,-0.015805962612553577
2022-07-25,600040.SH,-0.00799976234716726
2022-07-26,600040.SH,0.012588764378818632
2022-07-27,600040.SH,-0.015008460456784455
2022-07-28,600040.SH,0.0012089122868396817
2022-07-29,600040.SH,0.010782224385911962
2022-08-01,600040.SH,0.0008954917382268416
2022-08-02,600040.SH,-0.016197638205187014
2022-08-03,600040.SH,-0.0037495311939866258
2022-08-04,600040.SH,0.0062324940591051625
2022-08-05,600040.SH,0.002883646278634248
2022-08-08,600040.SH,0.008019473432803922
2022-08-09,600040.SH,-0.0035408500265604937
2022-08-10,600040.SH,0.010708676741168446
2022-08-11,600040.SH,-0.01711365540044701
2022-08-12,600040.SH,0.003798298679994927
2022-08-15,600040.SH,0.009281156788899408
2022-08-16,600040.SH,-0.008161357014688734
2022-08-17,600040.SH,0.020588802783789384
2022-08-18,600040.SH,0.005286926994698169
2022-08-19,600040.SH,0.026263522015567645
2022-08-22,600040.SH,0.008346395930210774
2022-08-23,600040.SH,-0.009902791030593976
2022-08-24,600040.SH,-7.592915442828415e-05
2022-08-25,600040.SH,0.0037537793335674675
2022-08-26,600040.SH,-0.005268273178102788
2022-08-29,600040.SH,0.012589365886968525
2022-08-30,600040.SH,0.01986232933988297
2022-08-31,600040.SH,-0.01179916925531354
2022-09-01,600040.SH,-0.011428846309195223
2022-09-02,600040.SH,-0.017719041956453324
2022-09-05,600040.SH,-0.0005705810992847405
2022-09-06,600040.SH,0.010378406557949646
2022-09-07,600040.SH,0.010822512056056091
2022-09-08,600040.SH,-0.009833753246217406
2022-09-09,600040.SH,-0.023880886932737294
2022-09-12,600040.SH,-0.0055974168886936005
2022-09-13,600040.SH,-0.008527956116156449
2022-09-14,600040.SH,-0.009844333736640613
2022-09-15,600040.SH,0.010722053686631244
2022-09-16,600040.SH,-0.007367887547595686
2022-09-19,600040.SH,0.00017504203336861715
2022-09-20,600040.SH,-0.00782859867874585
2022-09-21,600040.SH,-0.020952292265361813
2022-09-22,600040.SH,-0.016490211036921776
2022-09-23,600040.SH,0.007234549498899342
2022-09-26,600040.SH,0.020679893936004484
2022-09-27,600040.SH,-0.01133144755695703
2022-09-28,600040.SH,-0.006641464852385615
2022-09-29,600040.SH,0.006241327538769928
2022-09-30,600040.SH,-0.0007675156959722294
2022-10-03,600040.SH,-0.008700608911823653
2022-10-04,600040.SH,0.0156535815915043
2022-10-05,600040.SH,-0.014680542742924806
2022-10-06,600040.SH,-0.0005346410181087692
2022-10-07,600040.SH,-0.007066453358495425
2022-10-10,600040.SH,-0.00955986458846457
2022-10-11,600040.SH,0.010584744480659158
2022-10-12,600040.SH,0.018053956837566196
2022-10-13,600040.SH,-0.003377577683046469
2022-10-14,600040.SH,-0.017675926626625843
2022-10-17,600040.SH,-0.013512063411366456
2022-10-18,600040.SH,-0.02133811988138306
2022-10-19,600040.SH,-0.017623027776818033
2022-10-20,600040.SH,-0.011525049051721813
2022-10-21,600040.SH,-0.006728817934917996
2022-10-24,600040.SH,0.005066970188055842
2022-10-25,600040.SH,-0.02709446814895021
2022-10-26,600040.SH,-0.006014410174314384
2022-10-27,600040.SH,0.001144229267368122
2022-10-28,600040.SH,-0.016203835483841064
2022-10-31,600040.SH,0.004470605653986122
2022-11-01,600040.SH,0.007233361095412087
2022-11-02,600040.SH,0.0028765156393052525
2022-11-03,600040.SH,0.0021791985276092716
2022-11-04,600040.SH,-0.020778803687215935
2022-11-07,600040.SH,0.035093625194278055
2022-11-08,600040.SH,0.005597981661106732
2022-11-09,600040.SH,0.0019692409027243602
2022-11-10,600040.SH,0.002573075685191474
2022-11-11,600040.SH,-0.0025695723393431547
2022-11-14,600040.SH,-0.004352734483507879
2022-11-15,600040.SH,0.03386523514124383
2022-11-16,600040.SH,0.03342241491260131
2022-11-17,600040.SH,-0.01376032386564819
2022-11-18,600040.SH,-0.003436499263471562
2022-11-21,600040.SH,-0.0012571105820814825
2022-11-22,600040.SH,-0.005507106129815616
2022-11-23,600040.SH,0.00847072511610256
2022-11-24,600040.SH,0.017450864941989695
2022-11-25,600040.SH,-0.011455716457514309
2022-11-28,600040.SH,-0.0010404248865397798
2022-11-29,600040.SH,-0.01724023918300861
2022-11-30,600040.SH,-0.013470013298296883
2022-12-01,600040.SH,-0.01839584175916051
2022-12-02,600040.SH,-0.010759684662892278
2022-12-05,600040.SH,0.002270312282685337
2022-12-06,600040.SH,0.00885948118911282
2022-12-07,600040.SH,-0.0065626979476368745
2022-12-08,600040.SH,-0.007335254930471746
2022-12-09,600040.SH,0.02116223996779078
2022-12-12,600040.SH,-0.007523776154643946
2022-12-13,600040.SH,-0.004698314073420776
2022-12-14,600040.SH,0.019448934063212537
2022-12-15,600040.SH,0.009196315696649443
2022-12-16,600040.SH,-0.01727500449004512
2022-12-19,600040.SH,-0.013235207899124673
2022-12-20,600040.SH,0.013803894484064164
2022-12-21,600040.SH,0.030370582191080867
2022-12-22,600040.SH,-0.029585335831547648
2022-12-23,600040.SH,0.01368592335117973
2022-12-26,600040.SH,0.007085914343809248
2022-12-27,600040.SH,0.013605326787319969
2022-12-28,600040.SH,0.0020554229760081687
2022-12-29,600040.SH,0.013333366819870877
2022-12-30,600040.SH,-0.008901742133384892
2023-01-02,600040.SH,-0.015539934539926489
2023-01-03,600040.SH,-0.003187848757803741
2023-01-04,600040.SH,0.007013919578078106
2023-01-05,600040.SH,-0.006602228765895715
2023-01-06,600040.SH,0.010349625401887818
2023-01-09,600040.SH,0.007444752656154189
2023-01-10,600040.SH,-0.0047116585698009725
2023-01-11,600040.SH,-0.00804573256592178
2023-01-12,600040.SH,-0.0034929110447105057
2023-01-13,600040.SH,0.0020463916417345876
2023-01-16,600040.SH,-0.025366382310902286
2023-01-17,600040.SH,-0.005268810013763768
2023-01-18,600040.SH,-0.020745213235051903
2023-01-19,600040.SH,0.010574597931664362
2023-01-20,600040.SH,0.024559986562674174
2023-01-23,600040.SH,-0.00877439139683635
2023-01-24,600040.SH,0.0009271397810551541
2023-01-25,600040.SH,0.019588959497255858
2023-01-26,600040.SH,0.024064524937284417
2023-01-27,600040.SH,0.003437127605089226
2023-01-30,600040.SH,0.012425491785097713
2023-01-31,600040.SH,-0.027653515920161457
2023-02-01,600040.SH,-0.008314638681640096
2023-02-02,600040.SH,0.003922343796508841
2023-02-03,600040.SH,-0.00489733984063171
2023-02-06,600040.SH,0.007171844382892813
2023-02-07,600040.SH,-0.0035778837791609957
2023-02-08,600040.SH,0.002353689230466407
2023-02-09,600040.SH,-0.0007462539208986951
2023-02-10,600040.SH,-0.002141847200292357
2023-02-13,600040.SH,-0.002740567786995095
2023-02-14,600040.SH,-0.007326544929575857
2023-02-15,600040.SH,0.014569009867794889
2023-02-16,600040.SH,-0.018582767725499598
2023-02-17,600040.SH,-0.006294919775637825
2023-02-20,600040.SH,0.00806984203121525
2023-02-21,600040.SH,0.012646267801819756
2023-02-22,600040.SH,0.0037984463091843067
2023-02-23,600040.SH,-0.024478207460435907
2023-02-24,600040.SH,0.0036204215383327937
2023-02-27,600040.SH,0.004704486084678956
2023-02-28,600040.SH,-0.011305343776330768
2023-03-01,600040.SH,-0.002164742860613633
2023-03-02,600040.SH,0.010143431588564705
2023-03-03,600040.SH,0.007342719923567642
2023-03-06,600040.SH,0.0031067049677922995
2023-03-07,600040.SH,0.00784157152310795
2023-03-08,600040.SH,0.007694359641855019
2023-03-09,600040.SH,0.0004051445006274003
2023-03-10,600040.SH,0.031275731130281086
2023-03-13,600040.SH,0.007768098610097399
2023-03-14,600040.SH,-0.010033112993283381
2023-03-15,600040.SH,0.02402614354600059
2023-03-16,600040.SH,0.004949701952543597
2023-03-17,600040.SH,0.021683346654166293
2023-03-20,600040.SH,5.712915153081909e-05
2023-03-21,600040.SH,0.0003323516534065081
2023-03-22,600040.SH,0.009681817501344683
2023-03-23,600040.SH,-0.007467991973611048
2023-03-24,600040.SH,-0.015280052030949
2023-03-27,600040.SH,-0.0026148269792107912
2023-03-28,600040.SH,-0.02347600624577412
2023-03-29,600040.SH,0.018101741027904586
2023-03-30,600040.SH,0.0004327677700206884
2023-03-31,600040.SH,0.023618849677640164
2023-04-03,600040.SH,0.009737062441455198
2023-04-04,600040.SH,-0.006504897378949084
2023-04-05,600040.SH,-0.005089620191592082
2023-04-06,600040.SH,-0.01701853898060901
2023-04-07,600040.SH,-0.0032486299867329907
2023-04-10,600040.SH,0.021281509299295464
2023-04-11,600040.SH,0.0045964504323441485
2023-04-12,600040.SH,-0.012610806654952896
2023-04-13,600040.SH,-0.020099919845506777
2023-04-14,600040.SH,0.0023038868962483566
2023-04-17,600040.SH,-0.0152731565443344
2023-04-18,600040.SH,-0.006086528093070048
2023-04-19,600040.SH,0.00010828794992335687
2023-04-20,600040.SH,0.004798186542008116
2023-04-21,600040.SH,0.007808127385390641
2023-04-24,600040.SH,-0.01278527522734373
2023-04-25,600040.SH,0.022087723278749912
2023-04-26,600040.SH,0.008155945732705741
2023-04-27,600040.SH,0.01924794557772295
2023-04-28,600040.SH,0.004743673739192291
2023-05-01,600040.SH,-0.03251535392170818
2023-05-02,600040.SH,-0.004873129958730426
2023-05-03,600040.SH,0.01330752302383783
2023-05-04,600040.SH,-0.005641138014037243
2023-05-05,600040.SH,0.02392140810769382
2023-05-08,600040.SH,-0.022418600688246797
2023-05-09,600040.SH,0.01930244083558931
2023-05-10,600040.SH,-0.0012129230278779524
2023-05-11,600040.SH,-0.008930023931520445
2023-05-12,600040.SH,0.015783060915200365
2023-05-15,600040.SH,0.00355784992942698
2023-05-16,600040.SH,0.005687500127370075
2023-05-17,600040.SH,0.012153837417407424
2023-05-18,600040.SH,-0.0026040084336078967
2023-05-19,600040.SH,-0.015908480426619676
2022-01-03,600041.SH,0.0010074739402063607
2022-01-04,600041.SH,-0.024496324558432883
2022-01-05,600041.SH,0.012494228372040582
2022-01-06,600041.SH,0.021504220146970107
2022-01-07,600041.SH,-0.02802280113475395
2022-01-10,600041.SH,-0.01713207366022265
2022-01-11,600041.SH,-0.0078009699858834014
2022-01-12,600041.SH,-0.007068993458132028
2022-01-13,600041.SH,0.00398982232195437
2022-01-14,600041.SH,-0.011255042641600231
2022-01-17,600041.SH,0.013560485525892878
2022-01-18,600041.SH,0.016876133184191337
2022-01-19,600041.SH,0.011545838193782498
2022-01-20,600041.SH,-0.0021638812979522127
2022-01-21,600041.SH,0.017599364182743594
2022-01-24,600041.SH,0.0077863831456964835
2022-01-25,600041.SH,0.01847680558503168
2022-01-26,600041.SH,-0.00924920900380895
2022-01-27,600041.SH,-0.0004908223226445969
2022-01-28,600041.SH,-0.01024181920269087
2022-01-31,600041.SH,-0.012496697774110277
2022-02-01,600041.SH,-0.005330532288582844
2022-02-02,600041.SH,0.018258849274296492
2022-02-03,600041.SH,0.011829348553323026
2022-02-04,600041.SH,-0.008282193740928371
2022-02-07,600041.SH,-0.003203951074708725
2022-02-08,600041.SH,0.003216597950412333
2022-02-09,600041.SH,-0.003429249983738763
2022-02-10,600041.SH,0.0106593561903741
2022-02-11,600041.SH,0.007075050490295318
2022-02-14,600041.SH,0.018551412558159754
2022-02-15,600041.SH,0.00033173426088232375
2022-02-16,600041.SH,0.002056570647002538
2022-02-17,600041.SH,-0.0004558116346791404
2022-02-18,600041.SH,-0.0034570641806146076
2022-02-21,600041.SH,0.017995063829196592
2022-02-22,600041.SH,0.0016420815155665926
2022-02-23,600041.SH,-0.011067413765502876
2022-02-24,600041.SH,-0.004253552811068215
2022-02-25,600041.SH,0.00864951706984814
2022-02-28,600041.SH,0.016763870041268777
2022-03-01,600041.SH,-0.006116322138410244
2022-03-02,600041.SH,0.007925765878232379
2022-03-03,600041.SH,0.002088954147632033
2022-03-04,600041.SH,-0.00412804603436016
2022-03-07,600041.SH,-0.003618072224739243
2022-03-08,600041.SH,-0.003042247359840277
2022-03-09,600041.SH,-0.015620384447369974
2022-03-10,600041.SH,0.012205307308167195
2022-03-11,600041.SH,0.020349496560130777
2022-03-14,600041.SH,-0.013863198298838277
2022-03-15,600041.SH,-0.00445397335259526
2022-03-16,600041.SH,-0.004141414667392
2022-03-17,600041.SH,-0.003013738817572641
2022-03-18,600041.SH,0.0045812111884091285
2022-03-21,600041.SH,-0.006128228017435101
2022-03-22,600041.SH,-0.008007413002477247
2022-03-23,600041.SH,0.009701109383143856
2022-03-24,600041.SH,-0.03074754314810558
2022-03-25,600041.SH,-0.0036886166197528025
2022-03-28,600041.SH,-0.003980164430739421
2022-03-29,600041.SH,0.009239918201902248
2022-03-30,600041.SH,0.015363685071763207
2022-03-31,600041.SH,0.009098472115354552
2022-04-01,600041.SH,-0.01687087610451986
2022-04-04,600041.SH,-3.287410272016268e-06
2022-04-05,600041.SH,0.01045675618749882
2022-04-06,600041.SH,0.012531728045518995
2022-04-07,600041.SH,0.020490284480129663
2022-04-08,600041.SH,-0.0038929592467509145
2022-04-11,600041.SH,-0.023271249252449028
2022-04-12,600041.SH,-0.009472613611612663
2022-04-13,600041.SH,-0.007207548105710266
2022-04-14,600041.SH,0.01963293415334464
2022-04-15,600041.SH,0.003417318889786635
2022-04-18,600041.SH,0.005690694621349859
2022-04-19,600041.SH,-0.0026830696892576867
2022-04-20,600041.SH,0.005266905826240578
2022-04-21,600041.SH,0.011269124012354376
2022-04-22,600041.SH,-0.009720146657941867
2022-04-25,600041.SH,-0.006922002045796396
2022-04-26,600041.SH,0.008410177685513774
2022-04-27,600041.SH,-0.01931484371687741
2022-04-28,600041.SH,0.013323571440061095
2022-04-29,600041.SH,-0.02867350413724932
2022-05-02,600041.SH,-0.001949631482025556
2022-05-03,600041.SH,0.0059633209842126795
2022-05-04,600041.SH,0.00010337184060423486
2022-05-05,600041.SH,-0.009318794766371137
2022-05-06,600041.SH,0.007836530949499515
2022-05-09,600041.SH,0.005993124289787101
2022-05-10,600041.SH,-0.0029483667604951673
2022-05-11,600041.SH,-0.00962560940418231
2022-05-12,600041.SH,-0.0009838056825571943
2022-05-13,600041.SH,-0.019317891591187793
2022-05-16,600041.SH,0.012768426909106888
2022-05-17,600041.SH,-0.012981768417002947
2022-05-18,600041.SH,-0.011715544159002958
2022-05-19,600041.SH,-0.0022181676410903965
2022-05-20,600041.SH,0.010525675985501448
2022-05-23,600041.SH,-0.019415969211270784
2022-05-24,600041.SH,0.013988150601282702
2022-05-25,600041.SH,-0.0052430114872554535
2022-05-26,600041.SH,-0.00833387649868343
2022-05-27,600041.SH,-0.015659704718710178
2022-05-30,600041.SH,0.0015260394761172878
2022-05-31,600041.SH,-0.016244108635845526
2022-06-01,600041.SH,-0.0001166253250040705
2022-06-02,600041.SH,0.02401399738652268
2022-06-03,600041.SH,-0.012112556613365435
2022-06-06,600041.SH,-0.011059735636878098
2022-06-07,600041.SH,-0.006566077799810675
2022-06-08,600041.SH,-0.007607257033026978
2022-06-09,600041.SH,-0.015090814025054227
2022-06-10,600041.SH,0.002097174512870139
2022-06-13,600041.SH,-0.0011115122517297515
2022-06-14,600041.SH,0.01916668924202622
2022-06-15,600041.SH,0.0001376205133086056
2022-06-16,600041.SH,0.001292286661808223
2022-06-17,600041.SH,0.009623216282701474
2022-06-20,600041.SH,0.004442265826835318
2022-06-21,600041.SH,0.0037586360197102223
2022-06-22,600041.SH,-0.0007039704803154963
2022-06-23,600041.SH,0.017098964627414108
2022-06-24,600041.SH,0.004570091830521328
2022-06-27,600041.SH,-0.017702120814578767
2022-06-28,600041.SH,0.017341165959481163
2022-06-29,600041.SH,-0.0005875896648370304
2022-06-30,600041.SH,0.009292860041795312
2022-07-01,600041.SH,-0.01472019196076985
2022-07-04,600041.SH,-0.000856825266633411
2022-07-05,600041.SH,-0.008535493601920642
2022-07-06,600041.SH,0.00593503317155338
2022-07-07,600041.SH,-0.0006292211939280335
2022-07-08,600041.SH,-0.011395090202251603
2022-07-11,600041.SH,-0.006007138633832166
2022-07-12,600041.SH,0.009914921119555095
2022-07-13,600041.SH,0.01890788778899821
2022-07-14,600041.SH,0.008410522926597913
2022-07-15,600041.SH,0.02158788618017681
2022-07-18,600041.SH,-0.0009108057326686018
2022-07-19,600041.SH,-0.013573028532255497
2022-07-20,600041.SH,-0.033216684398910734
2022-07-21,600041.SH,0.002383916257280308
2022-07-22,600041.SH,-0.0017103250670297276
2022-07-25,600041.SH,-0.004873855600426203
2022-07-26,600041.SH,-0.004986353356449318
2022-07-27,600041.SH,0.0030580421877602314
2022-07-28,600041.SH,0.022639038797937466
2022-07-29,600041.SH,-0.002941256755667603
2022-08-01,600041.SH,-0.012985199839648402
2022-08-02,600041.SH,-0.009189631492542634
2022-08-03,600041.SH,0.005438149076064599
2022-08-04,600041.SH,-0.015499468856870528
2022-08-05,600041.SH,0.006071096549256276
2022-08-08,600041.SH,0.025722571601490204
2022-08-09,600041.SH,-0.022613146022159518
2022-08-10,600041.SH,0.011964141324269314
2022-08-11,600041.SH,0.002039741582417734
2022-08-12,600041.SH,-0.01215290214513474
2022-08-15,600041.SH,-0.014185319708756146
2022-08-16,600041.SH,-0.01170843204152583
2022-08-17,600041.SH,0.013742072900725103
2022-08-18,600041.SH,-0.009592053750672859
2022-08-19,600041.SH,0.001800143202323086
2022-08-22,600041.SH,-0.01066816995152067
2022-08-23,600041.SH,0.019360502341460233
2022-08-24,600041.SH,-0.009064680060304444
2022-08-25,600041.SH,-0.01874368741398063
2022-08-26,600041.SH,0.01174175086325968
2022-08-29,600041.SH,-0.007158479156840945
2022-08-30,600041.SH,-0.00031374531296871414
2022-08-31,600041.SH,-0.004752039080052931
2022-09-01,600041.SH,-0.007712079102346718
2022-09-02,600041.SH,-0.01546401286574061
2022-09-05,600041.SH,0.006440014618249986
2022-09-06,600041.SH,0.003010104313194515
2022-09-07,600041.SH,-0.0017383288699043549
2022-09-08,600041.SH,-0.023096069161726584
2022-09-09,600041.SH,0.014008980465458095
2022-09-12,600041.SH,0.008687136968058303
2022-09-13,600041.SH,0.008456100928282436
2022-09-14,600041.SH,0.0014783279959926015
2022-09-15,600041.SH,0.014348447484192332
2022-09-16,600041.SH,0.003352296221949444
2022-09-19,600041.SH,0.016168321863359685
2022-09-20,600041.SH,-0.008146968628344194
2022-09-21,600041.SH,-0.02150753781606133
2022-09-22,600041.SH,-0.011956332929017868
2022-09-23,600041.SH,0.006409659653892339
2022-09-26,600041.SH,0.02804396749876064
2022-09-27,600041.SH,0.002315290586810296
2022-09-28,600041.SH,-0.010230312470293294
2022-09-29,600041.SH,0.008976149952881814
2022-09-30,600041.SH,-0.007526299636466908
2022-10-03,600041.SH,-0.00783784571313578
2022-10-04,600041.SH,0.007864074686855006
2022-10-05,600041.SH,-0.002470295538253637
2022-10-06,600041.SH,-0.01394754241846137
2022-10-07,600041.SH,-0.02281658886323521
2022-10-10,600041.SH,-0.0010354940585284413
2022-10-11,600041.SH,0.01686478194149331
2022-10-12,600041.SH,-0.0028990110904218245
2022-10-13,600041.SH,0.017517151480267116
2022-10-14,600041.SH,-0.016870243801237167
2022-10-17,600041.SH,0.013182213427078843
2022-10-18,600041.SH,0.004773192230300085
2022-10-19,600041.SH,0.0007623641683556434
2022-10-20,600041.SH,-0.01906033527750001
2022-10-21,600041.SH,-0.0025015808458744796
2022-10-24,600041.SH,0.019554955213671246
2022-10-25,600041.SH,-0.007887694494336128
2022-10-26,600041.SH,0.005788650990745019
2022-10-27,600041.SH,-0.017752228517824844
2022-10-28,600041.SH,0.016566514551184984
2022-10-31,600041.SH,0.00010831857678266985
2022-11-01,600041.SH,-0.01563932792147056
2022-11-02,600041.SH,0.007187927481291282
2022-11-03,600041.SH,-0.02571088394920987
2022-11-04,600041.SH,-0.016418792341277293
2022-11-07,600041.SH,0.05179424779600046
2022-11-08,600041.SH,-0.0018604334448624254
2022-11-09,600041.SH,-0.012865284812168221
2022-11-10,600041.SH,-0.008422125712205757
2022-11-11,600041.SH,-0.008254119197296758
2022-11-14,600041.SH,0.010471018637850542
2022-11-15,600041.SH,0.01124434450641096
2022-11-16,600041.SH,0.017722093991604952
2022-11-17,600041.SH,-0.018296537173195154
2022-11-18,600041.SH,0.023691214555512128
2022-11-21,600041.SH,-0.006671298814422882
2022-11-22,600041.SH,-0.006180714086532566
2022-11-23,600041.SH,-0.00040474247759012807
2022-11-24,600041.SH,0.004110829134612227
2022-11-25,600041.SH,-0.013441805500024046
2022-11-28,600041.SH,-0.013117138782354234
2022-11-29,600041.SH,-0.0003950237332897219
2022-11-30,600041.SH,-0.006827466941571647
2022-12-01,600041.SH,-0.029793504361260718
2022-12-02,600041.SH,-0.015895192627727532
2022-12-05,600041.SH,0.0022623599746506694
2022-12-06,600041.SH,-0.0032773409999338242
2022-12-07,600041.SH,-0.01540264313221676
2022-12-08,600041.SH,-3.82174489369988e-05
2022-12-09,600041.SH,0.009262311004503351
2022-12-12,600041.SH,-0.003975203428883208
2022-12-13,600041.SH,-0.015453116125513042
2022-12-14,600041.SH,0.02045407459409385
2022-12-15,600041.SH,0.019329184846226668
2022-12-16,600041.SH,-0.011788024779159637
2022-12-19,600041.SH,0.005255344920808529
2022-12-20,600041.SH,0.010212692484349072
2022-12-21,600041.SH,0.012175301301198892
2022-12-22,600041.SH,-0.012611093327373753
2022-12-23,600041.SH,0.014029253077279664
2022-12-26,600041.SH,0.012112008723473639
2022-12-27,600041.SH,-0.0004332894908459016
2022-12-28,600041.SH,-0.009540092202738345
2022-12-29,600041.SH,0.009178391353293068
2022-12-30,600041.SH,-0.009845165606428261
2023-01-02,600041.SH,-0.0035409199030581842
2023-01-03,600041.SH,-0.000981348164445703
2023-01-04,600041.SH,0.005235327863379963
2023-01-05,600041.SH,-0.005009509224859845
2023-01-06,600041.SH,0.015809176848791056
2023-01-09,600041.SH,0.020695111304678496
2023-01-10,600041.SH,0.006562315813365723
2023-01-11,600041.SH,0.016561241172149903
2023-01-12,600041.SH,0.0005102104620051594
2023-01-13,600041.SH,0.006903985194777466
2023-01-16,600041.SH,0.004272098920376637
2023-01-17,600041.SH,0.012722336893552564
2023-01-18,600041.SH,0.008381698690075524
2023-01-19,600041.SH,0.023057238412261608
2023-01-20,600041.SH,0.0321581203761828
2023-01-23,600041.SH,-0.0023101854322029047
2023-01-24,600041.SH,-0.007656665553160247
2023-01-25,600041.SH,-0.011044396542368686
2023-01-26,600041.SH,0.0058484721770728255
2023-01-27,600041.SH,-0.017785726632972256
2023-01-30,600041.SH,0.017589795284215365
2023-01-31,600041.SH,-0.024217092486256316
2023-02-01,600041.SH,0.009117656939926418
2023-02-02,600041.SH,-0.010583249071033963
2023-02-03,600041.SH,-0.002676288168118439
2023-02-06,600041.SH,-0.01162615881900157
2023-02-07,600041.SH,-0.009249881606238422
2023-02-08,600041.SH,0.0023631690316670115
2023-02-09,600041.SH,-0.009344715291254729
2023-02-10,600041.SH,-0.006569497105391417
2023-02-13,600041.SH,-0.00029792287365887696
2023-02-14,600041.SH,0.00922039463316392
2023-02-15,600041.SH,0.0035879309052281403
2023-02-16,600041.SH,-0.030445192267365376
2023-02-17,600041.SH,-0.001659965449254725
2023-02-20,600041.SH,0.0068046251735603995
2023-02-21,600041.SH,0.016995503836103047
2023-02-22,600041.SH,-0.013688612633507333
2023-02-23,600041.SH,-0.017233445272532465
2023-02-24,600041.SH,0.01438182412046542
2023-02-27,600041.SH,0.03354974707470067
2023-02-28,600041.SH,-0.02220180123241664
2023-03-01,600041.SH,-0.000477495088480993
2023-03-02,600041.SH,0.001182799161115446
2023-03-03,600041.SH,-0.006268026188561652
2023-03-06,600041.SH,-0.01601550563073112
2023-03-07,600041.SH,-0.0002309433151579418
2023-03-08,600041.SH,0.02589455629498944
2023-03-09,600041.SH,-0.008433581015092204
2023-03-10,600041.SH,0.028841833921074683
2023-03-13,600041.SH,0.0036716029259926683
2023-03-14,600041.SH,0.0069706126440185956
2023-03-15,600041.SH,0.02985998342036094
2023-03-16,600041.SH,0.006765181192927509
2023-03-17,600041.SH,0.0036489949323845893
2023-03-20,600041.SH,0.004809188598669726
2023-03-21,600041.SH,-0.0011992954964507663
2023-03-22,600041.SH,-0.00036588009045607217
2023-03-23,600041.SH,0.005869861492980631
2023-03-24,600041.SH,-0.0008149000150285395
2023-03-27,600041.SH,-0.007683514186160872
2023-03-28,600041.SH,-0.011660424700978035
2023-03-29,600041.SH,-0.004719307500940906
2023-03-30,600041.SH,0.005442657617886683
2023-03-31,600041.SH,-0.0007302129269232908
2023-04-03,600041.SH,-0.0010721182215590345
2023-04-04,600041.SH,-0.023651408090914004
2023-04-05,600041.SH,0.014261136912202634
2023-04-06,600041.SH,-0.019282861062516917
2023-04-07,600041.SH,-0.01701169576816362
2023-04-10,600041.SH,0.014573212803871468
2023-04-11,600041.SH,0.02196848203279817
2023-04-12,600041.SH,-0.006752114221086821
2023-04-13,600041.SH,-0.008496931996293833
2023-04-14,600041.SH,0.013169831353794847
2023-04-17,600041.SH,-0.0009501878128845617
2023-04-18,600041.SH,-0.0011149723730537247
2023-04-19,600041.SH,-0.003327331511591983
2023-04-20,600041.SH,0.013802075351719699
2023-04-21,600041.SH,-0.008737749175731353
2023-04-24,600041.SH,-0.02456707156271078
2023-04-25,600041.SH,0.016749560341794572
2023-04-26,600041.SH,0.01359619543327184
2023-04-27,600041.SH,0.007685969276335303
2023-04-28,600041.SH,-0.006363859760556926
2023-05-01,600041.SH,-0.028588121494269446
2023-05-02,600041.SH,-0.011523551687669532
2023-05-03,600041.SH,0.003010260268959665
2023-05-04,600041.SH,-0.025156866700691168
2023-05-05,600041.SH,0.009344455148605752
2023-05-08,600041.SH,0.020619805283158824
2023-05-09,600041.SH,0.010781030655333961
2023-05-10,600041.SH,-0.0023792830025639923
2023-05-11,600041.SH,-0.003665444670455197
2023-05-12,600041.SH,-0.007842075419212766
2023-05-15,600041.SH,-0.010418940094333036
2023-05-16,600041.SH,-0.014918684338820536
2023-05-17,600041.SH,0.002913098536668898
2023-05-18,600041.SH,-0.003067904073841462
2023-05-19,600041.SH,-0.01083312897011629
2022-01-03,600042.SH,0.0039169300371269256
2022-01-04,600042.SH,0.00637006531239887
2022-01-05,600042.SH,0.02558058298992403
2022-01-06,600042.SH,0.015228621238621894
2022-01-07,600042.SH,-0.017356686548814126
2022-01-10,600042.SH,-0.0030363936161359895
2022-01-11,600042.SH,0.014540823062117895
2022-01-12,600042.SH,-0.022602222116654247
2022-01-13,600042.SH,0.01468628111792985
2022-01-14,600042.SH,-0.012270219626519266
2022-01-17,600042.SH,0.0016855542495277263
2022-01-18,600042.SH,0.0026730557575724077
2022-01-19,600042.SH,0.003729086968247281
2022-01-20,600042.SH,-0.0020946128812434003
2022-01-21,600042.SH,0.0008919343911068496
2022-01-24,600042.SH,-0.001621567638086999
2022-01-25,600042.SH,0.005135718765399918
2022-01-26,600042.SH,-0.0038629156630172992
2022-01-27,600042.SH,0.0037879152866458865
2022-01-28,600042.SH,0.006537692236736555
2022-01-31,600042.SH,0.009085262311666472
2022-02-01,600042.SH,0.004516956766395582
2022-02-02,600042.SH,0.014056433037823599
2022-02-03,600042.SH,0.008152690230686372
2022-02-04,600042.SH,0.005283983263842449
2022-02-07,600042.SH,0.02394801066293563
2022-02-08,600042.SH,0.016439144184913875
2022-02-09,600042.SH,0.002036111148559812
2022-02-10,600042.SH,-0.0058149319807007886
2022-02-11,600042.SH,0.0008351654764719553
2022-02-14,600042.SH,0.013815332250963897
2022-02-15,600042.SH,0.0018629055461817532
2022-02-16,600042.SH,-0.011100504284465292
2022-02-17,600042.SH,0.005411589889221016
2022-02-18,600042.SH,-0.008967794678348993
2022-02-21,600042.SH,-0.007293473021397028
2022-02-22,600042.SH,-0.002262739740492491
2022-02-23,600042.SH,-0.01514684230765534
2022-02-24,600042.SH,-0.019178188265372882
2022-02-25,600042.SH,-0.0011659572474508172
2022-02-28,600042.SH,-0.0016688249211616896
2022-03-01,600042.SH,0.004446577458783751
2022-03-02,600042.SH,-0.011528785541452168
2022-03-03,600042.SH,-0.003534052997966967
2022-03-04,600042.SH,0.0008848292909128967
2022-03-07,600042.SH,0.011891924481186348
2022-03-08,600042.SH,0.021678884878473425
2022-03-09,600042.SH,0.0032664400150381042
2022-03-10,600042.SH,0.007686739692280361
2022-03-11,600042.SH,-0.0012912376170472783
2022-03-14,600042.SH,0.007125441390110658
2022-03-15,600042.SH,0.008952499412549712
2022-03-16,600042.SH,0.0016012302720387912
2022-03-17,600042.SH,-0.021444416022412705
2022-03-18,600042.SH,-0.0061079586714644415
2022-03-21,600042.SH,-0.001719124094670298
2022-03-22,600042.SH,-0.002463977585234583
2022-03-23,600042.SH,0.002567800168914048
2022-03-24,600042.SH,-0.01992031571795072
2022-03-25,600042.SH,0.015809451097020467
2022-03-28,600042.SH,-0.021032216676890585
2022-03-29,600042.SH,-0.02022808515494222
2022-03-30,600042.SH,0.009867753120939028
2022-03-31,600042.SH,0.009279607655334879
2022-04-01,600042.SH,0.004531071663760487
2022-04-04,600042.SH,-0.0027987380460108837
2022-04-05,600042.SH,-0.0039242150116924395
2022-04-06,600042.SH,0.008457061663875515
2022-04-07,600042.SH,-0.009283185810230764
2022-04-08,600042.SH,-0.01717021076644886
2022-04-11,600042.SH,-0.01648314381582748
2022-04-12,600042.SH,-0.009332734579959897
2022-04-13,600042.SH,-0.012318537266850695
2022-04-14,600042.SH,0.010405451704100307
2022-04-15,600042.SH,0.012027745333047995
2022-04-18,600042.SH,0.008311570578616825
2022-04-19,600042.SH,0.0021863022668687695
2022-04-20,600042.SH,0.003989313048850438
2022-04-21,600042.SH,0.005099804060891875
2022-04-22,600042.SH,-0.015410359315908858
2022-04-25,600042.SH,-0.0066257151755669905
2022-04-26,600042.SH,-0.01880459229825248
2022-04-27,600042.SH,-0.004389478722131413
2022-04-28,600042.SH,-0.0007311228394429096
2022-04-29,600042.SH,-0.024059341012526082
2022-05-02,600042.SH,0.00462173031730473
2022-05-03,600042.SH,-0.012507382004223879
2022-05-04,600042.SH,-0.01059204048554709
2022-05-05,600042.SH,-0.0024075208943598173
2022-05-06,600042.SH,-0.007632515575210911
2022-05-09,600042.SH,0.011389672051375154
2022-05-10,600042.SH,-0.002467928056564664
2022-05-11,600042.SH,0.004765754073522649
2022-05-12,600042.SH,-0.0050727092083138895
2022-05-13,600042.SH,-0.017555536090501096
2022-05-16,600042.SH,0.007156926628749857
2022-05-17,600042.SH,-0.02681220161563861
2022-05-18,600042.SH,0.004866837813385139
2022-05-19,600042.SH,0.019743434190245764
2022-05-20,600042.SH,0.0004143425197345096
2022-05-23,600042.SH,-0.006330005126025362
2022-05-24,600042.SH,0.02466284709968594
2022-05-25,600042.SH,-0.006067725367391396
2022-05-26,600042.SH,-0.00115773130937052
2022-05-27,600042.SH,-0.011351624881995655
2022-05-30,600042.SH,-0.007345437854126419
2022-05-31,600042.SH,-0.01706640768848047
2022-06-01,600042.SH,0.008387813733885148
2022-06-02,600042.SH,-0.001012018426558672
2022-06-03,600042.SH,-0.014115033274752518
2022-06-06,600042.SH,-0.010962329745621181
2022-06-07,600042.SH,0.0022099916361501405
2022-06-08,600042.SH,-0.01631246008780175
2022-06-09,600042.SH,-0.023373321064359968
2022-06-10,600042.SH,-0.0005158430392498722
2022-06-13,600042.SH,0.006333780979298933
2022-06-14,600042.SH,0.0062655465682355934
2022-06-15,600042.SH,0.005266021025515135
2022-06-16,600042.SH,0.011515059330777247
2022-06-17,600042.SH,-0.005271247671289369
2022-06-20,600042.SH,-0.00027657355603256245
2022-06-21,600042.SH,-0.004197566543557494
2022-06-22,600042.SH,0.01010431501625108
2022-06-23,600042.SH,0.02323296999126409
2022-06-24,600042.SH,-0.001732977862441143
2022-06-27,600042.SH,-0.004089486483136003
2022-06-28,600042.SH,0.006249468065610451
2022-06-29,600042.SH,-0.02417973069211694
2022-06-30,600042.SH,-0.00981203957833656
2022-07-01,600042.SH,0.005601889840950853
2022-07-04,600042.SH,-0.01357423384859962
2022-07-05,600042.SH,0.002238471906089015
2022-07-06,600042.SH,0.0007467629949844626
2022-07-07,600042.SH,0.019362574794237343
2022-07-08,600042.SH,-0.01858458100917554
2022-07-11,600042.SH,-0.00956445214788193
2022-07-12,600042.SH,-0.006593719872322437
2022-07-13,600042.SH,-0.00017199519270321307
2022-07-14,600042.SH,0.029355638802118205
2022-07-15,600042.SH,0.028056266579448437
2022-07-18,600042.SH,0.013603453257982465
2022-07-19,600042.SH,-0.021072197970155238
2022-07-20,600042.SH,-0.010508085714271323
2022-07-21,600042.SH,-0.007572741468454025
2022-07-22,600042.SH,-0.019876713892811135
2022-07-25,600042.SH,-0.0009351966929019239
2022-07-26,600042.SH,-0.002611391058364331
2022-07-27,600042.SH,-0.000592869228339579
2022-07-28,600042.SH,0.015703425972577803
2022-07-29,600042.SH,0.009992051715899525
2022-08-01,600042.SH,0.013428214695627504
2022-08-02,600042.SH,-0.020188660005664848
2022-08-03,600042.SH,0.0016226988968673917
2022-08-04,600042.SH,0.014932651624369117
2022-08-05,600042.SH,-0.004092560571066909
2022-08-08,600042.SH,-0.002541477522092701
2022-08-09,600042.SH,-0.012792792958908094
2022-08-10,600042.SH,0.003243402278847344
2022-08-11,600042.SH,0.016147051114761002
2022-08-12,600042.SH,-0.00930875012930441
2022-08-15,600042.SH,-0.013892775265377105
2022-08-16,600042.SH,-0.012655831099858995
2022-08-17,600042.SH,0.0038005346094234036
2022-08-18,600042.SH,0.0021746668630088116
2022-08-19,600042.SH,0.005787226182699915
2022-08-22,600042.SH,0.013774877672928114
2022-08-23,600042.SH,0.013734678067258458
2022-08-24,600042.SH,0.011378970889419606
2022-08-25,600042.SH,-0.0036741514886915027
2022-08-26,600042.SH,-0.011236403590818353
2022-08-29,600042.SH,-0.013974111366726924
2022-08-30,600042.SH,-0.010123891827034173
2022-08-31,600042.SH,0.00546407935545467
2022-09-01,600042.SH,-0.01365399798259685
2022-09-02,600042.SH,-0.0006984951986362918
2022-09-05,600042.SH,0.002739847364852592
2022-09-06,600042.SH,0.00970454649357902
2022-09-07,600042.SH,-0.010416095441097993
2022-09-08,600042.SH,0.0020672207207477165
2022-09-09,600042.SH,0.00010027895235239321
2022-09-12,600042.SH,0.019469853213208814
2022-09-13,600042.SH,-0.005399046747845136
2022-09-14,600042.SH,0.002873659888300464
2022-09-15,600042.SH,0.025258793842704484
2022-09-16,600042.SH,0.006155610654290105
2022-09-19,600042.SH,0.02013896246338675
2022-09-20,600042.SH,0.0071847779595510435
2022-09-21,600042.SH,0.009185162591411214
2022-09-22,600042.SH,-0.007229669377027032
2022-09-23,600042.SH,0.020207011975205098
2022-09-26,600042.SH,0.01342656548110681
2022-09-27,600042.SH,-0.009180039063088397
2022-09-28,600042.SH,-0.015147255425899592
2022-09-29,600042.SH,0.024360794994304366
2022-09-30,600042.SH,-0.018939959169773306
2022-10-03,600042.SH,0.00030082884618771056
2022-10-04,600042.SH,0.009306780661349972
2022-10-05,600042.SH,0.006021012466080599
2022-10-06,600042.SH,-0.005188095159592757
2022-10-07,600042.SH,-0.009214842333028207
2022-10-10,600042.SH,0.006484314771389044
2022-10-11,600042.SH,0.008336438158434602
2022-10-12,600042.SH,-0.011585604110848817
2022-10-13,600042.SH,0.024536765769618326
2022-10-14,600042.SH,-0.024315458467873634
2022-10-17,600042.SH,-0.01032607433529109
2022-10-18,600042.SH,-0.009167199844136744
2022-10-19,600042.SH,0.0027780812081901144
2022-10-20,600042.SH,-0.02869256936666617
2022-10-21,600042.SH,0.009025848620147995
2022-10-24,600042.SH,-0.0017875146757149254
2022-10-25,600042.SH,-0.007965889340833969
2022-10-26,600042.SH,-0.006515017676482666
2022-10-27,600042.SH,0.01604581307335143
2022-10-28,600042.SH,-0.001375183888472172
2022-10-31,600042.SH,0.0009411470990244725
2022-11-01,600042.SH,0.001294010277654503
2022-11-02,600042.SH,0.011595555608558825
2022-11-03,600042.SH,0.0005407206436228028
2022-11-04,600042.SH,-0.0011799160581524174
2022-11-07,600042.SH,0.026195083388132853
2022-11-08,600042.SH,-0.011831649835917387
2022-11-09,600042.SH,-0.0019900898413869206
2022-11-10,600042.SH,-0.002608520829458347
2022-11-11,600042.SH,-0.005974909810767016
2022-11-14,600042.SH,0.008553639438095017
2022-11-15,600042.SH,0.020456973629849468
2022-11-16,600042.SH,0.012837355322588463
2022-11-17,600042.SH,0.0051154921209253645
2022-11-18,600042.SH,-0.019680381336236223
2022-11-21,600042.SH,-0.01846074499734252
2022-11-22,600042.SH,0.007598630985079866
2022-11-23,600042.SH,0.020825331660258066
2022-11-24,600042.SH,0.03250675381382287
2022-11-25,600042.SH,-0.00532911539856583
2022-11-28,600042.SH,-0.0006541977243869424
2022-11-29,600042.SH,-0.009004033965552568
2022-11-30,600042.SH,0.01144942535722358
2022-12-01,600042.SH,-0.005368395948128893
2022-12-02,600042.SH,0.005025973815532079
2022-12-05,600042.SH,-0.002417148220895486
2022-12-06,600042.SH,0.004468138985063309
2022-12-07,600042.SH,-0.023245519499853852
2022-12-08,600042.SH,-0.015028499156890165
2022-12-09,600042.SH,0.01180628491544819
2022-12-12,600042.SH,-0.022188335185977466
2022-12-13,600042.SH,-0.02529033686974627
2022-12-14,600042.SH,0.010459033240649028
2022-12-15,600042.SH,0.020601714089560658
2022-12-16,600042.SH,-0.008322162270324314
2022-12-19,600042.SH,0.0026113867540971613
2022-12-20,600042.SH,0.004613666843582298
2022-12-21,600042.SH,0.011260469379938976
2022-12-22,600042.SH,-0.01704611978519465
2022-12-23,600042.SH,0.006808468207475301
2022-12-26,600042.SH,0.0052004784355999395
2022-12-27,600042.SH,-0.0008597693543361457
2022-12-28,600042.SH,-0.004873791393973486
2022-12-29,600042.SH,-0.008398027189675406
2022-12-30,600042.SH,-0.01630590570107092
2023-01-02,600042.SH,-0.007529973084699202
2023-01-03,600042.SH,-0.0050044741000763275
2023-01-04,600042.SH,0.008414908685190948
2023-01-05,600042.SH,-0.00037149706514604756
2023-01-06,600042.SH,0.019239682253168952
2023-01-09,600042.SH,0.020219017463678716
2023-01-10,600042.SH,0.020807652353693487
2023-01-11,600042.SH,0.008405636063901921
2023-01-12,600042.SH,0.005856295004358245
2023-01-13,600042.SH,-0.004873482631640044
2023-01-16,600042.SH,0.002487684706612206
2023-01-17,600042.SH,-0.004029215207044429
2023-01-18,600042.SH,-0.015482848031123701
2023-01-19,600042.SH,0.032008580393922306
2023-01-20,600042.SH,9.502327347522474e-05
2023-01-23,600042.SH,0.007475290316407992
2023-01-24,600042.SH,-0.014907771405891763
2023-01-25,600042.SH,0.002367384452050994
2023-01-26,600042.SH,0.02215864348241788
2023-01-27,600042.SH,0.007393771875408968
2023-01-30,600042.SH,0.016304794321894876
2023-01-31,600042.SH,-0.013883317137482311
2023-02-01,600042.SH,0.029761254660725947
2023-02-02,600042.SH,0.011097015040643978
2023-02-03,600042.SH,-0.01788896107155276
2023-02-06,600042.SH,-0.0030761313721582024
2023-02-07,600042.SH,0.0005847173727014758
2023-02-08,600042.SH,-0.0020845061975266603
2023-02-09,600042.SH,-0.01890876176542051
2023-02-10,600042.SH,0.003040739299906914
2023-02-13,600042.SH,-0.015873348815060608
2023-02-14,600042.SH,-0.024033572708404085
2023-02-15,600042.SH,0.008331799372712214
2023-02-16,600042.SH,-0.028092204061372757
2023-02-17,600042.SH,-0.010510172242433006
2023-02-20,600042.SH,-0.029618860132675635
2023-02-21,600042.SH,-0.006140476842033688
2023-02-22,600042.SH,-0.004711735302297342
2023-02-23,600042.SH,-0.0203953136607896
2023-02-24,600042.SH,0.006497400632246192
2023-02-27,600042.SH,0.027745408198069105
2023-02-28,600042.SH,-0.007107216836777349
2023-03-01,600042.SH,0.01717456705060536
2023-03-02,600042.SH,0.008463065111501333
2023-03-03,600042.SH,-0.010679202437297905
2023-03-06,600042.SH,-0.0040320411587696425
2023-03-07,600042.SH,0.007275924154807647
2023-03-08,600042.SH,0.006040751977106875
2023-03-09,600042.SH,-0.0032450245644012558
2023-03-10,600042.SH,0.019162557435443983
2023-03-13,600042.SH,-0.005396993606055242
2023-03-14,600042.SH,-0.007367352399226321
2023-03-15,600042.SH,0.007283912733508005
2023-03-16,600042.SH,0.008017087401213475
2023-03-17,600042.SH,0.008813030629933116
2023-03-20,600042.SH,0.007951141167243651
2023-03-21,600042.SH,-0.008686334016760548
2023-03-22,600042.SH,-0.015334120299077299
2023-03-23,600042.SH,0.013155791164255467
2023-03-24,600042.SH,-0.017413098025989282
2023-03-27,600042.SH,0.00022376358439708116
2023-03-28,600042.SH,-0.020092856852558766
2023-03-29,600042.SH,0.01227843676187443
2023-03-30,600042.SH,0.02141985662801176
2023-03-31,600042.SH,0.004272280098170612
2023-04-03,600042.SH,0.016063233646310293
2023-04-04,600042.SH,-0.013170307855125438
2023-04-05,600042.SH,-0.01818977176728592
2023-04-06,600042.SH,-0.018323326097039808
2023-04-07,600042.SH,-0.013710912066967916
2023-04-10,600042.SH,0.00892454961480751
2023-04-11,600042.SH,0.00929541337164861
2023-04-12,600042.SH,0.012897784943784345
2023-04-13,600042.SH,-0.022421196880708053
2023-04-14,600042.SH,-0.004585517226189795
2023-04-17,600042.SH,-0.01869228972415614
2023-04-18,600042.SH,-0.018048916834065624
2023-04-19,600042.SH,0.003450552638505606
2023-04-20,600042.SH,0.009257296200722043
2023-04-21,600042.SH,-0.01326793169303317
2023-04-24,600042.SH,-0.018148810789330148
2023-04-25,600042.SH,-0.009619026096869314
2023-04-26,600042.SH,0.0006945457772103804
2023-04-27,600042.SH,0.016006087215042448
2023-04-28,600042.SH,0.017560357063969047
2023-05-01,600042.SH,-0.014730735270367045
2023-05-02,600042.SH,-0.010016484975562713
2023-05-03,600042.SH,0.005395927090794582
2023-05-04,600042.SH,-0.007020212973156717
2023-05-05,600042.SH,0.016449255812512168
2023-05-08,600042.SH,0.001954665263469828
2023-05-09,600042.SH,0.008946435126136389
2023-05-10,600042.SH,-0.01773316749259516
2023-05-11,600042.SH,-0.0008332582280476926
2023-05-12,600042.SH,0.015623369973372166
2023-05-15,600042.SH,0.010283353674839424
2023-05-16,600042.SH,0.0028111930499831878
2023-05-17,600042.SH,0.016952403257905323
2023-05-18,600042.SH,-0.0018265679533013843
2023-05-19,600042.SH,-0.0035115046205534696
2022-01-03,600043.SH,-0.009759790892370125
2022-01-04,600043.SH,0.006067459650365183
2022-01-05,600043.SH,0.013706784137997433
2022-01-06,600043.SH,0.02550763196043489
2022-01-07,600043.SH,0.006060193045808465
2022-01-10,600043.SH,-0.023286839122726152
2022-01-11,600043.SH,-0.011820614215933571
2022-01-12,600043.SH,-0.03116193986443933
2022-01-13,600043.SH,0.009049212110263253
2022-01-14,600043.SH,-0.000259524545712651
2022-01-17,600043.SH,0.008012973800161093
2022-01-18,600043.SH,-0.006038996827002424
2022-01-19,600043.SH,-0.000362091310757987
2022-01-20,600043.SH,0.01086498460582132
2022-01-21,600043.SH,0.01156733140680806
2022-01-24,600043.SH,-0.004144470558413046
2022-01-25,600043.SH,0.009588019222571655
2022-01-26,600043.SH,-0.008912369505772476
2022-01-27,600043.SH,0.0188424213497107
2022-01-28,600043.SH,0.005917893486544395
2022-01-31,600043.SH,-0.013348229615370327
2022-02-01,600043.SH,0.008444767321330884
2022-02-02,600043.SH,0.022036045936543607
2022-02-03,600043.SH,0.003418511513979001
2022-02-04,600043.SH,-0.0006194455274302082
2022-02-07,600043.SH,0.013769047284877418
2022-02-08,600043.SH,-0.012074655178293953
2022-02-09,600043.SH,0.015335797755509136
2022-02-10,600043.SH,-0.001460206092975602
2022-02-11,600043.SH,0.014398342488166918
2022-02-14,600043.SH,0.01833693927865412
2022-02-15,600043.SH,-0.01568058036515931
2022-02-16,600043.SH,-0.009063139932929213
2022-02-17,600043.SH,0.0037071089056766315
2022-02-18,600043.SH,0.002825756567405232
2022-02-21,600043.SH,0.002816924194586081
2022-02-22,600043.SH,-0.007193300239189205
2022-02-23,600043.SH,-0.0002987775933623194
2022-02-24,600043.SH,0.010910500575869718
2022-02-25,600043.SH,-0.01620409140376521
2022-02-28,600043.SH,0.03395287784306041
2022-03-01,600043.SH,0.006382696436202874
2022-03-02,600043.SH,0.0004781636946787175
2022-03-03,600043.SH,-0.0025053268869403037
2022-03-04,600043.SH,0.000898335224557556
2022-03-07,600043.SH,0.003674638895143181
2022-03-08,600043.SH,-0.0035195296997848347
2022-03-09,600043.SH,-0.006268049992377837
2022-03-10,600043.SH,0.017276983913487694
2022-03-11,600043.SH,-0.01498283589768108
2022-03-14,600043.SH,0.006723346222655279
2022-03-15,600043.SH,0.0013451367130164786
2022-03-16,600043.SH,-0.021264318053601086
2022-03-17,600043.SH,0.017161948788835597
2022-03-18,600043.SH,-0.013308006846956743
2022-03-21,600043.SH,-0.01641204278329145
2022-03-22,600043.SH,-0.004070865045018832
2022-03-23,600043.SH,0.004273944148854154
2022-03-24,600043.SH,-0.00686284235560046
2022-03-25,600043.SH,0.00930021980324575
2022-03-28,600043.SH,-0.011116377516577172
2022-03-29,600043.SH,-0.0039179887123218324
2022-03-30,600043.SH,-0.005719592510082206
2022-03-31,600043.SH,0.01112380907766753
2022-04-01,600043.SH,0.0045728849733014
2022-04-04,600043.SH,0.0013906047610496158
2022-04-05,600043.SH,0.012010136412987722
2022-04-06,600043.SH,-0.004911933945231048
2022-04-07,600043.SH,0.01778367306502314
2022-04-08,600043.SH,0.010737949872040988
2022-04-11,600043.SH,0.0026712377675545546
2022-04-12,600043.SH,-0.002154719630916839
2022-04-13,600043.SH,-0.007361953256770538
2022-04-14,600043.SH,0.003336869045919856
2022-04-15,600043.SH,-0.0013017952962683654
2022-04-18,600043.SH,-0.01614507386758911
2022-04-19,600043.SH,0.003770046886786349
2022-04-20,600043.SH,0.003712973192464505
2022-04-21,600043.SH,0.013259965813824968
2022-04-22,600043.SH,-0.0036447878324815464
2022-04-25,600043.SH,0.010302453519994545
2022-04-26,600043.SH,-0.019070478157147654
2022-04-27,600043.SH,-0.014597086865136276
2022-04-28,600043.SH,-0.027816019149200448
2022-04-29,600043.SH,-0.01091020912302858
2022-05-02,600043.SH,-0.0038294760315013467
2022-05-03,600043.SH,-0.012789037473325991
2022-05-04,600043.SH,0.003446476729474578
2022-05-05,600043.SH,-0.00040909867072901366
2022-05-06,600043.SH,-0.010758660659797074
2022-05-09,600043.SH,0.03077074859930327
2022-05-10,600043.SH,-0.0011579900809561476
2022-05-11,600043.SH,-0.01421801702571019
2022-05-12,600043.SH,-0.007336100296581689
2022-05-13,600043.SH,-0.015230105161756278
2022-05-16,600043.SH,-0.013329359401956706
2022-05-17,600043.SH,0.0024400458316235427
2022-05-18,600043.SH,-0.00877227419713393
2022-05-19,600043.SH,0.02175027553247002
2022-05-20,600043.SH,-0.011568061883001544
2022-05-23,600043.SH,0.0012390599702838062
2022-05-24,600043.SH,0.020613628325566825
2022-05-25,600043.SH,0.009101411278625376
2022-05-26,600043.SH,0.019018846722024824
2022-05-27,600043.SH,-0.010189058848880363
2022-05-30,600043.SH,-0.001698393065690233
2022-05-31,600043.SH,-0.03239440210492141
2022-06-01,600043.SH,-0.004672364993210108
2022-06-02,600043.SH,0.017635006878958984
2022-06-03,600043.SH,-0.004850198586979963
2022-06-06,600043.SH,0.002610517938266045
2022-06-07,600043.SH,0.0188932792479578
2022-06-08,600043.SH,-0.008593252489022426
2022-06-09,600043.SH,-0.018729861075306633
2022-06-10,600043.SH,-0.004104581290552735
2022-06-13,600043.SH,-0.015460591920871573
2022-06-14,600043.SH,0.008085360007872999
2022-06-15,600043.SH,0.003059635280273634
2022-06-16,600043.SH,0.01891402559429784
2022-06-17,600043.SH,-0.006058556539096308
2022-06-20,600043.SH,-0.008768709734367455
2022-06-21,600043.SH,-0.020349982154438548
2022-06-22,600043.SH,0.005522228984884593
2022-06-23,600043.SH,0.011861915152519987
2022-06-24,600043.SH,-0.0043243866476180195
2022-06-27,600043.SH,0.0018083931523301005
2022-06-28,600043.SH,0.009127930109054824
2022-06-29,600043.SH,0.008133014915492115
2022-06-30,600043.SH,-0.015729281943276024
2022-07-01,600043.SH,-0.004098345742577177
2022-07-04,600043.SH,-0.014026161952029752
2022-07-05,600043.SH,-0.016592223621153174
2022-07-06,600043.SH,0.007849397111437537
2022-07-07,600043.SH,-0.003891411485421303
2022-07-08,600043.SH,-0.011826358918156827
2022-07-11,600043.SH,-0.004797411567340635
2022-07-12,600043.SH,-0.002428784932384016
2022-07-13,600043.SH,0.01554647789130945
2022-07-14,600043.SH,0.012919049701158244
2022-07-15,600043.SH,0.02233534511253292
2022-07-18,600043.SH,0.006928388212086528
2022-07-19,600043.SH,-0.005646302948606564
2022-07-20,600043.SH,-0.010614091000421946
2022-07-21,600043.SH,0.0053113357135977386
2022-07-22,600043.SH,-0.0018132221469208624
2022-07-25,600043.SH,-0.0065765832230889
2022-07-26,600043.SH,-0.015584485373333672
2022-07-27,600043.SH,-0.015402716118859685
2022-07-28,600043.SH,-0.008179259630121848
2022-07-29,600043.SH,0.018883655716855515
2022-08-01,600043.SH,-0.023396812805250765
2022-08-02,600043.SH,0.0036520049671645294
2022-08-03,600043.SH,-0.021606153670609588
2022-08-04,600043.SH,0.0079739464486114
2022-08-05,600043.SH,-0.022455660685701064
2022-08-08,600043.SH,0.011792500289806239
2022-08-09,600043.SH,0.015582440202035768
2022-08-10,600043.SH,0.014994011722940279
2022-08-11,600043.SH,-0.007367019395221133
2022-08-12,600043.SH,-0.028909323146621015
2022-08-15,600043.SH,-0.020945819319368293
2022-08-16,600043.SH,0.008089662449307766
2022-08-17,600043.SH,0.01354534584694406
2022-08-18,600043.SH,-0.007289334467929482
2022-08-19,600043.SH,0.009543264676917068
2022-08-22,600043.SH,-0.020251806555571773
2022-08-23,600043.SH,0.011525485901395745
2022-08-24,600043.SH,-0.0011165470778431545
2022-08-25,600043.SH,0.0016839246744906843
2022-08-26,600043.SH,-0.006106609414453813
2022-08-29,600043.SH,-0.020969462164046694
2022-08-30,600043.SH,-0.000705147706263527
2022-08-31,600043.SH,0.0027679083283537785
2022-09-01,600043.SH,-0.005864245219367628
2022-09-02,600043.SH,-0.009914191921209686
2022-09-05,600043.SH,0.010362021871880383
2022-09-06,600043.SH,0.010596789925841215
2022-09-07,600043.SH,0.001842696048739681
2022-09-08,600043.SH,-0.005746775405816316
2022-09-09,600043.SH,0.011852788884354898
2022-09-12,600043.SH,0.013363299410872245
2022-09-13,600043.SH,-0.0038145210908228705
2022-09-14,600043.SH,-0.01817771531194794
2022-09-15,600043.SH,0.019899922429462376
2022-09-16,600043.SH,-0.004010599004153492
2022-09-19,600043.SH,0.013006691460863407
2022-09-20,600043.SH,0.02499187232922096
2022-09-21,600043.SH,-0.0017806568364309126
2022-09-22,600043.SH,0.005166222294304593
2022-09-23,600043.SH,0.00782617533243851
2022-09-26,600043.SH,0.024499089734468446
2022-09-27,600043.SH,-0.0011694637767418945
2022-09-28,600043.SH,0.000594670638597917
2022-09-29,600043.SH,0.031899971468333226
2022-09-30,600043.SH,-0.011642823697844966
2022-10-03,600043.SH,-0.006965271614881248
2022-10-04,600043.SH,-0.0038855321575672706
2022-10-05,600043.SH,0.005727844576204049
2022-10-06,600043.SH,-0.005647243916626929
2022-10-07,600043.SH,0.008919560969992687
2022-10-10,600043.SH,-0.013798536027057044
2022-10-11,600043.SH,0.016746235608845805
2022-10-12,600043.SH,-0.005712253805416593
2022-10-13,600043.SH,0.01245668673951697
2022-10-14,600043.SH,-0.016536968536790462
2022-10-17,600043.SH,-0.005743136364123857
2022-10-18,600043.SH,-0.010611438331102917
2022-10-19,600043.SH,-0.018254387483975426
2022-10-20,600043.SH,0.001352658617778584
2022-10-21,600043.SH,-0.013159361019860642
2022-10-24,600043.SH,0.00465643395152013
2022-10-25,600043.SH,-0.007158745944891775
2022-10-26,600043.SH,0.016379997195240532
2022-10-27,600043.SH,-0.00396634147558677
2022-10-28,600043.SH,-0.005046490620280094
2022-10-31,600043.SH,0.010758411253597113
2022-11-01,600043.SH,-0.016429718660712887
2022-11-02,600043.SH,-0.001287272147365244
2022-11-03,600043.SH,-0.004989710422783713
2022-11-04,600043.SH,-0.012697232400692152
2022-11-07,600043.SH,0.010200796572521882
2022-11-08,600043.SH,0.010517760841845622
2022-11-09,600043.SH,0.00401015416320291
2022-11-10,600043.SH,-0.007272452105041853
2022-11-11,600043.SH,-0.0062159932585207425
2022-11-14,600043.SH,0.0026197562877478928
2022-11-15,600043.SH,0.025284286894681957
2022-11-16,600043.SH,0.012365796351220553
2022-11-17,600043.SH,-0.002380224412066913
2022-11-18,600043.SH,-0.010259671710644562
2022-11-21,600043.SH,-0.01073268288479889
2022-11-22,600043.SH,0.006699326717553105
2022-11-23,600043.SH,0.014845037064483117
2022-11-24,600043.SH,0.022922717016602492
2022-11-25,600043.SH,-0.002976986547619699
2022-11-28,600043.SH,-0.004917031971964915
2022-11-29,600043.SH,-0.02166620139950338
2022-11-30,600043.SH,-0.01937617492953343
2022-12-01,600043.SH,-0.021948312258881428
2022-12-02,600043.SH,-0.005916065138581183
2022-12-05,600043.SH,-0.008097770716625008
2022-12-06,600043.SH,0.013368129854044463
2022-12-07,600043.SH,-0.0009138358370967929
2022-12-08,600043.SH,-0.018601223377993772
2022-12-09,600043.SH,0.02521723404711657
2022-12-12,600043.SH,-0.015070069295931354
2022-12-13,600043.SH,-0.0019481211975991078
2022-12-14,600043.SH,0.022755485507637965
2022-12-15,600043.SH,0.035661465475400625
2022-12-16,600043.SH,-0.014298966578429705
2022-12-19,600043.SH,0.007197045217504994
2022-12-20,600043.SH,-0.015995695953688643
2022-12-21,600043.SH,0.026791737970633354
2022-12-22,600043.SH,-0.008145023855611064
2022-12-23,600043.SH,-0.001999502747393853
2022-12-26,600043.SH,-0.014155664448410576
2022-12-27,600043.SH,-0.0004085302767408588
2022-12-28,600043.SH,0.010545545426294715
2022-12-29,600043.SH,-0.005337602633156472
2022-12-30,600043.SH,-0.003864538857207769
2023-01-02,600043.SH,-0.0015598386746562315
2023-01-03,600043.SH,0.008495591475925343
2023-01-04,600043.SH,0.003772368769051294
2023-01-05,600043.SH,-0.013760733061533153
2023-01-06,600043.SH,0.004336814978850545
2023-01-09,600043.SH,0.024113895579570756
2023-01-10,600043.SH,0.006219885401709744
2023-01-11,600043.SH,0.0016495881942569812
2023-01-12,600043.SH,0.022982680971956014
2023-01-13,600043.SH,0.011592832170343525
2023-01-16,600043.SH,0.002394874885641823
2023-01-17,600043.SH,0.005705378745830212
2023-01-18,600043.SH,0.006524445560203159
2023-01-19,600043.SH,0.024372667203273166
2023-01-20,600043.SH,-0.009241314235719437
2023-01-23,600043.SH,0.007036134548746492
2023-01-24,600043.SH,-0.007712516270914724
2023-01-25,600043.SH,-0.0138970545072331
2023-01-26,600043.SH,0.007574770824268543
2023-01-27,600043.SH,-0.013456493067044904
2023-01-30,600043.SH,-0.014204953773238905
2023-01-31,600043.SH,-0.0014916637213085691
2023-02-01,600043.SH,0.012041086049554707
2023-02-02,600043.SH,-0.020494758566407888
2023-02-03,600043.SH,-0.014647290889333232
2023-02-06,600043.SH,0.005033318874365714
2023-02-07,600043.SH,-0.0006904061023541566
2023-02-08,600043.SH,0.012869783924833563
2023-02-09,600043.SH,0.008160148506337901
2023-02-10,600043.SH,-0.014395018237634824
2023-02-13,600043.SH,-0.003449060014143401
2023-02-14,600043.SH,-0.003260394151267292
2023-02-15,600043.SH,-0.0021204471595757477
2023-02-16,600043.SH,-0.03507601077600309
2023-02-17,600043.SH,-0.00995501757849475
2023-02-20,600043.SH,-0.004997154724146807
2023-02-21,600043.SH,0.005200249689930422
2023-02-22,600043.SH,0.007466818081573883
2023-02-23,600043.SH,-0.008917324701704962
2023-02-24,600043.SH,0.010127686272521115
2023-02-27,600043.SH,0.011152623498609807
2023-02-28,600043.SH,-0.006240889273200202
2023-03-01,600043.SH,0.005426874293682895
2023-03-02,600043.SH,-0.007042925617510978
2023-03-03,600043.SH,0.018480414722325478
2023-03-06,600043.SH,-0.03172794765110658
2023-03-07,600043.SH,-0.021408692351920625
2023-03-08,600043.SH,0.014227354298927712
2023-03-09,600043.SH,0.002011418450577155
2023-03-10,600043.SH,-0.0005113506583896699
2023-03-13,600043.SH,-0.0011268143998161336
2023-03-14,600043.SH,-0.0057313645371812084
2023-03-15,600043.SH,0.022874841580651475
2023-03-16,600043.SH,0.01563604958055078
2023-03-17,600043.SH,0.023019531066682655
2023-03-20,600043.SH,-0.01826267985037105
2023-03-21,600043.SH,-0.01313886879824168
2023-03-22,600043.SH,-0.019935655331407443
2023-03-23,600043.SH,0.020805241534458917
2023-03-24,600043.SH,-0.005254184440723629
2023-03-27,600043.SH,0.007060794904038506
2023-03-28,600043.SH,0.0007710784784331977
2023-03-29,600043.SH,0.008802193976351118
2023-03-30,600043.SH,-0.005204468564214972
2023-03-31,600043.SH,0.019696897159023456
2023-04-03,600043.SH,0.003984812472572295
2023-04-04,600043.SH,-0.02457953718001886
2023-04-05,600043.SH,0.005207229070394973
2023-04-06,600043.SH,-0.013633933903484404
2023-04-07,600043.SH,-0.001871403870516426
2023-04-10,600043.SH,0.010840035853233523
2023-04-11,600043.SH,0.014014058209429654
2023-04-12,600043.SH,-0.0033898136863405545
2023-04-13,600043.SH,-0.01694674068009125
2023-04-14,600043.SH,0.003482288978395407
2023-04-17,600043.SH,-0.006185593950318401
2023-04-18,600043.SH,-0.00025579247878392344
2023-04-19,600043.SH,0.012854818319729079
2023-04-20,600043.SH,0.003082668437081837
2023-04-21,600043.SH,0.01154944844960084
2023-04-24,600043.SH,-0.03557848844719285
2023-04-25,600043.SH,0.0012350856793590138
2023-04-26,600043.SH,-0.0021703302622157984
2023-04-27,600043.SH,0.017789574484784344
2023-04-28,600043.SH,0.011366323163444804
2023-05-01,600043.SH,-0.010426018432721848
2023-05-02,600043.SH,-0.022346613630254412
2023-05-03,600043.SH,0.0012096709354610193
2023-05-04,600043.SH,-0.02111635386996733
2023-05-05,600043.SH,0.03656270361738332
2023-05-08,600043.SH,-0.003721114669608306
2023-05-09,600043.SH,0.007505462613361754
2023-05-10,600043.SH,-0.0033017912694226575
2023-05-11,600043.SH,-0.009384673389636848
2023-05-12,600043.SH,0.003287418342481167
2023-05-15,600043.SH,0.005910689287589898
2023-05-16,600043.SH,0.0027324298940024196
2023-05-17,600043.SH,-0.02084136380582556
2023-05-18,600043.SH,-0.012576676562961062
2023-05-19,600043.SH,0.009027987172546104
2022-01-03,600044.SH,0.0083199659111648
2022-01-04,600044.SH,0.0038604606683280748
2022-01-05,600044.SH,-0.0038528638077812496
2022-01-06,600044.SH,0.02033381308392029
2022-01-07,600044.SH,-0.01605234199212251
2022-01-10,600044.SH,0.005504788954490849
2022-01-11,600044.SH,0.0010557675661760164
2022-01-12,600044.SH,-0.02300469566589179
2022-01-13,600044.SH,0.008358136453037129
2022-01-14,600044.SH,-0.011259488200335066
2022-01-17,600044.SH,0.0032728876852177904
2022-01-18,600044.SH,-0.008308628827266108
2022-01-19,600044.SH,0.01675024057055016
2022-01-20,600044.SH,0.0038069179177157913
2022-01-21,600044.SH,0.01949043248714157
2022-01-24,600044.SH,-0.011186771318994437
2022-01-25,600044.SH,-0.006327445748832789
2022-01-26,600044.SH,0.005524230933666145
2022-01-27,600044.SH,0.006294254920455887
2022-01-28,600044.SH,-0.001035127361441583
2022-01-31,600044.SH,-0.014295158311193285
2022-02-01,600044.SH,-0.010023669902194093
2022-02-02,600044.SH,0.01406728894570223
2022-02-03,600044.SH,-0.014228035794138942
2022-02-04,600044.SH,-0.008817499519023025
2022-02-07,600044.SH,-0.007021532777980412
2022-02-08,600044.SH,0.004922881531566769
2022-02-09,600044.SH,0.017719148971295264
2022-02-10,600044.SH,0.0003023295629380669
2022-02-11,600044.SH,-0.00345843860006256
2022-02-14,600044.SH,0.044596887127210404
2022-02-15,600044.SH,-0.007583173666311223
2022-02-16,600044.SH,-0.00600452344426426
2022-02-17,600044.SH,-0.010088645517893348
2022-02-18,600044.SH,0.002160144369507688
2022-02-21,600044.SH,0.009809326971926742
2022-02-22,600044.SH,0.008296385114693746
2022-02-23,600044.SH,-0.002681374582966167
2022-02-24,600044.SH,0.004175105908134294
2022-02-25,600044.SH,0.01564502904867194
2022-02-28,600044.SH,0.0080315544257863
2022-03-01,600044.SH,0.008108353847079315
2022-03-02,600044.SH,0.0057632891043766735
2022-03-03,600044.SH,-0.009254808695491067
2022-03-04,600044.SH,0.025915598495508837
2022-03-07,600044.SH,-0.0033763425314439644
2022-03-08,600044.SH,0.003461781007895758
2022-03-09,600044.SH,-0.0103302453565402
2022-03-10,600044.SH,-0.006390199574968822
2022-03-11,600044.SH,0.010280973244808499
2022-03-14,600044.SH,0.02501488796594239
2022-03-15,600044.SH,-0.0006220953013751553
2022-03-16,600044.SH,-0.00818408127757015
2022-03-17,600044.SH,-0.0003557037737367797
2022-03-18,600044.SH,0.006239464389825223
2022-03-21,600044.SH,0.017076121859227248
2022-03-22,600044.SH,0.01300859617000239
2022-03-23,600044.SH,0.009572937680067693
2022-03-24,600044.SH,-0.0016389725684495954
2022-03-25,600044.SH,0.014026805264154112
2022-03-28,600044.SH,-0.013663864484602634
2022-03-29,600044.SH,-0.013638441574853506
2022-03-30,600044.SH,-0.00668573766479017
2022-03-31,600044.SH,0.016171305160166377
2022-04-01,600044.SH,0.01820289259656334
2022-04-04,600044.SH,0.004271104233207534
2022-04-05,600044.SH,-0.0001792466373866223
2022-04-06,600044.SH,0.008273823871979901
2022-04-07,600044.SH,-0.010178881670275752
2022-04-08,600044.SH,-0.005993958907441483
2022-04-11,600044.SH,0.009973223228123065
2022-04-12,600044.SH,-0.006073220549994674
2022-04-13,600044.SH,-0.018647779135047234
2022-04-14,600044.SH,0.0051501088881672555
2022-04-15,600044.SH,0.011353761811247285
2022-04-18,600044.SH,-0.019941446540743674
2022-04-19,600044.SH,-0.001655162998781347
2022-04-20,600044.SH,-0.0024558280173111622
2022-04-21,600044.SH,-0.011415258112630784
2022-04-22,600044.SH,-0.0016554997664588167
2022-04-25,600044.SH,0.002289399582854813
2022-04-26,600044.SH,-0.0055363100505096
2022-04-27,600044.SH,-0.006387036974968203
2022-04-28,600044.SH,-0.013267278671528035
2022-04-29,600044.SH,-0.024114745500694784
2022-05-02,600044.SH,-0.003011119556461591
2022-05-03,600044.SH,0.004837302419138854
2022-05-04,600044.SH,0.0024306558870889534
2022-05-05,600044.SH,0.00315423997678137
2022-05-06,600044.SH,-0.006825432082475344
2022-05-09,600044.SH,0.0015839315432401796
2022-05-10,600044.SH,0.0065836917074967366
2022-05-11,600044.SH,0.0016614511285016776
2022-05-12,600044.SH,-0.0054097343849783455
2022-05-13,600044.SH,-0.03961269698634226
2022-05-16,600044.SH,-0.018325376081000513
2022-05-17,600044.SH,-0.015408542074941595
2022-05-18,600044.SH,-0.01704903399783947
2022-05-19,600044.SH,-0.0009335640176095579
2022-05-20,600044.SH,0.0009216688390716963
2022-05-23,600044.SH,-0.0033982649618802606
2022-05-24,600044.SH,0.020290786861337944
2022-05-25,600044.SH,-0.01793383262494545
2022-05-26,600044.SH,0.002849483968187255
2022-05-27,600044.SH,-0.02685916254852902
2022-05-30,600044.SH,-0.005909275761309523
2022-05-31,600044.SH,-0.018056750992261384
2022-06-01,600044.SH,0.010100263727079322
2022-06-02,600044.SH,0.010819585158094223
2022-06-03,600044.SH,-0.0036702684296086516
2022-06-06,600044.SH,-0.0008180891043624377
2022-06-07,600044.SH,-0.008295296152508208
2022-06-08,600044.SH,-0.015268829590958741
2022-06-09,600044.SH,-0.008914070027399062
2022-06-10,600044.SH,0.0186786510036452
2022-06-13,600044.SH,-0.0001121187523055395
2022-06-14,600044.SH,-0.0018862676020381982
2022-06-15,600044.SH,-0.0017128913870782946
2022-06-16,600044.SH,0.012501227813049347
2022-06-17,600044.SH,0.0183515805819974
2022-06-20,600044.SH,0.004148105717373906
2022-06-21,600044.SH,0.004033795121154185
2022-06-22,600044.SH,0.002857293149835184
2022-06-23,600044.SH,0.013867034505622253
2022-06-24,600044.SH,0.011623646660147395
2022-06-27,600044.SH,-0.0012770110565598833
2022-06-28,600044.SH,0.003265633655990129
2022-06-29,600044.SH,0.0008120981709658463
2022-06-30,600044.SH,-0.004898184956278146
2022-07-01,600044.SH,0.002074671826905485
2022-07-04,600044.SH,0.013343109062518285
2022-07-05,600044.SH,-0.00580734183945487
2022-07-06,600044.SH,0.008666692370215938
2022-07-07,600044.SH,0.030224648228380457
2022-07-08,600044.SH,-0.009696249073223084
2022-07-11,600044.SH,-0.019030100728123816
2022-07-12,600044.SH,-0.0003041415421183116
2022-07-13,600044.SH,0.022221859660610466
2022-07-14,600044.SH,0.003032173630733827
2022-07-15,600044.SH,0.015786303686528832
2022-07-18,600044.SH,0.014379543525893145
2022-07-19,600044.SH,-0.010632511385385254
2022-07-20,600044.SH,-0.018158828115615425
2022-07-21,600044.SH,0.012875419900056981
2022-07-22,600044.SH,-0.013671740519022216
2022-07-25,600044.SH,-0.0180088825966581
2022-07-26,600044.SH,-0.018785634101103822
2022-07-27,600044.SH,0.004691477342765137
2022-07-28,600044.SH,0.011119162784609095
2022-07-29,600044.SH,-0.005669276593230543
2022-08-01,600044.SH,-0.012856994904380846
2022-08-02,600044.SH,-0.010990961274095164
2022-08-03,600044.SH,-0.0022322906951301354
2022-08-04,600044.SH,-0.012248642810879208
2022-08-05,600044.SH,-0.0070571006260721865
2022-08-08,600044.SH,0.0022382236351752745
2022-08-09,600044.SH,-0.0026319327192386266
2022-08-10,600044.SH,0.011242705995350261
2022-08-11,600044.SH,0.017157326782117687
2022-08-12,600044.SH,-0.007301735003136826
2022-08-15,600044.SH,-0.008257715150229166
2022-08-16,600044.SH,0.0028275575435652888
2022-08-17,600044.SH,0.02398991337778376
2022-08-18,600044.SH,-0.01234770157746192
2022-08-19,600044.SH,0.02972851436419153
2022-08-22,600044.SH,-0.007467250947635741
2022-08-23,600044.SH,0.009816337306551907
2022-08-24,600044.SH,0.008593093601708224
2022-08-25,600044.SH,0.00220562049486481
2022-08-26,600044.SH,0.014927876479662426
2022-08-29,600044.SH,-0.011137388954734817
2022-08-30,600044.SH,0.011402400100383696
2022-08-31,600044.SH,-0.00199418338887645
2022-09-01,600044.SH,2.2385840957249784e-05
2022-09-02,600044.SH,-0.012373355094239735
2022-09-05,600044.SH,-0.002123450219754253
2022-09-06,600044.SH,0.0199534649255436
2022-09-07,600044.SH,0.004859865479487311
2022-09-08,600044.SH,-0.009152049632131742
2022-09-09,600044.SH,0.015742731980962925
2022-09-12,600044.SH,0.0177731076847392
2022-09-13,600044.SH,0.0010130181059503163
2022-09-14,600044.SH,-0.007969728963981057
2022-09-15,600044.SH,0.012491618649214963
2022-09-16,600044.SH,0.010034903747960743
2022-09-19,600044.SH,-0.0036547028037403582
2022-09-20,600044.SH,0.0052226847230035685
2022-09-21,600044.SH,-0.0032702052296286572
2022-09-22,600044.SH,-0.03446975959364303
2022-09-23,600044.SH,0.015169320045302895
2022-09-26,600044.SH,0.02073541711022217
2022-09-27,600044.SH,0.0043726294363846535
2022-09-28,600044.SH,0.004958984978720349
2022-09-29,600044.SH,0.008415888417755134
2022-09-30,600044.SH,-0.019255429803102464
2022-10-03,600044.SH,-0.025155259469300577
2022-10-04,600044.SH,0.016068846763192934
2022-10-05,600044.SH,0.0038738139550667143
2022-10-06,600044.SH,0.011643914374524115
2022-10-07,600044.SH,-0.008558956776637544
2022-10-10,600044.SH,0.010738960616645105
2022-10-11,600044.SH,-0.003766954629058253
2022-10-12,600044.SH,-0.007970256331884149
2022-10-13,600044.SH,0.00641128251129323
2022-10-14,600044.SH,-0.009769300509983973
2022-10-17,600044.SH,0.0164003772635293
2022-10-18,600044.SH,-0.00914648281632702
2022-10-19,600044.SH,-0.01840800170127967
2022-10-20,600044.SH,-0.016196707713744297
2022-10-21,600044.SH,-0.009551446975849427
2022-10-24,600044.SH,0.0295374883035993
2022-10-25,600044.SH,-0.003042405930571929
2022-10-26,600044.SH,0.011370370444379933
2022-10-27,600044.SH,-0.006263211338467571
2022-10-28,600044.SH,-0.0026378715788831467
2022-10-31,600044.SH,0.015014707662022068
2022-11-01,600044.SH,-0.0007530640617779858
2022-11-02,600044.SH,0.007786105994075188
2022-11-03,600044.SH,-0.007983088596637607
2022-11-04,600044.SH,-0.010042467890936775
2022-11-07,600044.SH,0.02669891558998923
2022-11-08,600044.SH,-0.0062771269314698275
2022-11-09,600044.SH,0.004272376658923553
2022-11-10,600044.SH,-0.005829287122355763
2022-11-11,600044.SH,-0.0010685681755388384
2022-11-14,600044.SH,-0.0064487719145229685
2022-11-15,600044.SH,0.02118942278978998
2022-11-16,600044.SH,0.00996571126073545
2022-11-17,600044.SH,-0.006360005133410217
2022-11-18,600044.SH,0.00868220778164094
2022-11-21,600044.SH,-0.024236937185736353
2022-11-22,600044.SH,0.01700920725722586
2022-11-23,600044.SH,0.0017996041108453167
2022-11-24,600044.SH,0.013765221706165075
2022-11-25,600044.SH,-0.013360171604367218
2022-11-28,600044.SH,0.006188943974874108
2022-11-29,600044.SH,-0.018434576932415937
2022-11-30,600044.SH,-0.005242510462350998
2022-12-01,600044.SH,-0.014254465507632244
2022-12-02,600044.SH,-0.00692043567682054
2022-12-05,600044.SH,-0.0028314129958116217
2022-12-06,600044.SH,0.0009740064722852986
2022-12-07,600044.SH,-0.014460424461955777
2022-12-08,600044.SH,-0.018850576142626127
2022-12-09,600044.SH,0.009342242156976627
2022-12-12,600044.SH,-0.014908123475989556
2022-12-13,600044.SH,-0.004171527506029976
2022-12-14,600044.SH,0.021317906984274545
2022-12-15,600044.SH,0.031210979322903443
2022-12-16,600044.SH,-0.009387201965990818
2022-12-19,600044.SH,0.000889627754874001
2022-12-20,600044.SH,0.0010479373586949614
2022-12-21,600044.SH,-0.0035933987540389418
2022-12-22,600044.SH,-0.01005412452281988
2022-12-23,600044.SH,-0.0057154890211143965
2022-12-26,600044.SH,-0.004171751435796565
2022-12-27,600044.SH,-0.002195813161795094
2022-12-28,600044.SH,-0.0016583344269310196
2022-12-29,600044.SH,-0.012403051572979088
2022-12-30,600044.SH,-0.018107021181117948
2023-01-02,600044.SH,0.013573630203729859
2023-01-03,600044.SH,-0.018158163178874705
2023-01-04,600044.SH,2.5537520939000226e-05
2023-01-05,600044.SH,-0.016105711408192978
2023-01-06,600044.SH,-0.0037440597978999836
2023-01-09,600044.SH,0.006124354246377487
2023-01-10,600044.SH,-0.008632326604939962
2023-01-11,600044.SH,0.008553357420857909
2023-01-12,600044.SH,0.013936748978347067
2023-01-13,600044.SH,0.00841745650575863
2023-01-16,600044.SH,0.004473666908865901
2023-01-17,600044.SH,-0.011265402696901678
2023-01-18,600044.SH,-0.0032090030054992545
2023-01-19,600044.SH,0.02141955714497908
2023-01-20,600044.SH,0.021298748360947306
2023-01-23,600044.SH,0.020620302346550254
2023-01-24,600044.SH,0.004585938238731314
2023-01-25,600044.SH,6.559446087149763e-05
2023-01-26,600044.SH,0.035865099430104526
2023-01-27,600044.SH,0.003065084617250067
2023-01-30,600044.SH,0.0009505628447171971
2023-01-31,600044.SH,-0.012183108859189051
2023-02-01,600044.SH,-0.0017310197044025626
2023-02-02,600044.SH,0.004311700563392972
2023-02-03,600044.SH,-0.026151967413090643
2023-02-06,600044.SH,-0.009067388825277647
2023-02-07,600044.SH,0.0009563988141962417
2023-02-08,600044.SH,0.009916087295380382
2023-02-09,600044.SH,0.008773535957435174
2023-02-10,600044.SH,-0.010464076792038502
2023-02-13,600044.SH,0.018744515313980834
2023-02-14,600044.SH,0.002704234881214771
2023-02-15,600044.SH,0.014172385444252953
2023-02-16,600044.SH,-0.03671020237733365
2023-02-17,600044.SH,-0.008095376017278043
2023-02-20,600044.SH,0.011910337486304356
2023-02-21,600044.SH,0.004065736544627785
2023-02-22,600044.SH,-0.001897169388041579
2023-02-23,600044.SH,-0.01178205255407385
2023-02-24,600044.SH,-0.011808079181147606
2023-02-27,600044.SH,0.012852716179298595
2023-02-28,600044.SH,0.001812412313647118
2023-03-01,600044.SH,0.017777700330240443
2023-03-02,600044.SH,-0.003880196206139136
2023-03-03,600044.SH,0.015146091976984776
2023-03-06,600044.SH,-0.021014173153315534
2023-03-07,600044.SH,-0.012392626027409613
2023-03-08,600044.SH,0.02903658052916474
2023-03-09,600044.SH,0.010440973118986889
2023-03-10,600044.SH,0.01096961942225641
2023-03-13,600044.SH,0.008866109451469076
2023-03-14,600044.SH,-0.004553617699835231
2023-03-15,600044.SH,0.01671740222741679
2023-03-16,600044.SH,0.005485829733021098
2023-03-17,600044.SH,0.006822752513003375
2023-03-20,600044.SH,-0.013970129780388625
2023-03-21,600044.SH,0.0031799276375627473
2023-03-22,600044.SH,-0.010874504910622534
2023-03-23,600044.SH,-0.0019431011281330554
2023-03-24,600044.SH,0.0032409959304546907
2023-03-27,600044.SH,0.027956016317693882
2023-03-28,600044.SH,0.017900992828155084
2023-03-29,600044.SH,0.015871204385361402
2023-03-30,600044.SH,0.0033511011190581756
2023-03-31,600044.SH,0.013861613435128204
2023-04-03,600044.SH,0.009902220163731906
2023-04-04,600044.SH,-0.01677879956983782
2023-04-05,600044.SH,0.012652475218038355
2023-04-06,600044.SH,-0.02973333248404391
2023-04-07,600044.SH,-0.00710349427880453
2023-04-10,600044.SH,0.020100542386886973
2023-04-11,600044.SH,-0.003351325985616641
2023-04-12,600044.SH,-0.007992932340408303
2023-04-13,600044.SH,-0.0021733047690911684
2023-04-14,600044.SH,0.015444947813388047
2023-04-17,600044.SH,-0.022671864016711465
2023-04-18,600044.SH,-0.01904986709672125
2023-04-19,600044.SH,-0.006964226105988458
2023-04-20,600044.SH,-0.006132862216228033
2023-04-21,600044.SH,-0.009793692776319186
2023-04-24,600044.SH,-0.028056928045731806
2023-04-25,600044.SH,0.014769869314701992
2023-04-26,600044.SH,-0.0025444995948269516
2023-04-27,600044.SH,0.0036248733445476125
2023-04-28,600044.SH,0.0033750348856678714
2023-05-01,600044.SH,-0.010170535463792122
2023-05-02,600044.SH,0.01402881287679888
2023-05-03,600044.SH,-0.004149048258047375
2023-05-04,600044.SH,0.004594728515115805
2023-05-05,600044.SH,0.015451836216106525
2023-05-08,600044.SH,0.003115487894492378
2023-05-09,600044.SH,0.010773910209999644
2023-05-10,600044.SH,-0.0006622843025042018
2023-05-11,600044.SH,0.025081153710362125
2023-05-12,600044.SH,0.013749979766129555
2023-05-15,600044.SH,0.007274095872507057
2023-05-16,600044.SH,-0.0023397910580358764
2023-05-17,600044.SH,0.010553517278897848
2023-05-18,600044.SH,-0.016475231854144914
2023-05-19,600044.SH,-9.018954612688315e-05
2022-01-03,600045.SH,0.031270572195843734
2022-01-04,600045.SH,-0.03336177204638688
2022-01-05,600045.SH,0.008335079529806173
2022-01-06,600045.SH,0.010240746939918681
2022-01-07,600045.SH,-0.017889171934102718
2022-01-10,600045.SH,-0.012462628665572854
2022-01-11,600045.SH,0.0019368209569531154
2022-01-12,600045.SH,-0.005049973493393971
2022-01-13,600045.SH,0.002085388028175732
2022-01-14,600045.SH,-0.011700458478757631
2022-01-17,600045.SH,0.02725911198637342
2022-01-18,600045.SH,0.0037021980504580703
2022-01-19,600045.SH,0.006224359656736891
2022-01-20,600045.SH,0.0023275686573120957
2022-01-21,600045.SH,0.013071505042027833
2022-01-24,600045.SH,0.0004603381704474411
2022-01-25,600045.SH,0.007142608637981693
2022-01-26,600045.SH,-0.01794441436881719
2022-01-27,600045.SH,-0.0004964279951770291
2022-01-28,600045.SH,0.016462322569571787
2022-01-31,600045.SH,-0.00911363598546888
2022-02-01,600045.SH,0.0009615853468935148
2022-02-02,600045.SH,0.00033361740757921823
2022-02-03,600045.SH,0.008847596499467272
2022-02-04,600045.SH,-0.010290596152278706
2022-02-07,600045.SH,-0.012448947279305837
2022-02-08,600045.SH,-0.002864951282542224
2022-02-09,600045.SH,-0.0026144734516976064
2022-02-10,600045.SH,0.0073485944420101056
2022-02-11,600045.SH,0.004140405085440895
2022-02-14,600045.SH,0.006181620007835384
2022-02-15,600045.SH,-0.003530790269065127
2022-02-16,600045.SH,-0.015532955905483262
2022-02-17,600045.SH,-7.460817597322762e-05
2022-02-18,600045.SH,0.013196864369328034
2022-02-21,600045.SH,0.008792304956273514
2022-02-22,600045.SH,0.0018049543686886136
2022-02-23,600045.SH,0.010799989290943876
2022-02-24,600045.SH,-0.008171879649451106
2022-02-25,600045.SH,-0.0042378371979112876
2022-02-28,600045.SH,0.01173798572900544
2022-03-01,600045.SH,-0.006981303511211888
2022-03-02,600045.SH,-0.007429767291038981
2022-03-03,600045.SH,-0.004132609876301413
2022-03-04,600045.SH,-0.006084711858962878
2022-03-07,600045.SH,-0.0007513671826130037
2022-03-08,600045.SH,0.015970343485726343
2022-03-09,600045.SH,0.012845452273439318
2022-03-10,600045.SH,0.014693367135481862
2022-03-11,600045.SH,0.003904173447195275
2022-03-14,600045.SH,-0.0002642104243566865
2022-03-15,600045.SH,-0.018527944147291253
2022-03-16,600045.SH,-0.007980636626072587
2022-03-17,600045.SH,-0.02535068697844728
2022-03-18,600045.SH,-0.022996653999072494
2022-03-21,600045.SH,-0.006727699343816207
2022-03-22,600045.SH,0.000444634436491505
2022-03-23,600045.SH,0.007448681451582562
2022-03-24,600045.SH,0.008428662560393731
2022-03-25,600045.SH,0.012367243411916914
2022-03-28,600045.SH,-0.015957037240879015
2022-03-29,600045.SH,0.011184019211931757
2022-03-30,600045.SH,0.016953157996480953
2022-03-31,600045.SH,0.009815365585620916
2022-04-01,600045.SH,-0.0020627639592321247
2022-04-04,600045.SH,0.0008440735713820795
2022-04-05,600045.SH,-0.01725718770792087
2022-04-06,600045.SH,-0.00412298313932167
2022-04-07,600045.SH,-0.0036366073643880918
2022-04-08,600045.SH,-0.004821182291018101
2022-04-11,600045.SH,-0.007599487556151762
2022-04-12,600045.SH,-0.028903384132067236
2022-04-13,600045.SH,-0.01999303097322526
2022-04-14,600045.SH,-0.0010911945959231452
2022-04-15,600045.SH,0.0006141322013327975
2022-04-18,600045.SH,0.0005849748351610664
2022-04-19,600045.SH,-0.006123200484556045
2022-04-20,600045.SH,-0.005793554432641861
2022-04-21,600045.SH,-0.00948927526634757
2022-04-22,600045.SH,-0.007822280091678895
2022-04-25,600045.SH,0.0015225166511562433
2022-04-26,600045.SH,-0.008399308564595694
2022-04-27,600045.SH,-0.001786471584556043
2022-04-28,600045.SH,0.0011350425527653397
2022-04-29,600045.SH,-0.0027494548957456184
2022-05-02,600045.SH,-0.0024397285088292526
2022-05-03,600045.SH,-0.019513186760819642
2022-05-04,600045.SH,0.01281591660710757
2022-05-05,600045.SH,0.007700432427358154
2022-05-06,600045.SH,-0.005974374103499833
2022-05-09,600045.SH,0.008100131436706504
2022-05-10,600045.SH,0.00989206345660585
2022-05-11,600045.SH,0.013905378756040684
2022-05-12,600045.SH,0.001868357074326118
2022-05-13,600045.SH,-0.002901969098165631
2022-05-16,600045.SH,-0.02367292050253194
2022-05-17,600045.SH,-0.010940624414801984
2022-05-18,600045.SH,-0.011328101113375049
2022-05-19,600045.SH,0.0066238923308295896
2022-05-20,600045.SH,0.00886810691148173
2022-05-23,600045.SH,-0.0005264064895225341
2022-05-24,600045.SH,0.0010169189896197563
2022-05-25,600045.SH,-0.01548449756733022
2022-05-26,600045.SH,0.02235792517527608
2022-05-27,600045.SH,-0.0023310073162266893
2022-05-30,600045.SH,0.0028373130068095275
2022-05-31,600045.SH,-0.011037490324866355
2022-06-01,600045.SH,-3.3646760526066626e-05
2022-06-02,600045.SH,-0.0031471339616089373
2022-06-03,600045.SH,-0.00994657982850227
2022-06-06,600045.SH,-0.008273312217373418
2022-06-07,600045.SH,-0.00169099963161937
2022-06-08,600045.SH,-0.011182131132168413
2022-06-09,600045.SH,-0.044142139261773385
2022-06-10,600045.SH,-0.002890650203623112
2022-06-13,600045.SH,-0.013224605917139705
2022-06-14,600045.SH,-0.00024248914807020587
2022-06-15,600045.SH,0.00019204516900608393
2022-06-16,600045.SH,0.030493550560383168
2022-06-17,600045.SH,0.0011322449517908945
2022-06-20,600045.SH,-0.00484685361113954
2022-06-21,600045.SH,0.006390343431842978
2022-06-22,600045.SH,0.01047805859418538
2022-06-23,600045.SH,0.015416295140468675
2022-06-24,600045.SH,0.00949802021155782
2022-06-27,600045.SH,0.009967437658827509
2022-06-28,600045.SH,-0.012559921078554546
2022-06-29,600045.SH,0.011380411398205453
2022-06-30,600045.SH,0.010779286185136005
2022-07-01,600045.SH,-0.0052412500126512995
2022-07-04,600045.SH,-0.01724854292933381
2022-07-05,600045.SH,0.0010900151444789754
2022-07-06,600045.SH,-0.0018575574161318756
2022-07-07,600045.SH,0.0035606285889591685
2022-07-08,600045.SH,-0.024595506373875926
2022-07-11,600045.SH,0.014139436340070893
2022-07-12,600045.SH,-0.011914056841484638
2022-07-13,600045.SH,0.007394873246320061
2022-07-14,600045.SH,-0.005248025011580636
2022-07-15,600045.SH,0.022898675206095415
2022-07-18,600045.SH,-0.0009375765851747861
2022-07-19,600045.SH,0.0034555289788047484
2022-07-20,600045.SH,-0.021310164561769127
2022-07-21,600045.SH,0.013527927527213988
2022-07-22,600045.SH,-0.016744734438369317
2022-07-25,600045.SH,-0.006142474111884922
2022-07-26,600045.SH,-0.007515895371683526
2022-07-27,600045.SH,0.0038295554649980896
2022-07-28,600045.SH,0.012211586110371713
2022-07-29,600045.SH,0.008478640088796372
2022-08-01,600045.SH,0.0013992273365878863
2022-08-02,600045.SH,-0.0016720817564753378
2022-08-03,600045.SH,-0.02237610284456624
2022-08-04,600045.SH,-2.4766037743043784e-06
2022-08-05,600045.SH,0.01565179886791025
2022-08-08,600045.SH,-0.002656488365236907
2022-08-09,600045.SH,0.005932275721472365
2022-08-10,600045.SH,0.014629713867565636
2022-08-11,600045.SH,0.010617498986403615
2022-08-12,600045.SH,-0.0022190807984341027
2022-08-15,600045.SH,-0.006717774676271889
2022-08-16,600045.SH,-0.0015010765611856401
2022-08-17,600045.SH,0.009677379513867913
2022-08-18,600045.SH,-0.010450774157372549
2022-08-19,600045.SH,-0.0066491147671291885
2022-08-22,600045.SH,0.007646877718746021
2022-08-23,600045.SH,0.011954157292502413
2022-08-24,600045.SH,-0.006081516874399233
2022-08-25,600045.SH,0.0014604664453611198
2022-08-26,600045.SH,0.011267376890859854
2022-08-29,600045.SH,0.004689621691108718
2022-08-30,600045.SH,-0.005707808519807367
2022-08-31,600045.SH,-0.03497825600152172
2022-09-01,600045.SH,-0.005850985261174188
2022-09-02,600045.SH,-0.019092196912939285
2022-09-05,600045.SH,0.007603978401581965
2022-09-06,600045.SH,0.02213543393464589
2022-09-07,600045.SH,0.012416264020221331
2022-09-08,600045.SH,0.016498298250906256
2022-09-09,600045.SH,0.014650178297593379
2022-09-12,600045.SH,0.027943502221494818
2022-09-13,600045.SH,0.015545663443264161
2022-09-14,600045.SH,0.011374757893551773
2022-09-15,600045.SH,0.008441628287501385
2022-09-16,600045.SH,-0.009463212804630866
2022-09-19,600045.SH,0.037108750480792055
2022-09-20,600045.SH,0.002095404849935451
2022-09-21,600045.SH,0.0024913283859783423
2022-09-22,600045.SH,-0.016448021904207542
2022-09-23,600045.SH,0.02284664788330639
2022-09-26,600045.SH,-0.010660307484133281
2022-09-27,600045.SH,-0.005540587616270345
2022-09-28,600045.SH,-0.004049609403010785
2022-09-29,600045.SH,0.01631764202098948
2022-09-30,600045.SH,0.0018638813096631748
2022-10-03,600045.SH,-0.018099245367949764
2022-10-04,600045.SH,0.011746296246714395
2022-10-05,600045.SH,0.009109828783490698
2022-10-06,600045.SH,0.023418140893782004
2022-10-07,600045.SH,0.005758736650179238
2022-10-10,600045.SH,-0.001894463424420752
2022-10-11,600045.SH,-0.0014577916805728758
2022-10-12,600045.SH,0.019016702233866267
2022-10-13,600045.SH,0.01252492970214428
2022-10-14,600045.SH,-0.016621133124050575
2022-10-17,600045.SH,-0.016587930157659126
2022-10-18,600045.SH,-0.016057681671323498
2022-10-19,600045.SH,-0.00343730159564966
2022-10-20,600045.SH,-0.0034868886941710055
2022-10-21,600045.SH,-0.022136303115271035
2022-10-24,600045.SH,0.013653345903866389
2022-10-25,600045.SH,-0.02629550622411611
2022-10-26,600045.SH,0.013785142626777939
2022-10-27,600045.SH,-0.0017877963176190568
2022-10-28,600045.SH,-0.007255599242388686
2022-10-31,600045.SH,0.017923605993543562
2022-11-01,600045.SH,0.007839916380489255
2022-11-02,600045.SH,0.02394846094459214
2022-11-03,600045.SH,-0.00043128930010353074
2022-11-04,600045.SH,-0.004179347229308487
2022-11-07,600045.SH,0.023356625138976916
2022-11-08,600045.SH,0.004569645757841407
2022-11-09,600045.SH,0.018392095665522225
2022-11-10,600045.SH,-0.013702746278477371
2022-11-11,600045.SH,0.007203469746329352
2022-11-14,600045.SH,-0.006978609188968268
2022-11-15,600045.SH,-0.0005275288765131288
2022-11-16,600045.SH,0.017089344293954457
2022-11-17,600045.SH,-0.0031218925697763305
2022-11-18,600045.SH,-0.0033995795868182496
2022-11-21,600045.SH,-0.026667385722418387
2022-11-22,600045.SH,-0.0016826453652916788
2022-11-23,600045.SH,0.005187976370117182
2022-11-24,600045.SH,0.0007590226561801344
2022-11-25,600045.SH,-0.01936758641667907
2022-11-28,600045.SH,-0.007757050797602045
2022-11-29,600045.SH,-0.010649019770131555
2022-11-30,600045.SH,0.002865219953560646
2022-12-01,600045.SH,-0.017307685273217285
2022-12-02,600045.SH,-0.002866264568708516
2022-12-05,600045.SH,0.0018563778294149649
2022-12-06,600045.SH,-0.012480757526688603
2022-12-07,600045.SH,-0.013430273450421111
2022-12-08,600045.SH,0.001660047838580805
2022-12-09,600045.SH,0.004284655343287402
2022-12-12,600045.SH,0.0012558822603028433
2022-12-13,600045.SH,0.007417589895586734
2022-12-14,600045.SH,0.012473252974861649
2022-12-15,600045.SH,0.019810451163760446
2022-12-16,600045.SH,0.0009584111595928608
2022-12-19,600045.SH,-0.004807295404599435
2022-12-20,600045.SH,-0.020798822599426846
2022-12-21,600045.SH,0.012841635208348945
2022-12-22,600045.SH,-0.003190816945480272
2022-12-23,600045.SH,0.005438615768287802
2022-12-26,600045.SH,-0.0025875910390252763
2022-12-27,600045.SH,0.0007801174010068647
2022-12-28,600045.SH,0.0067598240716822
2022-12-29,600045.SH,-0.0016705699302617038
2022-12-30,600045.SH,-0.026286546406568988
2023-01-02,600045.SH,0.010470990144406438
2023-01-03,600045.SH,-0.004272210143844093
2023-01-04,600045.SH,0.012769546888823851
2023-01-05,600045.SH,-0.018397184709217623
2023-01-06,600045.SH,0.0025624407044702625
2023-01-09,600045.SH,0.013199086779330977
2023-01-10,600045.SH,0.0003719860063378501
2023-01-11,600045.SH,-0.009016010756016301
2023-01-12,600045.SH,-0.023442790287812206
2023-01-13,600045.SH,0.015233326439764914
2023-01-16,600045.SH,-0.0032920822493295284
2023-01-17,600045.SH,0.014199964621297845
2023-01-18,600045.SH,0.008508398206296577
2023-01-19,600045.SH,0.02271381473264055
2023-01-20,600045.SH,0.00937346566833126
2023-01-23,600045.SH,0.007984441676843292
2023-01-24,600045.SH,0.008220911786149105
2023-01-25,600045.SH,-0.008069182493129774
2023-01-26,600045.SH,0.028546154068702825
2023-01-27,600045.SH,-0.012892225063491452
2023-01-30,600045.SH,-0.012227938885491582
2023-01-31,600045.SH,-0.004075935750599601
2023-02-01,600045.SH,-0.0007679215127433369
2023-02-02,600045.SH,0.024068731910002694
2023-02-03,600045.SH,0.004489968237013612
2023-02-06,600045.SH,0.012103516607980824
2023-02-07,600045.SH,0.010954100690364663
2023-02-08,600045.SH,-0.008796101849852994
2023-02-09,600045.SH,-0.01893078548778036
2023-02-10,600045.SH,0.014125040547362534
2023-02-13,600045.SH,-0.017011501085775656
2023-02-14,600045.SH,0.017069356974094955
2023-02-15,600045.SH,0.018468083386238808
2023-02-16,600045.SH,-0.021295794065651397
2023-02-17,600045.SH,0.0025256747272756367
2023-02-20,600045.SH,0.006065008725470572
2023-02-21,600045.SH,0.00034384803162599425
2023-02-22,600045.SH,0.011281555698622821
2023-02-23,600045.SH,-0.0001397656538333191
2023-02-24,600045.SH,0.004180556887922288
2023-02-27,600045.SH,0.007818857846310433
2023-02-28,600045.SH,0.0007886492047138108
2023-03-01,600045.SH,-0.013314979691802687
2023-03-02,600045.SH,0.0018107242851300776
2023-03-03,600045.SH,0.006905156315458438
2023-03-06,600045.SH,-0.016706706433411718
2023-03-07,600045.SH,0.0070622054955294545
2023-03-08,600045.SH,0.010136498144425401
2023-03-09,600045.SH,-0.0007957592835895234
2023-03-10,600045.SH,0.023490726239916278
2023-03-13,600045.SH,-0.0014375491751559416
2023-03-14,600045.SH,0.012204626797075404
2023-03-15,600045.SH,-0.00587198592885022
2023-03-16,600045.SH,0.006368989737218356
2023-03-17,600045.SH,0.007062344976511415
2023-03-20,600045.SH,-0.007769525296935271
2023-03-21,600045.SH,0.004428615205763749
2023-03-22,600045.SH,-0.006375091880080093
2023-03-23,600045.SH,0.018463627749814294
2023-03-24,600045.SH,-0.0038249190968845737
2023-03-27,600045.SH,0.010785745068084817
2023-03-28,600045.SH,0.001393403575560771
2023-03-29,600045.SH,0.004648312182268135
2023-03-30,600045.SH,0.0029889164100931065
2023-03-31,600045.SH,0.017047327663383304
2023-04-03,600045.SH,0.004112602658037798
2023-04-04,600045.SH,-0.0014617937408959673
2023-04-05,600045.SH,0.00039887651225192257
2023-04-06,600045.SH,-0.005616391462507215
2023-04-07,600045.SH,-0.018173078077885808
2023-04-10,600045.SH,0.021522130186817548
2023-04-11,600045.SH,-0.0007114654495618674
2023-04-12,600045.SH,-0.01601797925159711
2023-04-13,600045.SH,0.008352121159602524
2023-04-14,600045.SH,0.007238471967336002
2023-04-17,600045.SH,3.847599386872999e-05
2023-04-18,600045.SH,-0.0008241603900994727
2023-04-19,600045.SH,0.0015645678133728406
2023-04-20,600045.SH,0.006446456208290935
2023-04-21,600045.SH,0.01266119363236222
2023-04-24,600045.SH,-0.0070051256464018705
2023-04-25,600045.SH,0.0017530963529836195
2023-04-26,600045.SH,0.02130169723286864
2023-04-27,600045.SH,0.0013379367858734493
2023-04-28,600045.SH,-0.0010104069956900653
2023-05-01,600045.SH,-0.03372113362437772
2023-05-02,600045.SH,-0.02160658108032211
2023-05-03,600045.SH,0.0005891326566218888
2023-05-04,600045.SH,-0.014972935406759369
2023-05-05,600045.SH,0.018633588761226987
2023-05-08,600045.SH,0.002660772549067554
2023-05-09,600045.SH,0.01520638223308908
2023-05-10,600045.SH,-0.004118620965946085
2023-05-11,600045.SH,0.006645323780998345
2023-05-12,600045.SH,0.0027726237078278346
2023-05-15,600045.SH,0.01608890876507548
2023-05-16,600045.SH,-0.013439635824190381
2023-05-17,600045.SH,0.005175848821392626
2023-05-18,600045.SH,-0.00872326673540739
2023-05-19,600045.SH,0.006637316533122183
2022-01-03,600046.SH,0.0022294426264769596
2022-01-04,600046.SH,-0.008233435793764982
2022-01-05,600046.SH,0.003337213343354546
2022-01-06,600046.SH,0.021457081772449687
2022-01-07,600046.SH,-0.015584222658627791
2022-01-10,600046.SH,0.009279076061236178
2022-01-11,600046.SH,0.003745194041613641
2022-01-12,600046.SH,-0.0023123423307753873
2022-01-13,600046.SH,-0.0015876788585786911
2022-01-14,600046.SH,-0.0011818824237368568
2022-01-17,600046.SH,0.001151250069830568
2022-01-18,600046.SH,0.007679759473821955
2022-01-19,600046.SH,0.0006096157215679125
2022-01-20,600046.SH,0.01227040664839616
2022-01-21,600046.SH,0.0072403780006339135
2022-01-24,600046.SH,-0.0028543909012267756
2022-01-25,600046.SH,0.003899053734392911
2022-01-26,600046.SH,0.008018374116861748
2022-01-27,600046.SH,0.011253290572283019
2022-01-28,600046.SH,0.02566045559570326
2022-01-31,600046.SH,-0.000980384822703358
2022-02-01,600046.SH,0.004141696569320215
2022-02-02,600046.SH,0.002519838625645433
2022-02-03,600046.SH,0.012771656696562618
2022-02-04,600046.SH,-0.010469461945049554
2022-02-07,600046.SH,0.0017417117756551139
2022-02-08,600046.SH,0.0016142014687855273
2022-02-09,600046.SH,0.0074436304860814526
2022-02-10,600046.SH,0.0009538985240530062
2022-02-11,600046.SH,-0.0044459609151490985
2022-02-14,600046.SH,0.014417257908985846
2022-02-15,600046.SH,0.012164481110339537
2022-02-16,600046.SH,0.0005748208524791777
2022-02-17,600046.SH,-0.019398682124774334
2022-02-18,600046.SH,0.015881662393004564
2022-02-21,600046.SH,0.00011663653849434095
2022-02-22,600046.SH,0.00652201321934252
2022-02-23,600046.SH,-0.0011896003397411673
2022-02-24,600046.SH,-0.00043274506301637077
2022-02-25,600046.SH,0.02373663396427941
2022-02-28,600046.SH,-0.0023403758793926147
2022-03-01,600046.SH,0.010453181905309849
2022-03-02,600046.SH,0.007271808466014308
2022-03-03,600046.SH,-0.004576126431714959
2022-03-04,600046.SH,-0.006524049332024119
2022-03-07,600046.SH,-0.0011223666138922403
2022-03-08,600046.SH,0.010218760581806194
2022-03-09,600046.SH,-0.01231599834941206
2022-03-10,600046.SH,0.010945328413158314
2022-03-11,600046.SH,-0.013543234861546136
2022-03-14,600046.SH,0.01524626344759434
2022-03-15,600046.SH,0.010187974087609554
2022-03-16,600046.SH,0.007474152162510709
2022-03-17,600046.SH,0.004130467875234569
2022-03-18,600046.SH,-0.006810585745552286
2022-03-21,600046.SH,-0.01309779413812337
2022-03-22,600046.SH,0.00018777257096515287
2022-03-23,600046.SH,0.01165702460509642
2022-03-24,600046.SH,0.004934741423226821
2022-03-25,600046.SH,-0.001539961326816647
2022-03-28,600046.SH,0.006746061831683352
2022-03-29,600046.SH,0.01006868917726374
2022-03-30,600046.SH,-0.0007332117817313972
2022-03-31,600046.SH,0.02266798762725042
2022-04-01,600046.SH,-0.0021414683122298857
2022-04-04,600046.SH,0.008402675780751686
2022-04-05,600046.SH,-0.01555451109368404
2022-04-06,600046.SH,0.014766878221697562
2022-04-07,600046.SH,-0.009610061080752547
2022-04-08,600046.SH,-0.0159348515616745
2022-04-11,600046.SH,-0.01655262165731541
2022-04-12,600046.SH,0.00415693903473377
2022-04-13,600046.SH,0.0021928305727759636
2022-04-14,600046.SH,0.005197792234721179
2022-04-15,600046.SH,0.011328668000237473
2022-04-18,600046.SH,0.004369745585430656
2022-04-19,600046.SH,0.0008062666219876887
2022-04-20,600046.SH,0.017785578285174873
2022-04-21,600046.SH,0.0025385344196965608
2022-04-22,600046.SH,-0.010138498525478969
2022-04-25,600046.SH,0.008357919043729196
2022-04-26,600046.SH,0.0021073355463822963
2022-04-27,600046.SH,-0.0017999534010677879
2022-04-28,600046.SH,0.006979909985073693
2022-04-29,600046.SH,-0.011579308527047439
2022-05-02,600046.SH,0.005171239942119574
2022-05-03,600046.SH,-9.469895985693422e-06
2022-05-04,600046.SH,0.0029735633301959464
2022-05-05,600046.SH,0.019978689564135763
2022-05-06,600046.SH,0.007267811908242876
2022-05-09,600046.SH,0.0022840595225687805
2022-05-10,600046.SH,0.004491933138834728
2022-05-11,600046.SH,0.006702121906348032
2022-05-12,600046.SH,0.007104608727936763
2022-05-13,600046.SH,-0.006310599760034451
2022-05-16,600046.SH,-0.026557401214525045
2022-05-17,600046.SH,-0.03550672306723849
2022-05-18,600046.SH,0.004774670765394385
2022-05-19,600046.SH,0.007586768275848813
2022-05-20,600046.SH,-0.0074596066090331856
2022-05-23,600046.SH,0.003917829845486429
2022-05-24,600046.SH,0.029666925738947657
2022-05-25,600046.SH,0.011285199889972695
2022-05-26,600046.SH,0.01552233027575627
2022-05-27,600046.SH,-0.016336197768405454
2022-05-30,600046.SH,-0.009211408492639803
2022-05-31,600046.SH,-0.03146422325296172
2022-06-01,600046.SH,0.0036228701316447006
2022-06-02,600046.SH,0.017808737074270824
2022-06-03,600046.SH,-0.0019167829236236694
2022-06-06,600046.SH,0.010229693861134617
2022-06-07,600046.SH,0.0003612162363850848
2022-06-08,600046.SH,-0.010395974264675794
2022-06-09,600046.SH,-0.019822110796015285
2022-06-10,600046.SH,-0.0010572124299410351
2022-06-13,600046.SH,-0.014014204211474906
2022-06-14,600046.SH,0.0194209503409235
2022-06-15,600046.SH,-0.012848898366468466
2022-06-16,600046.SH,0.010843698361675091
2022-06-17,600046.SH,-0.021277029154092932
2022-06-20,600046.SH,-0.005222431327994269
2022-06-21,600046.SH,0.0014103679820792274
2022-06-22,600046.SH,-0.0018079300646212727
2022-06-23,600046.SH,0.0015456679416229538
2022-06-24,600046.SH,0.006705508323192793
2022-06-27,600046.SH,-0.0025896404269463037
2022-06-28,600046.SH,0.010337744236089802
2022-06-29,600046.SH,0.01006419558459712
2022-06-30,600046.SH,-0.0033962401030722907
2022-07-01,600046.SH,-0.002083935451503872
2022-07-04,600046.SH,-0.007763126182051093
2022-07-05,600046.SH,-0.01885784427719809
2022-07-06,600046.SH,0.0048516304400287565
2022-07-07,600046.SH,0.023261478471732055
2022-07-08,600046.SH,-0.014640727304960868
2022-07-11,600046.SH,-0.004510254616012108
2022-07-12,600046.SH,-0.0057758743713038395
2022-07-13,600046.SH,-0.020847707840862456
2022-07-14,600046.SH,0.008075533814217734
2022-07-15,600046.SH,0.047117995001596254
2022-07-18,600046.SH,0.00926917841345563
2022-07-19,600046.SH,0.008492937050279606
2022-07-20,600046.SH,-0.020533592595170232
2022-07-21,600046.SH,-0.021426619338815924
2022-07-22,600046.SH,-0.017590618797107063
2022-07-25,600046.SH,0.0006473895290042037
2022-07-26,600046.SH,-0.0025206357831139576
2022-07-27,600046.SH,-0.0012305650571133731
2022-07-28,600046.SH,0.0032253517219379604
2022-07-29,600046.SH,0.010653545407595198
2022-08-01,600046.SH,-0.006282545436319123
2022-08-02,600046.SH,-0.005207061320979494
2022-08-03,600046.SH,-0.01144418190730882
2022-08-04,600046.SH,-0.007575487706208772
2022-08-05,600046.SH,-0.0092432209169422
2022-08-08,600046.SH,0.009870138441409453
2022-08-09,600046.SH,0.01977841399876056
2022-08-10,600046.SH,0.018986394720846244
2022-08-11,600046.SH,0.006209522524506568
2022-08-12,600046.SH,-0.017344187199084347
2022-08-15,600046.SH,-0.02209782682752787
2022-08-16,600046.SH,0.005163133641300181
2022-08-17,600046.SH,0.02607543046398076
2022-08-18,600046.SH,-0.005198603666969567
2022-08-19,600046.SH,0.0030025147540561517
2022-08-22,600046.SH,-0.02186286396704653
2022-08-23,600046.SH,0.016126588546778977
2022-08-24,600046.SH,0.014940958878506001
2022-08-25,600046.SH,-0.00804402746617667
2022-08-26,600046.SH,-0.007952096216479703
2022-08-29,600046.SH,0.007172317686652908
2022-08-30,600046.SH,-0.002850067017078174
2022-08-31,600046.SH,0.014150734235837584
2022-09-01,600046.SH,-0.010895363688795085
2022-09-02,600046.SH,-0.01408911766322345
2022-09-05,600046.SH,0.0018317833539109223
2022-09-06,600046.SH,0.008766412707643282
2022-09-07,600046.SH,0.012542056772064325
2022-09-08,600046.SH,0.007908994786874807
2022-09-09,600046.SH,0.013167672044328659
2022-09-12,600046.SH,0.012293211340595226
2022-09-13,600046.SH,-0.0028084849721727798
2022-09-14,600046.SH,-0.0033780579209472267
2022-09-15,600046.SH,0.004593341764776371
2022-09-16,600046.SH,0.018096016639522504
2022-09-19,600046.SH,0.02230878517395395
2022-09-20,600046.SH,0.0005506448292031498
2022-09-21,600046.SH,-0.01906050182147671
2022-09-22,600046.SH,0.004463123288072853
2022-09-23,600046.SH,0.014574264813293006
2022-09-26,600046.SH,0.012487651164299033
2022-09-27,600046.SH,0.014060373490928774
2022-09-28,600046.SH,-0.00816498670286858
2022-09-29,600046.SH,0.008502285324642268
2022-09-30,600046.SH,-0.01116395494010555
2022-10-03,600046.SH,-0.02032350786806502
2022-10-04,600046.SH,0.008303968011771837
2022-10-05,600046.SH,-0.010780288429661226
2022-10-06,600046.SH,-0.005748192256871797
2022-10-07,600046.SH,-0.00835189798221274
2022-10-10,600046.SH,-0.003170105642647968
2022-10-11,600046.SH,0.0028707102503515904
2022-10-12,600046.SH,0.00319682103141368
2022-10-13,600046.SH,0.0035955794213577185
2022-10-14,600046.SH,-0.01592129542616702
2022-10-17,600046.SH,0.02314813354918219
2022-10-18,600046.SH,-0.008301453973334944
2022-10-19,600046.SH,-0.0037010282610253596
2022-10-20,600046.SH,0.0001622770579297831
2022-10-21,600046.SH,-0.003301553769249235
2022-10-24,600046.SH,0.010065211654298486
2022-10-25,600046.SH,-0.010404159839292255
2022-10-26,600046.SH,0.0022706358978701225
2022-10-27,600046.SH,-0.009738523360149999
2022-10-28,600046.SH,-0.007563497850693926
2022-10-31,600046.SH,0.008191285135267595
2022-11-01,600046.SH,-0.015414112942478526
2022-11-02,600046.SH,0.025659912757195195
2022-11-03,600046.SH,0.020372534745992092
2022-11-04,600046.SH,-0.0038640382941184815
2022-11-07,600046.SH,0.03286382123746605
2022-11-08,600046.SH,0.012750551030674738
2022-11-09,600046.SH,-0.011834110528153
2022-11-10,600046.SH,0.0006076748749773014
2022-11-11,600046.SH,-0.003540479691319257
2022-11-14,600046.SH,0.024733068939279682
2022-11-15,600046.SH,0.018257196600284416
2022-11-16,600046.SH,0.024096579121969962
2022-11-17,600046.SH,-0.008610076108071891
2022-11-18,600046.SH,0.01966786067091106
2022-11-21,600046.SH,-0.01683103818508508
2022-11-22,600046.SH,0.006925231761566001
2022-11-23,600046.SH,0.008791618853242188
2022-11-24,600046.SH,0.013689928583747474
2022-11-25,600046.SH,-0.0035425966915011422
2022-11-28,600046.SH,-0.011903296697511001
2022-11-29,600046.SH,-0.04303887534225001
2022-11-30,600046.SH,0.009442593720256888
2022-12-01,600046.SH,-0.013387706398319349
2022-12-02,600046.SH,0.007460486017891706
2022-12-05,600046.SH,-0.003497908546184056
2022-12-06,600046.SH,0.01124846737618075
2022-12-07,600046.SH,-0.006042901929758315
2022-12-08,600046.SH,-0.036383313767919936
2022-12-09,600046.SH,0.023182933058706355
2022-12-12,600046.SH,-0.01373613550633709
2022-12-13,600046.SH,0.0028758272450446452
2022-12-14,600046.SH,0.02060738317793851
2022-12-15,600046.SH,0.029270227733579325
2022-12-16,600046.SH,-0.012094960987685238
2022-12-19,600046.SH,-0.012072053575382158
2022-12-20,600046.SH,-0.0015964251821811797
2022-12-21,600046.SH,-0.004169341460064745
2022-12-22,600046.SH,-0.013798293972892357
2022-12-23,600046.SH,-0.0166038137629312
2022-12-26,600046.SH,-0.008158707429084157
2022-12-27,600046.SH,0.0046429170679950435
2022-12-28,600046.SH,0.002331240825198813
2022-12-29,600046.SH,-0.0013885185178804872
2022-12-30,600046.SH,-0.015987071440343874
2023-01-02,600046.SH,-0.01137947157418658
2023-01-03,600046.SH,-0.005303029843718748
2023-01-04,600046.SH,-0.00636487129526741
2023-01-05,600046.SH,-0.005070925171765241
2023-01-06,600046.SH,-0.011443009560427944
2023-01-09,600046.SH,0.015114902324615907
2023-01-10,600046.SH,-0.004426876599409194
2023-01-11,600046.SH,0.006576620270017011
2023-01-12,600046.SH,0.009297462736934858
2023-01-13,600046.SH,0.003279383964041315
2023-01-16,600046.SH,0.0022188036276380467
2023-01-17,600046.SH,-0.01813443853515425
2023-01-18,600046.SH,-0.00570685942434678
2023-01-19,600046.SH,0.027776113139335597
2023-01-20,600046.SH,0.017679134602964157
2023-01-23,600046.SH,0.02157140507596663
2023-01-24,600046.SH,0.010939347122112033
2023-01-25,600046.SH,-0.005903370431360976
2023-01-26,600046.SH,0.007009357435862853
2023-01-27,600046.SH,-0.0074823933294927885
2023-01-30,600046.SH,-0.0009169384282195873
2023-01-31,600046.SH,-0.018039156980687202
2023-02-01,600046.SH,0.0014870159286482975
2023-02-02,600046.SH,-0.0055480147716955594
2023-02-03,600046.SH,-0.004867679600095374
2023-02-06,600046.SH,0.013194198321822753
2023-02-07,600046.SH,0.011442305317154743
2023-02-08,600046.SH,-0.002804466195853284
2023-02-09,600046.SH,0.007802918989578654
2023-02-10,600046.SH,0.0026386025238611345
2023-02-13,600046.SH,-0.002422862535023509
2023-02-14,600046.SH,0.00018927284034570566
2023-02-15,600046.SH,0.009772534404062618
2023-02-16,600046.SH,-0.014022606300077678
2023-02-17,600046.SH,-0.0004981012933132601
2023-02-20,600046.SH,-0.0058721286047903245
2023-02-21,600046.SH,-0.005400569173506722
2023-02-22,600046.SH,8.3723162246363e-05
2023-02-23,600046.SH,-0.009767262102995907
2023-02-24,600046.SH,-0.0005073625734549653
2023-02-27,600046.SH,0.0024987454858510366
2023-02-28,600046.SH,0.00023875993152222032
2023-03-01,600046.SH,0.017296670204856514
2023-03-02,600046.SH,-0.022501966794718133
2023-03-03,600046.SH,0.012905234466504522
2023-03-06,600046.SH,-0.010512946058961732
2023-03-07,600046.SH,-0.0007757785785755869
2023-03-08,600046.SH,0.021782587358117937
2023-03-09,600046.SH,0.021186629802192193
2023-03-10,600046.SH,0.023887145693734853
2023-03-13,600046.SH,0.01182960010132714
2023-03-14,600046.SH,-0.010243713431593375
2023-03-15,600046.SH,-0.006310842030505045
2023-03-16,600046.SH,0.012293534660151425
2023-03-17,600046.SH,0.02004420887182124
2023-03-20,600046.SH,-0.010519016236658147
2023-03-21,600046.SH,-0.002165433120513659
2023-03-22,600046.SH,-0.011152049470256765
2023-03-23,600046.SH,0.0020776707418687906
2023-03-24,600046.SH,0.0013231828540007286
2023-03-27,600046.SH,0.008442534066877713
2023-03-28,600046.SH,-0.0038169915739979673
2023-03-29,600046.SH,0.03594517695284228
2023-03-30,600046.SH,-0.008337257080225523
2023-03-31,600046.SH,0.02004428007613227
2023-04-03,600046.SH,-0.004643585322612791
2023-04-04,600046.SH,-0.01415069076516834
2023-04-05,600046.SH,0.000950758461441124
2023-04-06,600046.SH,-0.0009301003444076063
2023-04-07,600046.SH,-0.006758057690540421
2023-04-10,600046.SH,0.008420346488245354
2023-04-11,600046.SH,0.0023094195090464895
2023-04-12,600046.SH,-0.01639097029164173
2023-04-13,600046.SH,-0.0017866409106063264
2023-04-14,600046.SH,0.0030756004508291695
2023-04-17,600046.SH,-0.005380794481898522
2023-04-18,600046.SH,-0.0060645522445034565
2023-04-19,600046.SH,0.0005672961735090189
2023-04-20,600046.SH,0.02099849967116208
2023-04-21,600046.SH,0.015087956479365675
2023-04-24,600046.SH,-0.004182310206940921
2023-04-25,600046.SH,0.006160877347200784
2023-04-26,600046.SH,0.014102909532414816
2023-04-27,600046.SH,-0.0008497041142225968
2023-04-28,600046.SH,0.010921159591796346
2023-05-01,600046.SH,-0.0045548986776183294
2023-05-02,600046.SH,0.003705387981073543
2023-05-03,600046.SH,0.0018227465131978714
2023-05-04,600046.SH,-0.023115337555828647
2023-05-05,600046.SH,0.009767950314503344
2023-05-08,600046.SH,-0.003901831511165081
2023-05-09,600046.SH,0.02401770671163398
2023-05-10,600046.SH,0.0030328571430231523
2023-05-11,600046.SH,-0.0011491162541379723
2023-05-12,600046.SH,-0.001902137158737818
2023-05-15,600046.SH,-0.0059201085767482085
2023-05-16,600046.SH,-0.003713045243073773
2023-05-17,600046.SH,0.0004957419762818634
2023-05-18,600046.SH,0.004238702790893819
2023-05-19,600046.SH,-0.01084539835545286
2022-01-03,600047.SH,0.025333109086500948
2022-01-04,600047.SH,-0.017752875218210513
2022-01-05,600047.SH,-0.008086867744494332
2022-01-06,600047.SH,0.02440756598436442
2022-01-07,600047.SH,-0.0023957255108611325
2022-01-10,600047.SH,-0.012240924032461397
2022-01-11,600047.SH,0.004836046376583548
2022-01-12,600047.SH,0.0015357504522714818
2022-01-13,600047.SH,0.0012327150274012758
2022-01-14,600047.SH,-0.01978914680529337
2022-01-17,600047.SH,-0.017784488027759896
2022-01-18,600047.SH,-0.002224926339802585
2022-01-19,600047.SH,0.018689789694199207
2022-01-20,600047.SH,0.02757206468301083
2022-01-21,600047.SH,0.0011217050930932763
2022-01-24,600047.SH,-0.016453981928302622
2022-01-25,600047.SH,0.005731218469953794
2022-01-26,600047.SH,-0.003281248851961736
2022-01-27,600047.SH,0.013034797603398757
2022-01-28,600047.SH,-0.025669694116266
2022-01-31,600047.SH,0.03009866292988954
2022-02-01,600047.SH,0.005877310325204793
2022-02-02,600047.SH,0.007801693671995576
2022-02-03,600047.SH,-0.00842101215815895
2022-02-04,600047.SH,0.006446434363491191
2022-02-07,600047.SH,0.0021368777464395774
2022-02-08,600047.SH,0.005179948364771903
2022-02-09,600047.SH,0.007506898851320743
2022-02-10,600047.SH,0.002174664850521763
2022-02-11,600047.SH,0.007465190681236082
2022-02-14,600047.SH,0.02439680931649873
2022-02-15,600047.SH,0.00018184860974334574
2022-02-16,600047.SH,-0.0011887228493531097
2022-02-17,600047.SH,0.007418419506128791
2022-02-18,600047.SH,-0.011043235813580599
2022-02-21,600047.SH,0.0010529555561828267
2022-02-22,600047.SH,-0.0006459728014287748
2022-02-23,600047.SH,-0.014019927644992634
2022-02-24,600047.SH,-0.010556175107969327
2022-02-25,600047.SH,0.01808216013149805
2022-02-28,600047.SH,0.004456323630050288
2022-03-01,600047.SH,-0.013946876130698178
2022-03-02,600047.SH,-0.009557494951652343
2022-03-03,600047.SH,0.0024384223258724787
2022-03-04,600047.SH,0.0013303817976890945
2022-03-07,600047.SH,0.007309883187296248
2022-03-08,600047.SH,0.011715315971140255
2022-03-09,600047.SH,0.00040050340493760035
2022-03-10,600047.SH,-0.006499089077879175
2022-03-11,600047.SH,-0.0038707599604644923
2022-03-14,600047.SH,-0.003914810376698109
2022-03-15,600047.SH,0.002199267779845763
2022-03-16,600047.SH,-0.004745561206266463
2022-03-17,600047.SH,0.0014836577647791135
2022-03-18,600047.SH,0.004477075903074492
2022-03-21,600047.SH,-0.008951854821974674
2022-03-22,600047.SH,0.012882469673033864
2022-03-23,600047.SH,0.01868791561584237
2022-03-24,600047.SH,-0.005804302107126373
2022-03-25,600047.SH,0.013779692680511539
2022-03-28,600047.SH,-0.020220562319236753
2022-03-29,600047.SH,-0.02376662239949041
2022-03-30,600047.SH,-0.0047649391698577365
2022-03-31,600047.SH,0.01216434822329591
2022-04-01,600047.SH,0.006491973035232476
2022-04-04,600047.SH,0.0049784331548206676
2022-04-05,600047.SH,-0.01126820128576478
2022-04-06,600047.SH,-0.023257072600481897
2022-04-07,600047.SH,0.021112263258205137
2022-04-08,600047.SH,-0.0036093820171689906
2022-04-11,600047.SH,-0.014500870405675284
2022-04-12,600047.SH,-0.01578276038294657
2022-04-13,600047.SH,0.005189606488253401
2022-04-14,600047.SH,0.012790794076223957
2022-04-15,600047.SH,-0.008532988753545016
2022-04-18,600047.SH,0.017169312482977494
2022-04-19,600047.SH,-0.004868725359904946
2022-04-20,600047.SH,-0.004837104351258559
2022-04-21,600047.SH,0.0020685992837631887
2022-04-22,600047.SH,-0.010307744822910877
2022-04-25,600047.SH,-0.00955456912702861
2022-04-26,600047.SH,0.0024659021265526822
2022-04-27,600047.SH,-0.0051114793628352535
2022-04-28,600047.SH,0.003118192184466074
2022-04-29,600047.SH,-0.006694583853416853
2022-05-02,600047.SH,0.009381190959817052
2022-05-03,600047.SH,-0.02421508677569266
2022-05-04,600047.SH,-0.008567649543748671
2022-05-05,600047.SH,0.009539620825265754
2022-05-06,600047.SH,-0.009176057533120128
2022-05-09,600047.SH,0.009053731709904606
2022-05-10,600047.SH,-0.014694929676261138
2022-05-11,600047.SH,-0.003221946661406288
2022-05-12,600047.SH,0.015462158252109375
2022-05-13,600047.SH,-0.005752674318347992
2022-05-16,600047.SH,-0.030084309253792046
2022-05-17,600047.SH,-0.0020978828556733713
2022-05-18,600047.SH,0.010244407646483976
2022-05-19,600047.SH,0.031168353915404887
2022-05-20,600047.SH,-0.002493075068193593
2022-05-23,600047.SH,-0.016669499671168667
2022-05-24,600047.SH,0.014740606162532817
2022-05-25,600047.SH,0.013110224214923239
2022-05-26,600047.SH,0.004029242750233657
2022-05-27,600047.SH,0.0029621477887465646
2022-05-30,600047.SH,-0.01003953045171792
2022-05-31,600047.SH,-0.0038766439080161422
2022-06-01,600047.SH,-0.027608059758905776
2022-06-02,600047.SH,-0.0027808887187080163
2022-06-03,600047.SH,-0.013879769858357349
2022-06-06,600047.SH,-0.00015817815739749795
2022-06-07,600047.SH,-0.01110429012409924
2022-06-08,600047.SH,-0.009749761626423915
2022-06-09,600047.SH,-0.00827191235042767
2022-06-10,600047.SH,-0.00028523980939123195
2022-06-13,600047.SH,-0.0036265659738017315
2022-06-14,600047.SH,0.009181097721695019
2022-06-15,600047.SH,-0.0032568098431449218
2022-06-16,600047.SH,0.02640600996108647
2022-06-17,600047.SH,-0.011807555680798321
2022-06-20,600047.SH,0.01109204558962027
2022-06-21,600047.SH,0.012564591384593156
2022-06-22,600047.SH,-0.0018000043333480976
2022-06-23,600047.SH,0.007980313559612689
2022-06-24,600047.SH,0.008748245883433987
2022-06-27,600047.SH,0.008841677771915843
2022-06-28,600047.SH,0.022651905882091067
2022-06-29,600047.SH,-0.02291601691473364
2022-06-30,600047.SH,-0.0007435860413855123
2022-07-01,600047.SH,-0.02857775005587135
2022-07-04,600047.SH,-0.004891483283600978
2022-07-05,600047.SH,0.00352563585742411
2022-07-06,600047.SH,-0.00909488274766975
2022-07-07,600047.SH,-0.017770159437106813
2022-07-08,600047.SH,-0.009558499360541506
2022-07-11,600047.SH,0.005749658992065686
2022-07-12,600047.SH,0.005762065290454782
2022-07-13,600047.SH,-0.012341166425660466
2022-07-14,600047.SH,-0.0008574369969284457
2022-07-15,600047.SH,0.02428836405735283
2022-07-18,600047.SH,-0.008477148726749702
2022-07-19,600047.SH,-0.006549442021198351
2022-07-20,600047.SH,-0.01509641911318108
2022-07-21,600047.SH,-0.0027558834078264204
2022-07-22,600047.SH,0.011644014177005524
2022-07-25,600047.SH,0.0025818139679054364
2022-07-26,600047.SH,0.007219134395463297
2022-07-27,600047.SH,0.00807949049138514
2022-07-28,600047.SH,0.007027106226802471
2022-07-29,600047.SH,-0.0006880839738307237
2022-08-01,600047.SH,-0.004245279064597212
2022-08-02,600047.SH,-0.0014742074976040534
2022-08-03,600047.SH,-0.019901115331353494
2022-08-04,600047.SH,0.013359866147759032
2022-08-05,600047.SH,-0.007888953443270494
2022-08-08,600047.SH,0.016288190031609348
2022-08-09,600047.SH,-0.0012486119486763993
2022-08-10,600047.SH,0.003353982944319194
2022-08-11,600047.SH,0.017729103736322912
2022-08-12,600047.SH,-0.01387009354546083
2022-08-15,600047.SH,-0.01076814590778324
2022-08-16,600047.SH,-0.012443144500844924
2022-08-17,600047.SH,0.017438164016370546
2022-08-18,600047.SH,-0.007584157107222029
2022-08-19,600047.SH,-0.004484617677152286
2022-08-22,600047.SH,-0.011467116068172776
2022-08-23,600047.SH,0.013549449530833568
2022-08-24,600047.SH,0.013349476223066446
2022-08-25,600047.SH,-0.001013097051609921
2022-08-26,600047.SH,0.00026384769744862137
2022-08-29,600047.SH,-0.008848252281087888
2022-08-30,600047.SH,-0.001455839407722185
2022-08-31,600047.SH,-0.012835598141549266
2022-09-01,600047.SH,-0.0253713406525275
2022-09-02,600047.SH,-0.017247967335622325
2022-09-05,600047.SH,0.01042123201518209
2022-09-06,600047.SH,0.008388560624311708
2022-09-07,600047.SH,-0.0021802539283529137
2022-09-08,600047.SH,-0.004603958606025533
2022-09-09,600047.SH,0.014733685775147684
2022-09-12,600047.SH,0.0011641882283412227
2022-09-13,600047.SH,0.004525593394810786
2022-09-14,600047.SH,-0.003972079182371537
2022-09-15,600047.SH,0.0095295779314268
2022-09-16,600047.SH,0.0058735555788574124
2022-09-19,600047.SH,0.012857697338648636
2022-09-20,600047.SH,0.009396094364284444
2022-09-21,600047.SH,-0.010088325533393292
2022-09-22,600047.SH,0.006498490340291655
2022-09-23,600047.SH,0.013652222847518459
2022-09-26,600047.SH,-0.0032453430597363195
2022-09-27,600047.SH,0.004946949875176512
2022-09-28,600047.SH,0.0008554694835099168
2022-09-29,600047.SH,0.01201700465555686
2022-09-30,600047.SH,-0.01145207861255935
2022-10-03,600047.SH,-0.028304006816244467
2022-10-04,600047.SH,-0.014321826265144397
2022-10-05,600047.SH,0.013318351222098094
2022-10-06,600047.SH,-0.005896000964754441
2022-10-07,600047.SH,0.008348661087325984
2022-10-10,600047.SH,-0.013329736342013149
2022-10-11,600047.SH,0.0007912719368270774
2022-10-12,600047.SH,0.0075110887240311215
2022-10-13,600047.SH,0.004126499989228533
2022-10-14,600047.SH,-0.011024705088354389
2022-10-17,600047.SH,-0.0005260728747390206
2022-10-18,600047.SH,-0.008822561802409055
2022-10-19,600047.SH,-0.016550942765137928
2022-10-20,600047.SH,-0.018965245494730016
2022-10-21,600047.SH,0.01135402537171849
2022-10-24,600047.SH,0.023000311400146918
2022-10-25,600047.SH,-0.020998171289358353
2022-10-26,600047.SH,-0.010795739079314142
2022-10-27,600047.SH,-0.007351086890889551
2022-10-28,600047.SH,0.0007829653937358339
2022-10-31,600047.SH,0.00620388052287014
2022-11-01,600047.SH,0.009300124148508622
2022-11-02,600047.SH,0.010206695383428294
2022-11-03,600047.SH,-0.0023823568484915387
2022-11-04,600047.SH,0.018563246474333064
2022-11-07,600047.SH,0.020957096949002937
2022-11-08,600047.SH,0.018339443258415244
2022-11-09,600047.SH,0.015881217544438327
2022-11-10,600047.SH,-0.003634169512020443
2022-11-11,600047.SH,-0.01853740011147226
2022-11-14,600047.SH,0.0021364015447408588
2022-11-15,600047.SH,0.014992844726315895
2022-11-16,600047.SH,0.015215663804658098
2022-11-17,600047.SH,-0.017455614728349382
2022-11-18,600047.SH,0.0052635125981071165
2022-11-21,600047.SH,-0.0018576857435853664
2022-11-22,600047.SH,0.006974586908961523
2022-11-23,600047.SH,-0.0012969471351226168
2022-11-24,600047.SH,-0.0009474220533618651
2022-11-25,600047.SH,-0.002315856537241021
2022-11-28,600047.SH,0.01232757170094504
2022-11-29,600047.SH,-0.0164844158917739
2022-11-30,600047.SH,0.003221643496761739
2022-12-01,600047.SH,-0.010848549753696484
2022-12-02,600047.SH,-0.009270217477886221
2022-12-05,600047.SH,-0.00043212683929571855
2022-12-06,600047.SH,-0.0018147681074091129
2022-12-07,600047.SH,-0.01002659801555975
2022-12-08,600047.SH,-0.006661293390357649
2022-12-09,600047.SH,0.020509145287615466
2022-12-12,600047.SH,-0.0047208274563148465
2022-12-13,600047.SH,-0.017304341955238035
2022-12-14,600047.SH,0.005555014663102199
2022-12-15,600047.SH,0.02281432128785069
2022-12-16,600047.SH,-0.009558146233215211
2022-12-19,600047.SH,-0.00816921992150053
2022-12-20,600047.SH,0.005142447371670833
2022-12-21,600047.SH,0.022911755463585134
2022-12-22,600047.SH,0.00398026211410896
2022-12-23,600047.SH,0.012160395958934684
2022-12-26,600047.SH,-0.006929316022077898
2022-12-27,600047.SH,-0.008151857141351304
2022-12-28,600047.SH,-0.005905702504257256
2022-12-29,600047.SH,-0.0002677183060545666
2022-12-30,600047.SH,-0.013383346505529742
2023-01-02,600047.SH,-0.007431783253622817
2023-01-03,600047.SH,-0.005175282322045362
2023-01-04,600047.SH,0.006690497341335078
2023-01-05,600047.SH,-0.017738842218472453
2023-01-06,600047.SH,0.02720587990623214
2023-01-09,600047.SH,0.00831166197640162
2023-01-10,600047.SH,0.011751908563634979
2023-01-11,600047.SH,-0.002985997682451448
2023-01-12,600047.SH,0.006168738705870623
2023-01-13,600047.SH,0.0010015858730170705
2023-01-16,600047.SH,0.002795619670540153
2023-01-17,600047.SH,0.0005454849151489442
2023-01-18,600047.SH,0.014737342883588866
2023-01-19,600047.SH,0.0018247879965743192
2023-01-20,600047.SH,0.022080577521782174
2023-01-23,600047.SH,0.004273969975782487
2023-01-24,600047.SH,-0.016287724661287577
2023-01-25,600047.SH,0.010621366924603753
2023-01-26,600047.SH,0.028016120890386707
2023-01-27,600047.SH,-0.018636713647057445
2023-01-30,600047.SH,0.005608991100591133
2023-01-31,600047.SH,-0.006900062348486175
2023-02-01,600047.SH,0.011836555935643596
2023-02-02,600047.SH,0.018790658788499236
2023-02-03,600047.SH,0.004192881599830323
2023-02-06,600047.SH,-0.001120324896427773
2023-02-07,600047.SH,0.024880773758968522
2023-02-08,600047.SH,0.009788199613925718
2023-02-09,600047.SH,-0.005851514438207665
2023-02-10,600047.SH,-0.006351382092811202
2023-02-13,600047.SH,0.010417596004080997
2023-02-14,600047.SH,-0.00670904216848467
2023-02-15,600047.SH,0.0076745529893604844
2023-02-16,600047.SH,-0.02292898644199886
2023-02-17,600047.SH,0.0016617318166840327
2023-02-20,600047.SH,-0.0005224842586362421
2023-02-21,600047.SH,-0.01080175704730459
2023-02-22,600047.SH,0.008645480729337317
2023-02-23,600047.SH,-0.01809776074767981
2023-02-24,600047.SH,0.022823316557707796
2023-02-27,600047.SH,0.016858701785911874
2023-02-28,600047.SH,0.00040118360469249166
2023-03-01,600047.SH,0.013219239251393433
2023-03-02,600047.SH,0.010522360929583112
2023-03-03,600047.SH,0.005212795196013542
2023-03-06,600047.SH,-0.006071499745713527
2023-03-07,600047.SH,0.008256691539718154
2023-03-08,600047.SH,0.035260077903512196
2023-03-09,600047.SH,0.0019632725498529035
2023-03-10,600047.SH,0.021807762720529693
2023-03-13,600047.SH,0.009366845886720062
2023-03-14,600047.SH,0.008573283636366955
2023-03-15,600047.SH,0.014373061785107676
2023-03-16,600047.SH,-0.01806548358719764
2023-03-17,600047.SH,0.004622038236994702
2023-03-20,600047.SH,0.007622983099807676
2023-03-21,600047.SH,-0.007119699705812066
2023-03-22,600047.SH,0.0036300738443132176
2023-03-23,600047.SH,0.009752763120662275
2023-03-24,600047.SH,-0.011341334293461017
2023-03-27,600047.SH,0.015316956592174968
2023-03-28,600047.SH,0.0052851069756013405
2023-03-29,600047.SH,0.013575447459718906
2023-03-30,600047.SH,0.016165953937654222
2023-03-31,600047.SH,0.01659615245706022
2023-04-03,600047.SH,-0.01060046280078108
2023-04-04,600047.SH,-0.01635753077654912
2023-04-05,600047.SH,-0.018579649610984263
2023-04-06,600047.SH,-0.0028024092786721874
2023-04-07,600047.SH,0.00481575965399948
2023-04-10,600047.SH,0.021506849887544192
2023-04-11,600047.SH,0.009991217479479607
2023-04-12,600047.SH,0.004087807865263017
2023-04-13,600047.SH,-0.023875772314197803
2023-04-14,600047.SH,-0.0008134124749327896
2023-04-17,600047.SH,-0.023881641083131174
2023-04-18,600047.SH,-0.00895241834723154
2023-04-19,600047.SH,0.018658593131737525
2023-04-20,600047.SH,0.020174868112400508
2023-04-21,600047.SH,0.011492945842539737
2023-04-24,600047.SH,-0.020146518354791233
2023-04-25,600047.SH,-0.00750101401221374
2023-04-26,600047.SH,0.0024465454237049132
2023-04-27,600047.SH,0.014417880601204611
2023-04-28,600047.SH,0.017028392345802
2023-05-01,600047.SH,-0.03236281410628357
2023-05-02,600047.SH,-0.003682718430370492
2023-05-03,600047.SH,-0.014406031338316645
2023-05-04,600047.SH,-0.004610916864571464
2023-05-05,600047.SH,0.004877514903760921
2023-05-08,600047.SH,-0.009284361096924062
2023-05-09,600047.SH,0.014951978514069266
2023-05-10,600047.SH,0.0010262290796655077
2023-05-11,600047.SH,0.008834099143871794
2023-05-12,600047.SH,0.030464851919422817
2023-05-15,600047.SH,0.008213022523656906
2023-05-16,600047.SH,-0.004574362157684103
2023-05-17,600047.SH,0.007354784589103223
2023-05-18,600047.SH,-0.009767535551879484
2023-05-19,600047.SH,0.011487358777047197
2022-01-03,600048.SH,0.005247508706339732
2022-01-04,600048.SH,-0.00452063998191948
2022-01-05,600048.SH,-0.008420074535501282
2022-01-06,600048.SH,0.008138033926159234
2022-01-07,600048.SH,-0.016170940051883284
2022-01-10,600048.SH,-0.020659570607004053
2022-01-11,600048.SH,-0.001192291638550166
2022-01-12,600048.SH,0.0018275836970921247
2022-01-13,600048.SH,-0.00017790525347444238
2022-01-14,600048.SH,-0.020945348336428977
2022-01-17,600048.SH,0.0043030154669331955
2022-01-18,600048.SH,0.0015420875930328443
2022-01-19,600048.SH,0.002463380810801557
2022-01-20,600048.SH,0.009873255274688488
2022-01-21,600048.SH,-0.00037605588310210417
2022-01-24,600048.SH,-0.01138097413729942
2022-01-25,600048.SH,0.0036222321525049886
2022-01-26,600048.SH,0.0019587067432336363
2022-01-27,600048.SH,0.00981400763754004
2022-01-28,600048.SH,0.013831285965017115
2022-01-31,600048.SH,0.009853010880056821
2022-02-01,600048.SH,0.00951938860685999
2022-02-02,600048.SH,0.0234666072274228
2022-02-03,600048.SH,0.01439325931085681
2022-02-04,600048.SH,-0.014958050682017198
2022-02-07,600048.SH,0.0036571943751988476
2022-02-08,600048.SH,0.016441679013065754
2022-02-09,600048.SH,0.016913825733478813
2022-02-10,600048.SH,-0.0044053272373716194
2022-02-11,600048.SH,0.010020373273377441
2022-02-14,600048.SH,0.017885211456467882
2022-02-15,600048.SH,0.015219282198999193
2022-02-16,600048.SH,-0.017970858076516806
2022-02-17,600048.SH,-0.014203077640211677
2022-02-18,600048.SH,-0.013178502869019485
2022-02-21,600048.SH,0.010477941212097955
2022-02-22,600048.SH,0.021726823031457516
2022-02-23,600048.SH,-0.007164668001033146
2022-02-24,600048.SH,-0.0055855165002873745
2022-02-25,600048.SH,0.010707130008829654
2022-02-28,600048.SH,0.00478312851955463
2022-03-01,600048.SH,0.008005494337882363
2022-03-02,600048.SH,-0.0014019609650314149
2022-03-03,600048.SH,-0.00659827593640151
2022-03-04,600048.SH,-6.980642370857642e-06
2022-03-07,600048.SH,0.009168838038734566
2022-03-08,600048.SH,0.016257191389216472
2022-03-09,600048.SH,0.014773780952140209
2022-03-10,600048.SH,0.008785669172403098
2022-03-11,600048.SH,0.00409848966835554
2022-03-14,600048.SH,0.009814803841666123
2022-03-15,600048.SH,-0.0008973963290047566
2022-03-16,600048.SH,-0.018015037078736956
2022-03-17,600048.SH,-0.003805348307402397
2022-03-18,600048.SH,-0.0165131582298834
2022-03-21,600048.SH,-0.0010420150689476448
2022-03-22,600048.SH,0.008289682351869169
2022-03-23,600048.SH,0.004859094041491625
2022-03-24,600048.SH,-0.002575157026693236
2022-03-25,600048.SH,0.0014549163273119125
2022-03-28,600048.SH,-0.023628713192875697
2022-03-29,600048.SH,0.017876530197710468
2022-03-30,600048.SH,-0.008720306839332378
2022-03-31,600048.SH,-0.008103414530004224
2022-04-01,600048.SH,0.00783696660889597
2022-04-04,600048.SH,0.009031992666207064
2022-04-05,600048.SH,0.0038825208339119065
2022-04-06,600048.SH,0.01631346619378253
2022-04-07,600048.SH,-0.0009074911018890717
2022-04-08,600048.SH,-0.007314802978791924
2022-04-11,600048.SH,0.005882564386365197
2022-04-12,600048.SH,0.0003249399430299976
2022-04-13,600048.SH,0.000645195089604431
2022-04-14,600048.SH,-0.0019214010026430773
2022-04-15,600048.SH,0.012398288092687042
2022-04-18,600048.SH,0.013555711034352505
2022-04-19,600048.SH,-0.0015226484894986178
2022-04-20,600048.SH,-0.004580960573721209
2022-04-21,600048.SH,0.006071678695623146
2022-04-22,600048.SH,0.01401009656707081
2022-04-25,600048.SH,-0.007285475625577513
2022-04-26,600048.SH,-0.01329339820916791
2022-04-27,600048.SH,-0.009182455123227228
2022-04-28,600048.SH,-0.0071621147120840825
2022-04-29,600048.SH,-0.009724084029922588
2022-05-02,600048.SH,0.013481490128303717
2022-05-03,600048.SH,0.0008589224225528367
2022-05-04,600048.SH,0.0007083634548557872
2022-05-05,600048.SH,0.006615908022050726
2022-05-06,600048.SH,0.009812159011871347
2022-05-09,600048.SH,-0.011493978590513657
2022-05-10,600048.SH,0.00992795804147062
2022-05-11,600048.SH,-0.011650515925217254
2022-05-12,600048.SH,-0.005072849399026072
2022-05-13,600048.SH,-0.010094322254628373
2022-05-16,600048.SH,-0.012330958059423873
2022-05-17,600048.SH,-0.005712292487901823
2022-05-18,600048.SH,-0.006559695436247798
2022-05-19,600048.SH,0.0003048709431712777
2022-05-20,600048.SH,0.008043749250882333
2022-05-23,600048.SH,0.004055354887786232
2022-05-24,600048.SH,0.013414999633644719
2022-05-25,600048.SH,0.004075086640102259
2022-05-26,600048.SH,-0.0011531703793382642
2022-05-27,600048.SH,0.014278775978087828
2022-05-30,600048.SH,-0.012519872473772424
2022-05-31,600048.SH,-0.0064684898563506345
2022-06-01,600048.SH,-0.005576527393381903
2022-06-02,600048.SH,0.0034783213453886807
2022-06-03,600048.SH,-0.018361130948686383
2022-06-06,600048.SH,-0.0042417108616181545
2022-06-07,600048.SH,0.013785306866739417
2022-06-08,600048.SH,-0.016800227591403198
2022-06-09,600048.SH,-0.0017328238482694387
2022-06-10,600048.SH,0.007062413408920778
2022-06-13,600048.SH,-0.008044852989303882
2022-06-14,600048.SH,0.007187482528776162
2022-06-15,600048.SH,-0.0014041730127782042
2022-06-16,600048.SH,0.0018041677454738048
2022-06-17,600048.SH,-0.012819181566493257
2022-06-20,600048.SH,-0.0016335647762780103
2022-06-21,600048.SH,0.007469908316500758
2022-06-22,600048.SH,0.004180087614966317
2022-06-23,600048.SH,0.006958335208518426
2022-06-24,600048.SH,0.004776574631006414
2022-06-27,600048.SH,-0.0004005630984441899
2022-06-28,600048.SH,-0.005763018222012178
2022-06-29,600048.SH,-0.008897571932020015
2022-06-30,600048.SH,0.00010653635009702771
2022-07-01,600048.SH,-0.006736519543462142
2022-07-04,600048.SH,0.01457301329494588
2022-07-05,600048.SH,-0.021059110628750273
2022-07-06,600048.SH,-0.001529829594421969
2022-07-07,600048.SH,-0.0004475916199534861
2022-07-08,600048.SH,-0.009328782254096947
2022-07-11,600048.SH,-0.027136718899923057
2022-07-12,600048.SH,0.008535090778357589
2022-07-13,600048.SH,0.009188180938711037
2022-07-14,600048.SH,-0.005220082304796619
2022-07-15,600048.SH,0.02214380703920942
2022-07-18,600048.SH,-0.0047701397531787065
2022-07-19,600048.SH,-0.012449537603392815
2022-07-20,600048.SH,-0.0304373780926291
2022-07-21,600048.SH,0.00630357848548641
2022-07-22,600048.SH,0.011114235043219652
2022-07-25,600048.SH,-0.0006726223397346565
2022-07-26,600048.SH,-0.026490615410114934
2022-07-27,600048.SH,0.0017296332819969056
2022-07-28,600048.SH,0.0065814539243107964
2022-07-29,600048.SH,-0.009753736807978274
2022-08-01,600048.SH,0.0022671596176007656
2022-08-02,600048.SH,0.0005124172586670646
2022-08-03,600048.SH,-0.020082398376566234
2022-08-04,600048.SH,-0.02032779138070556
2022-08-05,600048.SH,-0.02054698280197526
2022-08-08,600048.SH,0.007486588372785844
2022-08-09,600048.SH,-0.000512838520815009
2022-08-10,600048.SH,0.00270186045180967
2022-08-11,600048.SH,-0.010827185714937036
2022-08-12,600048.SH,-0.0038005548600546476
2022-08-15,600048.SH,-0.003092673636399732
2022-08-16,600048.SH,-0.0038058744886841044
2022-08-17,600048.SH,0.025192635702922378
2022-08-18,600048.SH,-0.013134166961748274
2022-08-19,600048.SH,-0.004237678720694921
2022-08-22,600048.SH,-0.012446754166969928
2022-08-23,600048.SH,0.0015395563861762447
2022-08-24,600048.SH,-0.01743328683162336
2022-08-25,600048.SH,-0.006708789576734431
2022-08-26,600048.SH,0.010722405342738781
2022-08-29,600048.SH,0.0027702327427435005
2022-08-30,600048.SH,0.008820416181417445
2022-08-31,600048.SH,-0.002323687410356448
2022-09-01,600048.SH,0.004684139151282327
2022-09-02,600048.SH,-0.020825179543236566
2022-09-05,600048.SH,-0.00826756787785171
2022-09-06,600048.SH,0.02387568278816881
2022-09-07,600048.SH,0.0015559818769745925
2022-09-08,600048.SH,-0.007660889679320847
2022-09-09,600048.SH,0.007805855384385045
2022-09-12,600048.SH,0.006063344316774748
2022-09-13,600048.SH,-0.006620194943816497
2022-09-14,600048.SH,-0.011940935975340801
2022-09-15,600048.SH,0.012065803290739273
2022-09-16,600048.SH,0.005488206473999533
2022-09-19,600048.SH,0.027453515602527446
2022-09-20,600048.SH,-0.0014350169682397795
2022-09-21,600048.SH,-0.012867246741743126
2022-09-22,600048.SH,0.0034510617113038423
2022-09-23,600048.SH,0.023063891390625903
2022-09-26,600048.SH,0.015238308803893768
2022-09-27,600048.SH,-0.017046280932073908
2022-09-28,600048.SH,-0.011184046391920227
2022-09-29,600048.SH,0.0011506063640602526
2022-09-30,600048.SH,-0.008491847687354212
2022-10-03,600048.SH,-0.012241227297062052
2022-10-04,600048.SH,0.021175663285935356
2022-10-05,600048.SH,-0.018871213120616806
2022-10-06,600048.SH,-0.011654372102887698
2022-10-07,600048.SH,0.001138744660602417
2022-10-10,600048.SH,0.007914956888033167
2022-10-11,600048.SH,-0.014611507418448681
2022-10-12,600048.SH,-0.016629422336438472
2022-10-13,600048.SH,0.00251547341480872
2022-10-14,600048.SH,-0.0028409404933985027
2022-10-17,600048.SH,0.018487861636728754
2022-10-18,600048.SH,-0.010890817063973228
2022-10-19,600048.SH,-0.011456974257593186
2022-10-20,600048.SH,-0.015393876508276436
2022-10-21,600048.SH,0.003659076473254726
2022-10-24,600048.SH,0.022612516183787415
2022-10-25,600048.SH,0.0019490656318839842
2022-10-26,600048.SH,-4.495418579882488e-05
2022-10-27,600048.SH,-0.012258672518020873
2022-10-28,600048.SH,-0.0025394147117974793
2022-10-31,600048.SH,0.021829929646772606
2022-11-01,600048.SH,0.0002997525125652241
2022-11-02,600048.SH,-0.00745510543393558
2022-11-03,600048.SH,-0.0048361379671738826
2022-11-04,600048.SH,-0.008357798428249016
2022-11-07,600048.SH,0.007996147852261028
2022-11-08,600048.SH,0.004260347650152963
2022-11-09,600048.SH,0.006472633500183666
2022-11-10,600048.SH,0.00992382157031617
2022-11-11,600048.SH,-0.012599851315408132
2022-11-14,600048.SH,0.00913104095399888
2022-11-15,600048.SH,0.02980815381203013
2022-11-16,600048.SH,0.02021096619960646
2022-11-17,600048.SH,-0.016893963132911805
2022-11-18,600048.SH,-0.012948333699818525
2022-11-21,600048.SH,-0.010735568491857876
2022-11-22,600048.SH,-0.003823879513244972
2022-11-23,600048.SH,-0.0030694982175643397
2022-11-24,600048.SH,0.022563199102438425
2022-11-25,600048.SH,-0.009840186526869472
2022-11-28,600048.SH,-0.02417017896173274
2022-11-29,600048.SH,-0.01941887738295761
2022-11-30,600048.SH,0.0035014061180977975
2022-12-01,600048.SH,-0.005079703774266047
2022-12-02,600048.SH,-0.0008932895475291277
2022-12-05,600048.SH,0.007925003918226071
2022-12-06,600048.SH,-0.011902006151041698
2022-12-07,600048.SH,-0.018298910614359797
2022-12-08,600048.SH,0.0037141784169761032
2022-12-09,600048.SH,-0.0026395219734164574
2022-12-12,600048.SH,-0.010836325122219942
2022-12-13,600048.SH,0.0035149265247332237
2022-12-14,600048.SH,0.02683547073591111
2022-12-15,600048.SH,0.029841701082386783
2022-12-16,600048.SH,-0.002518140012985796
2022-12-19,600048.SH,-0.0133562228848556
2022-12-20,600048.SH,0.01646421524681593
2022-12-21,600048.SH,0.0018289640423867978
2022-12-22,600048.SH,-0.01929898682115965
2022-12-23,600048.SH,0.0019165185441005787
2022-12-26,600048.SH,0.0012885556513219558
2022-12-27,600048.SH,0.005545095586130537
2022-12-28,600048.SH,0.0012984222229614744
2022-12-29,600048.SH,0.01671051367762716
2022-12-30,600048.SH,-0.0066619206112957605
2023-01-02,600048.SH,-0.008090732993381908
2023-01-03,600048.SH,0.004633779661789713
2023-01-04,600048.SH,-0.006460182883811074
2023-01-05,600048.SH,0.004688937493208282
2023-01-06,600048.SH,0.004418587376053665
2023-01-09,600048.SH,0.01210716470412811
2023-01-10,600048.SH,-0.016563105149799074
2023-01-11,600048.SH,-0.01969340468462125
2023-01-12,600048.SH,-0.014588999543511387
2023-01-13,600048.SH,0.017458383701715985
2023-01-16,600048.SH,-0.017254012496813687
2023-01-17,600048.SH,0.009855052113275779
2023-01-18,600048.SH,-0.007197370776414969
2023-01-19,600048.SH,0.014345045479252357
2023-01-20,600048.SH,0.012139636669109345
2023-01-23,600048.SH,0.019524556698566967
2023-01-24,600048.SH,-0.0002594023696438942
2023-01-25,600048.SH,-0.005048960372663834
2023-01-26,600048.SH,0.022496127945822883
2023-01-27,600048.SH,-0.004229974836438711
2023-01-30,600048.SH,0.01452457699664722
2023-01-31,600048.SH,-0.004943661944206227
2023-02-01,600048.SH,0.01631850148490077
2023-02-02,600048.SH,0.0020851956765998263
2023-02-03,600048.SH,-0.013256594433090109
2023-02-06,600048.SH,-0.012470434911293746
2023-02-07,600048.SH,-0.0059620860148132246
2023-02-08,600048.SH,-0.00875039712373497
2023-02-09,600048.SH,0.001331108131832319
2023-02-10,600048.SH,-0.003111269277228408
2023-02-13,600048.SH,0.0022981829511451103
2023-02-14,600048.SH,0.006099320293347791
2023-02-15,600048.SH,0.0011743752410619257
2023-02-16,600048.SH,-0.03143095284854267
2023-02-17,600048.SH,-0.0041814059478106
2023-02-20,600048.SH,-0.006339107865158236
2023-02-21,600048.SH,-0.006436169477766061
2023-02-22,600048.SH,0.013981553440178388
2023-02-23,600048.SH,-0.02938732197860279
2023-02-24,600048.SH,0.022854608142492985
2023-02-27,600048.SH,0.016707565546904366
2023-02-28,600048.SH,-0.002408508409149841
2023-03-01,600048.SH,0.015593952282887822
2023-03-02,600048.SH,0.0035413899876772094
2023-03-03,600048.SH,0.016127723224801077
2023-03-06,600048.SH,-0.01924735497039941
2023-03-07,600048.SH,-0.004239433156631101
2023-03-08,600048.SH,0.0018718876325841943
2023-03-09,600048.SH,-0.01229955337442217
2023-03-10,600048.SH,0.0072460816576973164
2023-03-13,600048.SH,0.028144772894059762
2023-03-14,600048.SH,0.0017780264572594632
2023-03-15,600048.SH,0.03378663334267793
2023-03-16,600048.SH,0.02437021690433843
2023-03-17,600048.SH,0.03657520905133729
2023-03-20,600048.SH,0.016682362562705395
2023-03-21,600048.SH,0.02411368518021171
2023-03-22,600048.SH,-0.002327715175844974
2023-03-23,600048.SH,0.010199953813625557
2023-03-24,600048.SH,-0.006478035372765421
2023-03-27,600048.SH,0.006259424785444931
2023-03-28,600048.SH,-2.8577108365845276e-05
2023-03-29,600048.SH,0.016891802399272737
2023-03-30,600048.SH,0.0013487733568846938
2023-03-31,600048.SH,0.0007889268830873052
2023-04-03,600048.SH,0.009482385504834422
2023-04-04,600048.SH,-0.01950437038847409
2023-04-05,600048.SH,-0.006428360357898994
2023-04-06,600048.SH,-0.010803589843900242
2023-04-07,600048.SH,-0.007867670934268945
2023-04-10,600048.SH,0.0231902523913807
2023-04-11,600048.SH,0.0034328550919481317
2023-04-12,600048.SH,0.006013052950137202
2023-04-13,600048.SH,-0.006049576442101657
2023-04-14,600048.SH,-0.0006230332763466177
2023-04-17,600048.SH,-0.008150276332181083
2023-04-18,600048.SH,-0.018285420859379987
2023-04-19,600048.SH,0.00587684766711691
2023-04-20,600048.SH,0.017734389252003175
2023-04-21,600048.SH,0.014778596046257766
2023-04-24,600048.SH,-0.03185205692256348
2023-04-25,600048.SH,-0.012754868190187684
2023-04-26,600048.SH,-0.004791916664947743
2023-04-27,600048.SH,0.017157745862910325
2023-04-28,600048.SH,0.015139431389012118
2023-05-01,600048.SH,-0.024252858611919968
2023-05-02,600048.SH,-0.019258222070832644
2023-05-03,600048.SH,-0.002112642462189324
2023-05-04,600048.SH,-0.020168266480762316
2023-05-05,600048.SH,0.021163769570880633
2023-05-08,600048.SH,0.01307229539547571
2023-05-09,600048.SH,-0.0037263468351621306
2023-05-10,600048.SH,0.0029641113236416423
2023-05-11,600048.SH,0.013017678506483964
2023-05-12,600048.SH,-0.0032490356997170126
2023-05-15,600048.SH,0.0010248371728183295
2023-05-16,600048.SH,0.005283407023163737
2023-05-17,600048.SH,0.0037951001014273978
2023-05-18,600048.SH,-0.02401217288600062
2023-05-19,600048.SH,0.00013159510324336284
2022-01-03,600049.SH,0.008800385552352213
2022-01-04,600049.SH,0.0074760688387512705
2022-01-05,600049.SH,-0.0006843024350198261
2022-01-06,600049.SH,0.002069986165840791
2022-01-07,600049.SH,-0.017696949167956794
2022-01-10,600049.SH,-0.00750527684172965
2022-01-11,600049.SH,0.001992900901566835
2022-01-12,600049.SH,0.0035131391409222485
2022-01-13,600049.SH,-0.011386274682185732
2022-01-14,600049.SH,-0.00285581452762315
2022-01-17,600049.SH,-0.00038697000335391214
2022-01-18,600049.SH,0.0047889964628758
2022-01-19,600049.SH,0.017608381853051792
2022-01-20,600049.SH,-0.004964498431915822
2022-01-21,600049.SH,0.0009454000536226583
2022-01-24,600049.SH,-0.019620797426172155
2022-01-25,600049.SH,0.004480686018177717
2022-01-26,600049.SH,0.0028112683472681843
2022-01-27,600049.SH,0.008724153598900877
2022-01-28,600049.SH,-0.0015665658212466534
2022-01-31,600049.SH,0.011805124382158437
2022-02-01,600049.SH,-0.0021424120075100852
2022-02-02,600049.SH,0.017975991272510348
2022-02-03,600049.SH,0.005916338011900931
2022-02-04,600049.SH,-0.03218902661887247
2022-02-07,600049.SH,-0.0035837564601153213
2022-02-08,600049.SH,-0.006522271204386734
2022-02-09,600049.SH,-0.005369616426655992
2022-02-10,600049.SH,0.01804772196602084
2022-02-11,600049.SH,-0.0003014874291628589
2022-02-14,600049.SH,0.036058862765023764
2022-02-15,600049.SH,-0.01732820433378548
2022-02-16,600049.SH,-0.014934649635345978
2022-02-17,600049.SH,0.0011133247835366815
2022-02-18,600049.SH,0.001514120183018879
2022-02-21,600049.SH,0.01210505170777763
2022-02-22,600049.SH,-0.0020346479249365025
2022-02-23,600049.SH,-0.008147014195360302
2022-02-24,600049.SH,-0.00963821041285068
2022-02-25,600049.SH,0.006999675906674976
2022-02-28,600049.SH,0.012362416244906568
2022-03-01,600049.SH,0.020489455656166323
2022-03-02,600049.SH,-0.007349203011737732
2022-03-03,600049.SH,-0.002079092371824998
2022-03-04,600049.SH,-0.004291129091465496
2022-03-07,600049.SH,0.01644734732415709
2022-03-08,600049.SH,0.013874679194723698
2022-03-09,600049.SH,-0.017201569874184246
2022-03-10,600049.SH,-0.013999898523388662
2022-03-11,600049.SH,-0.007759946239069723
2022-03-14,600049.SH,0.004614409630063619
2022-03-15,600049.SH,0.004715604414521417
2022-03-16,600049.SH,-0.006509461040408524
2022-03-17,600049.SH,-0.004311804152691209
2022-03-18,600049.SH,0.010211206479447062
2022-03-21,600049.SH,0.002610091001793423
2022-03-22,600049.SH,-0.0014253719386566094
2022-03-23,600049.SH,0.02341292479521622
2022-03-24,600049.SH,-0.023415711168698155
2022-03-25,600049.SH,0.0068954797100796075
2022-03-28,600049.SH,-0.012087835111646586
2022-03-29,600049.SH,0.003341284759638895
2022-03-30,600049.SH,-0.015849635507446162
2022-03-31,600049.SH,0.0020857095821294096
2022-04-01,600049.SH,0.009694420601853585
2022-04-04,600049.SH,0.01111839914557276
2022-04-05,600049.SH,0.009071497836554513
2022-04-06,600049.SH,0.003916238982750913
2022-04-07,600049.SH,0.0062553465563368205
2022-04-08,600049.SH,0.005219302890434628
2022-04-11,600049.SH,-0.012219126942249699
2022-04-12,600049.SH,-0.007598558184399318
2022-04-13,600049.SH,0.0005924052134607342
2022-04-14,600049.SH,0.003524278020549688
2022-04-15,600049.SH,0.004759302683882897
2022-04-18,600049.SH,0.015136970525712272
2022-04-19,600049.SH,0.003703627436698256
2022-04-20,600049.SH,0.01360303608742741
2022-04-21,600049.SH,0.0282892061312678
2022-04-22,600049.SH,0.004554505415807527
2022-04-25,600049.SH,-0.0009587236135882556
2022-04-26,600049.SH,-0.0001771770503352036
2022-04-27,600049.SH,0.001783753392383599
2022-04-28,600049.SH,0.0030812037831171833
2022-04-29,600049.SH,0.0053834453076614
2022-05-02,600049.SH,-0.01294533524355541
2022-05-03,600049.SH,0.011383161191675551
2022-05-04,600049.SH,0.018604121630402627
2022-05-05,600049.SH,0.009526679903949418
2022-05-06,600049.SH,0.009493600220470882
2022-05-09,600049.SH,0.002906632799187302
2022-05-10,600049.SH,-0.0007246439779083389
2022-05-11,600049.SH,0.0035931350951282897
2022-05-12,600049.SH,0.005697778240452051
2022-05-13,600049.SH,-0.006291578171630364
2022-05-16,600049.SH,-0.0053102140633518626
2022-05-17,600049.SH,-0.00159769715741152
2022-05-18,600049.SH,-0.00011148792095537832
2022-05-19,600049.SH,-0.007045292838813824
2022-05-20,600049.SH,0.001078847992198314
2022-05-23,600049.SH,0.015560565731847156
2022-05-24,600049.SH,0.0101275588627345
2022-05-25,600049.SH,0.012144687711333368
2022-05-26,600049.SH,-0.003272828451379219
2022-05-27,600049.SH,-0.0077665676361833675
2022-05-30,600049.SH,-0.008055081981039623
2022-05-31,600049.SH,0.00619203608495334
2022-06-01,600049.SH,0.013692500936884011
2022-06-02,600049.SH,0.005730503898783542
2022-06-03,600049.SH,-0.00210794815892028
2022-06-06,600049.SH,0.019981655427400196
2022-06-07,600049.SH,0.0015726962390415291
2022-06-08,600049.SH,-0.00345568352760452
2022-06-09,600049.SH,-0.004232309138837799
2022-06-10,600049.SH,-0.007848343753491888
2022-06-13,600049.SH,-0.0031349657203648116
2022-06-14,600049.SH,0.023289280752857012
2022-06-15,600049.SH,-0.004825318038315425
2022-06-16,600049.SH,0.021352493537632463
2022-06-17,600049.SH,0.003323199441585924
2022-06-20,600049.SH,-0.009825639028004441
2022-06-21,600049.SH,0.0036507560087444477
2022-06-22,600049.SH,0.019286172717168412
2022-06-23,600049.SH,0.0164094720677165
2022-06-24,600049.SH,0.013779076199929258
2022-06-27,600049.SH,0.018863591435713638
2022-06-28,600049.SH,0.00881231875977481
2022-06-29,600049.SH,-0.01997925353296126
2022-06-30,600049.SH,0.01256546165390481
2022-07-01,600049.SH,-0.006047389705059892
2022-07-04,600049.SH,0.0058175300762439925
2022-07-05,600049.SH,-0.018636781036644075
2022-07-06,600049.SH,0.008966470626976884
2022-07-07,600049.SH,-0.012747109425408762
2022-07-08,600049.SH,-0.011129051958740338
2022-07-11,600049.SH,-0.014603864501443128
2022-07-12,600049.SH,-0.006268432569523954
2022-07-13,600049.SH,0.003673785849495814
2022-07-14,600049.SH,-0.006960059296147771
2022-07-15,600049.SH,0.011711875350283306
2022-07-18,600049.SH,0.011139417028811252
2022-07-19,600049.SH,-0.004439641064777643
2022-07-20,600049.SH,-0.02779823971547655
2022-07-21,600049.SH,0.007620427393401349
2022-07-22,600049.SH,-0.01528565948400146
2022-07-25,600049.SH,0.0038967806226967035
2022-07-26,600049.SH,-0.006053165127096723
2022-07-27,600049.SH,-0.004377558595254353
2022-07-28,600049.SH,0.007617205609026602
2022-07-29,600049.SH,0.026851673106219838
2022-08-01,600049.SH,-0.008857093891533014
2022-08-02,600049.SH,-0.006019643359942706
2022-08-03,600049.SH,-0.0055837764627111475
2022-08-04,600049.SH,-0.013514591763475994
2022-08-05,600049.SH,-0.016372838780605886
2022-08-08,600049.SH,0.008132457879017336
2022-08-09,600049.SH,0.008636828182871766
2022-08-10,600049.SH,0.0044418815709016315
2022-08-11,600049.SH,-0.006305424101923465
2022-08-12,600049.SH,-0.00037185361841539713
2022-08-15,600049.SH,-0.01578436489280757
2022-08-16,600049.SH,-0.006689361627747188
2022-08-17,600049.SH,0.0018893474463131284
2022-08-18,600049.SH,-0.0033639028265371324
2022-08-19,600049.SH,0.009002984375574861
2022-08-22,600049.SH,0.0007319455569759648
2022-08-23,600049.SH,-0.003999977213719909
2022-08-24,600049.SH,0.0011607319211227375
2022-08-25,600049.SH,-0.014037806785846593
2022-08-26,600049.SH,-0.0027871670706414607
2022-08-29,600049.SH,0.009579579190977124
2022-08-30,600049.SH,0.00036105005211681685
2022-08-31,600049.SH,-0.017299066085175275
2022-09-01,600049.SH,-0.016603638759886147
2022-09-02,600049.SH,-0.026333018928729066
2022-09-05,600049.SH,-0.011577025446295238
2022-09-06,600049.SH,0.01934259952623748
2022-09-07,600049.SH,-0.013182899465033529
2022-09-08,600049.SH,0.0021741792946697166
2022-09-09,600049.SH,0.002544035875646076
2022-09-12,600049.SH,0.005132731442721257
2022-09-13,600049.SH,0.004028559811488618
2022-09-14,600049.SH,-0.012664032940142452
2022-09-15,600049.SH,0.017258753688749576
2022-09-16,600049.SH,-0.0035533514780304036
2022-09-19,600049.SH,0.008422379049899066
2022-09-20,600049.SH,-0.003587634556195822
2022-09-21,600049.SH,-0.002901016609686344
2022-09-22,600049.SH,-0.005500834458876326
2022-09-23,600049.SH,-0.013009588201388006
2022-09-26,600049.SH,0.016331755129048168
2022-09-27,600049.SH,-0.018882082024516616
2022-09-28,600049.SH,-0.0064787156909795335
2022-09-29,600049.SH,0.010609814120470615
2022-09-30,600049.SH,-0.012376947751666274
2022-10-03,600049.SH,-0.002149623930657446
2022-10-04,600049.SH,0.012347380018307676
2022-10-05,600049.SH,-0.010891498911069622
2022-10-06,600049.SH,-0.008138944958733779
2022-10-07,600049.SH,-0.0016672387247212705
2022-10-10,600049.SH,-0.012736724415270092
2022-10-11,600049.SH,0.0064900751386329485
2022-10-12,600049.SH,0.01420545758908754
2022-10-13,600049.SH,-0.009911495305892293
2022-10-14,600049.SH,-0.01980255040138226
2022-10-17,600049.SH,-0.0063127553447421105
2022-10-18,600049.SH,0.013306836651534615
2022-10-19,600049.SH,-0.015129116550085558
2022-10-20,600049.SH,-0.011823327789014966
2022-10-21,600049.SH,-0.012980636803623803
2022-10-24,600049.SH,0.007420438374520616
2022-10-25,600049.SH,-0.007909471191679637
2022-10-26,600049.SH,-0.008613146535440602
2022-10-27,600049.SH,0.006013872540551026
2022-10-28,600049.SH,8.925108798940162e-05
2022-10-31,600049.SH,0.01654105529008865
2022-11-01,600049.SH,0.0010235682176322155
2022-11-02,600049.SH,0.013131028168455284
2022-11-03,600049.SH,-0.003367010382740022
2022-11-04,600049.SH,0.00900927460154587
2022-11-07,600049.SH,0.027371770838666626
2022-11-08,600049.SH,0.002027513813319761
2022-11-09,600049.SH,-0.003169833122579454
2022-11-10,600049.SH,-0.013834740882588572
2022-11-11,600049.SH,0.003101139001261264
2022-11-14,600049.SH,0.010021701234838386
2022-11-15,600049.SH,0.013294211321170483
2022-11-16,600049.SH,0.01628054966201465
2022-11-17,600049.SH,-0.004984251894279411
2022-11-18,600049.SH,0.0012845682713626947
2022-11-21,600049.SH,-0.02878250003330321
2022-11-22,600049.SH,-0.013972983108817772
2022-11-23,600049.SH,-0.011133605172496282
2022-11-24,600049.SH,0.009975673233623325
2022-11-25,600049.SH,-0.01484240440085198
2022-11-28,600049.SH,-0.010195582704809851
2022-11-29,600049.SH,-0.029121117477017698
2022-11-30,600049.SH,-0.005333692736037288
2022-12-01,600049.SH,-0.019740351307064197
2022-12-02,600049.SH,0.003343569001400916
2022-12-05,600049.SH,-0.0022226065273849268
2022-12-06,600049.SH,0.0007481923807230725
2022-12-07,600049.SH,-0.017081246427658736
2022-12-08,600049.SH,-0.032113229626155176
2022-12-09,600049.SH,0.012451910641277927
2022-12-12,600049.SH,-0.01791394608706599
2022-12-13,600049.SH,-0.006301542454981901
2022-12-14,600049.SH,0.02089237991461423
2022-12-15,600049.SH,0.02648686397885412
2022-12-16,600049.SH,0.0032578500606631478
2022-12-19,600049.SH,-0.008629133998155143
2022-12-20,600049.SH,-0.00336531440568236
2022-12-21,600049.SH,0.02420836344427051
2022-12-22,600049.SH,-0.006232692682044559
2022-12-23,600049.SH,-0.004432210172959038
2022-12-26,600049.SH,0.024683912057441776
2022-12-27,600049.SH,0.009255434069559774
2022-12-28,600049.SH,-0.004914690309181628
2022-12-29,600049.SH,-0.00793003185260133
2022-12-30,600049.SH,0.002265960248878835
2023-01-02,600049.SH,0.00016458025709936925
2023-01-03,600049.SH,-0.0018859307246873705
2023-01-04,600049.SH,0.008620123391560949
2023-01-05,600049.SH,0.004358260817987614
2023-01-06,600049.SH,0.00927100802527008
2023-01-09,600049.SH,0.01694148229887807
2023-01-10,600049.SH,0.0057571782103745485
2023-01-11,600049.SH,0.008362957101495894
2023-01-12,600049.SH,-0.006891135767811411
2023-01-13,600049.SH,0.018104213960906904
2023-01-16,600049.SH,-0.01810923085824981
2023-01-17,600049.SH,0.005625730238361205
2023-01-18,600049.SH,-0.014145963369093992
2023-01-19,600049.SH,0.015764059083085206
2023-01-20,600049.SH,0.00687390284112109
2023-01-23,600049.SH,0.004444331133891843
2023-01-24,600049.SH,-0.002686880863981689
2023-01-25,600049.SH,-0.018462628805813265
2023-01-26,600049.SH,0.009234999075195163
2023-01-27,600049.SH,0.01603873602573993
2023-01-30,600049.SH,-0.00928150374788172
2023-01-31,600049.SH,-0.022497225587414203
2023-02-01,600049.SH,0.016027054331618794
2023-02-02,600049.SH,0.004410910838179104
2023-02-03,600049.SH,-0.007371896177070179
2023-02-06,600049.SH,0.006450825027323682
2023-02-07,600049.SH,-0.005830949383130768
2023-02-08,600049.SH,-0.004773617914126006
2023-02-09,600049.SH,-0.008763788151096826
2023-02-10,600049.SH,-0.004309936617883314
2023-02-13,600049.SH,0.011379401823821701
2023-02-14,600049.SH,-0.015790300858425373
2023-02-15,600049.SH,-0.00017025232515547467
2023-02-16,600049.SH,-0.03419009820038217
2023-02-17,600049.SH,0.012122137390782207
2023-02-20,600049.SH,-0.004731899976018057
2023-02-21,600049.SH,-0.0008987845433531907
2023-02-22,600049.SH,-0.019121658429779684
2023-02-23,600049.SH,-0.016677634621487848
2023-02-24,600049.SH,0.011289181078132544
2023-02-27,600049.SH,0.016348372196043112
2023-02-28,600049.SH,-0.013349531752315357
2023-03-01,600049.SH,-0.008738231144931904
2023-03-02,600049.SH,-0.0059077226580628705
2023-03-03,600049.SH,0.0009785528726280412
2023-03-06,600049.SH,-0.01834143665596464
2023-03-07,600049.SH,0.003873262200931798
2023-03-08,600049.SH,0.019251042224042364
2023-03-09,600049.SH,-0.000625245150639297
2023-03-10,600049.SH,0.0211168147809966
2023-03-13,600049.SH,0.008321899136981219
2023-03-14,600049.SH,0.014984073247224741
2023-03-15,600049.SH,0.03429298280992314
2023-03-16,600049.SH,-0.007424709549426077
2023-03-17,600049.SH,0.01431874944984313
2023-03-20,600049.SH,0.010677078033349609
2023-03-21,600049.SH,-0.009174436876644687
2023-03-22,600049.SH,-0.011330597268588816
2023-03-23,600049.SH,0.002052900494466787
2023-03-24,600049.SH,-0.010754241370280146
2023-03-27,600049.SH,0.002695147677135075
2023-03-28,600049.SH,-0.0035080543405920967
2023-03-29,600049.SH,0.017749860030520242
2023-03-30,600049.SH,-0.012951165309011485
2023-03-31,600049.SH,0.004826235044760653
2023-04-03,600049.SH,0.012545478291207826
2023-04-04,600049.SH,-0.007048560559017182
2023-04-05,600049.SH,-0.011121047323519512
2023-04-06,600049.SH,-0.0037790380377218337
2023-04-07,600049.SH,0.009122430829267562
2023-04-10,600049.SH,0.011599562321558676
2023-04-11,600049.SH,-0.004979339733457296
2023-04-12,600049.SH,0.003158099134512502
2023-04-13,600049.SH,0.009120715378185542
2023-04-14,600049.SH,-0.008599146291385558
2023-04-17,600049.SH,-0.009339960455548687
2023-04-18,600049.SH,0.005532434129697556
2023-04-19,600049.SH,0.003649662922041814
2023-04-20,600049.SH,-0.008230467041227284
2023-04-21,600049.SH,0.009304268965653503
2023-04-24,600049.SH,-0.02811840243201379
2023-04-25,600049.SH,-0.010272292157698058
2023-04-26,600049.SH,-0.01670121132399733
2023-04-27,600049.SH,0.015215195214638351
2023-04-28,600049.SH,0.004582564263035395
2023-05-01,600049.SH,-0.013172544411959225
2023-05-02,600049.SH,0.0010607169042651833
2023-05-03,600049.SH,0.006345440480498836
2023-05-04,600049.SH,-0.009687047395891824
2023-05-05,600049.SH,0.015618073258423038
2023-05-08,600049.SH,0.004327829768059205
2023-05-09,600049.SH,-0.0008289232564130068
2023-05-10,600049.SH,-0.013060920913690249
2023-05-11,600049.SH,0.005460294077970423
2023-05-12,600049.SH,0.007286131967422141
2023-05-15,600049.SH,0.006156221485363095
2023-05-16,600049.SH,0.012891707813241164
2023-05-17,600049.SH,0.005601799519948712
2023-05-18,600049.SH,-0.015015599309086664
2023-05-19,600049.SH,-0.022991787589228985
2022-01-03,600050.SH,-0.005251635420757787
2022-01-04,600050.SH,-0.02176477646518922
2022-01-05,600050.SH,-0.0013001124571563319
2022-01-06,600050.SH,0.009947287619781824
2022-01-07,600050.SH,-0.014764376430843933
2022-01-10,600050.SH,0.008164340114483555
2022-01-11,600050.SH,0.005853538746160144
2022-01-12,600050.SH,0.016561732094398363
2022-01-13,600050.SH,0.007016984779864957
2022-01-14,600050.SH,0.004032716012461707
2022-01-17,600050.SH,0.0034461610826930444
2022-01-18,600050.SH,-0.0045227573498613305
2022-01-19,600050.SH,-0.003961353327519068
2022-01-20,600050.SH,0.008899234348964277
2022-01-21,600050.SH,-0.002541514102033847
2022-01-24,600050.SH,-0.01688576394777442
2022-01-25,600050.SH,0.007118383196867586
2022-01-26,600050.SH,-0.017725032468604515
2022-01-27,600050.SH,-0.008307317070727125
2022-01-28,600050.SH,-0.011620268426865981
2022-01-31,600050.SH,-0.0038224537909945676
2022-02-01,600050.SH,-0.015356627432876763
2022-02-02,600050.SH,0.0074994316762071415
2022-02-03,600050.SH,0.0047682071962416835
2022-02-04,600050.SH,0.00231780789132865
2022-02-07,600050.SH,-0.009425327494798947
2022-02-08,600050.SH,-0.008780942385962706
2022-02-09,600050.SH,-0.002832682136579447
2022-02-10,600050.SH,0.00985830899060341
2022-02-11,600050.SH,0.012338530314508746
2022-02-14,600050.SH,0.020662080017297222
2022-02-15,600050.SH,0.00876304037887728
2022-02-16,600050.SH,0.013194079363621429
2022-02-17,600050.SH,-0.011342461107278302
2022-02-18,600050.SH,0.019793467920468866
2022-02-21,600050.SH,0.006426283133849696
2022-02-22,600050.SH,0.00928690731136164
2022-02-23,600050.SH,0.00036447287102739714
2022-02-24,600050.SH,-0.02636643391805616
2022-02-25,600050.SH,-0.004457529046670294
2022-02-28,600050.SH,-0.006266845793476042
2022-03-01,600050.SH,-0.013475236169817318
2022-03-02,600050.SH,0.0034690721756470057
2022-03-03,600050.SH,0.022545009135734418
2022-03-04,600050.SH,-0.0016432385738647066
2022-03-07,600050.SH,0.010291075427495895
2022-03-08,600050.SH,0.021817683400492963
2022-03-09,600050.SH,0.003872081392025055
2022-03-10,600050.SH,0.005178177855424761
2022-03-11,600050.SH,-0.0019162467215097913
2022-03-14,600050.SH,0.00768854401156961
2022-03-15,600050.SH,0.01379724630703413
2022-03-16,600050.SH,-0.007039197498453526
2022-03-17,600050.SH,0.0017172610273102585
2022-03-18,600050.SH,-0.004275010246421913
2022-03-21,600050.SH,-0.0210405680366745
2022-03-22,600050.SH,0.006776025877752499
2022-03-23,600050.SH,-0.0008867207062733112
2022-03-24,600050.SH,-0.0007327925046877312
2022-03-25,600050.SH,0.01530359333666139
2022-03-28,600050.SH,-0.0248672792178337
2022-03-29,600050.SH,-0.008757088145937744
2022-03-30,600050.SH,0.02251677003473749
2022-03-31,600050.SH,0.00389495627218041
2022-04-01,600050.SH,-0.006512324116002347
2022-04-04,600050.SH,0.014355570278729808
2022-04-05,600050.SH,-0.010516552633719312
2022-04-06,600050.SH,-0.022904054565857493
2022-04-07,600050.SH,0.0120615025305219
2022-04-08,600050.SH,-0.010696612756884204
2022-04-11,600050.SH,-0.006993607164478992
2022-04-12,600050.SH,-0.01719319809305149
2022-04-13,600050.SH,-0.0002835763453160438
2022-04-14,600050.SH,0.00581226919848947
2022-04-15,600050.SH,-0.02475268000102529
2022-04-18,600050.SH,0.009344008239588027
2022-04-19,600050.SH,-0.006315334454996175
2022-04-20,600050.SH,0.015435493950521765
2022-04-21,600050.SH,0.008956801641897208
2022-04-22,600050.SH,0.005086806119768245
2022-04-25,600050.SH,-0.0034512061097499583
2022-04-26,600050.SH,-0.013196085036712844
2022-04-27,600050.SH,-0.0031609240831262254
2022-04-28,600050.SH,-0.006660064419925126
2022-04-29,600050.SH,0.003813373357388499
2022-05-02,600050.SH,0.0023625892590513793
2022-05-03,600050.SH,-0.016003436221459076
2022-05-04,600050.SH,-0.008175856187065107
2022-05-05,600050.SH,0.013496484117387318
2022-05-06,600050.SH,0.001899675965610284
2022-05-09,600050.SH,0.0031159631922846776
2022-05-10,600050.SH,0.009813991816102574
2022-05-11,600050.SH,-0.012534018385008647
2022-05-12,600050.SH,-0.022989508671524498
2022-05-13,600050.SH,-0.022027341935230663
2022-05-16,600050.SH,-0.009156008893921286
2022-05-17,600050.SH,-0.013076712102216113
2022-05-18,600050.SH,-0.023582270821656183
2022-05-19,600050.SH,0.013358789127303
2022-05-20,600050.SH,-0.005608862982036
2022-05-23,600050.SH,0.0008648465148198025
2022-05-24,600050.SH,0.014589928980122227
2022-05-25,600050.SH,-0.01583535422699036
2022-05-26,600050.SH,0.0089289137120316
2022-05-27,600050.SH,0.0016055963919410464
2022-05-30,600050.SH,0.009759601840765502
2022-05-31,600050.SH,-0.00038754318915512447
2022-06-01,600050.SH,0.0024190319787157485
2022-06-02,600050.SH,-0.010651747548044977
2022-06-03,600050.SH,-0.013967909913313493
2022-06-06,600050.SH,-0.006090354345997605
2022-06-07,600050.SH,0.014723563638121807
2022-06-08,600050.SH,0.006550595278196144
2022-06-09,600050.SH,-0.021073750942309573
2022-06-10,600050.SH,0.00011725422465080128
2022-06-13,600050.SH,-0.0017508472374393488
2022-06-14,600050.SH,0.01086932226572797
2022-06-15,600050.SH,-0.01658136533448699
2022-06-16,600050.SH,-0.009281992007809
2022-06-17,600050.SH,-0.0015333599113759792
2022-06-20,600050.SH,-0.033502148164729226
2022-06-21,600050.SH,0.003019929177771172
2022-06-22,600050.SH,0.007682051207601542
2022-06-23,600050.SH,0.023234299685201226
2022-06-24,600050.SH,0.00045520745475670105
2022-06-27,600050.SH,0.004466784934547638
2022-06-28,600050.SH,0.018221521526359738
2022-06-29,600050.SH,-0.021267304518726382
2022-06-30,600050.SH,0.004035465715518001
2022-07-01,600050.SH,-0.0046691842789677
2022-07-04,600050.SH,-0.009172941732304245
2022-07-05,600050.SH,-0.009599683458194508
2022-07-06,600050.SH,0.0036878627227178414
2022-07-07,600050.SH,0.006022957925688462
2022-07-08,600050.SH,-0.01537105125749059
2022-07-11,600050.SH,-0.005853727715871738
2022-07-12,600050.SH,-0.0037012054019315644
2022-07-13,600050.SH,-0.0026734158437622764
2022-07-14,600050.SH,0.01768917505263278
2022-07-15,600050.SH,0.014343223057872943
2022-07-18,600050.SH,0.011321078380696202
2022-07-19,600050.SH,-0.0019939796384836755
2022-07-20,600050.SH,-0.024707514809289344
2022-07-21,600050.SH,0.004279496017482509
2022-07-22,600050.SH,-0.014200527765822774
2022-07-25,600050.SH,-0.019365986139454245
2022-07-26,600050.SH,-0.010869026066948832
2022-07-27,600050.SH,-0.001629495384058186
2022-07-28,600050.SH,0.013741929095436485
2022-07-29,600050.SH,0.002751187844266147
2022-08-01,600050.SH,0.0078076674539727785
2022-08-02,600050.SH,-0.018096891736772234
2022-08-03,600050.SH,-0.017164447436756457
2022-08-04,600050.SH,0.012553203745076603
2022-08-05,600050.SH,-0.019741060936054815
2022-08-08,600050.SH,0.009623896249379121
2022-08-09,600050.SH,-0.0096727433058434
2022-08-10,600050.SH,0.005907932045643672
2022-08-11,600050.SH,-0.008338839662674381
2022-08-12,600050.SH,-0.003457995750435367
2022-08-15,600050.SH,-0.005165727503763927
2022-08-16,600050.SH,-0.018857984235388828
2022-08-17,600050.SH,0.011146137127690444
2022-08-18,600050.SH,-0.0065722639250519535
2022-08-19,600050.SH,0.014101722470280902
2022-08-22,600050.SH,0.017106145422103057
2022-08-23,600050.SH,0.014480541992548123
2022-08-24,600050.SH,-0.007045391476647951
2022-08-25,600050.SH,-0.0021915557352566897
2022-08-26,600050.SH,0.0014836617412546183
2022-08-29,600050.SH,-0.010432210266870336
2022-08-30,600050.SH,0.008271155671202082
2022-08-31,600050.SH,-0.026353638726731108
2022-09-01,600050.SH,-0.004273349896857992
2022-09-02,600050.SH,-0.014987374818861681
2022-09-05,600050.SH,0.00028365102482170806
2022-09-06,600050.SH,0.02728995944154848
2022-09-07,600050.SH,-0.011335238847501714
2022-09-08,600050.SH,0.0017780861771592431
2022-09-09,600050.SH,0.010225824906884815
2022-09-12,600050.SH,0.012151378516517607
2022-09-13,600050.SH,-0.014386863044290911
2022-09-14,600050.SH,0.010216548426343373
2022-09-15,600050.SH,0.006736769176415551
2022-09-16,600050.SH,-0.001845356993087376
2022-09-19,600050.SH,0.00918121911403874
2022-09-20,600050.SH,-0.0023555884122805856
2022-09-21,600050.SH,-0.021697548981261763
2022-09-22,600050.SH,-0.009295767733192135
2022-09-23,600050.SH,0.0072350933787099884
2022-09-26,600050.SH,0.020498208487764673
2022-09-27,600050.SH,0.0037398012298909987
2022-09-28,600050.SH,0.013191195548550198
2022-09-29,600050.SH,0.009575222904210812
2022-09-30,600050.SH,-0.016888862966796068
2022-10-03,600050.SH,-0.021855239503173758
2022-10-04,600050.SH,0.02708004821826049
2022-10-05,600050.SH,0.003464238982284618
2022-10-06,600050.SH,-0.006965174145558482
2022-10-07,600050.SH,0.01562400770447526
2022-10-10,600050.SH,0.016262220229251792
2022-10-11,600050.SH,-0.002252920134041639
2022-10-12,600050.SH,-0.006810069495625755
2022-10-13,600050.SH,0.0038282618946111633
2022-10-14,600050.SH,-0.0271022277682678
2022-10-17,600050.SH,-0.0013555418445494844
2022-10-18,600050.SH,0.00037377730205491195
2022-10-19,600050.SH,-0.02348311306661196
2022-10-20,600050.SH,-0.004095213455690637
2022-10-21,600050.SH,0.009011992228720556
2022-10-24,600050.SH,0.011329422731553327
2022-10-25,600050.SH,-0.011367305289717427
2022-10-26,600050.SH,-0.006435965655007221
2022-10-27,600050.SH,0.004435063254324885
2022-10-28,600050.SH,-0.014390585875376042
2022-10-31,600050.SH,0.01044998071338806
2022-11-01,600050.SH,0.004560080826564562
2022-11-02,600050.SH,0.02195529512163904
2022-11-03,600050.SH,-0.007063533044688105
2022-11-04,600050.SH,-0.010544899012296797
2022-11-07,600050.SH,0.01379048075864177
2022-11-08,600050.SH,0.0063128170761738624
2022-11-09,600050.SH,-0.0028255715626927993
2022-11-10,600050.SH,-0.017295844350565446
2022-11-11,600050.SH,-0.006944244413749825
2022-11-14,600050.SH,0.007196881605740329
2022-11-15,600050.SH,0.009110187303040725
2022-11-16,600050.SH,0.004873097240456531
2022-11-17,600050.SH,0.002137667450703271
2022-11-18,600050.SH,-0.003960272650688132
2022-11-21,600050.SH,-0.002153085154852954
2022-11-22,600050.SH,-0.008319214264799547
2022-11-23,600050.SH,0.002513581034756404
2022-11-24,600050.SH,0.011209821686468037
2022-11-25,600050.SH,0.008040191969519368
2022-11-28,600050.SH,0.007825556741560328
2022-11-29,600050.SH,-0.005645941855985884
2022-11-30,600050.SH,-0.007589516063713181
2022-12-01,600050.SH,-0.01836761098870868
2022-12-02,600050.SH,0.0033723992116804786
2022-12-05,600050.SH,0.006752710797667464
2022-12-06,600050.SH,0.010874086887166913
2022-12-07,600050.SH,-0.01393133455751885
2022-12-08,600050.SH,-0.004458276514386427
2022-12-09,600050.SH,0.024487853427077676
2022-12-12,600050.SH,-0.0088099527363982
2022-12-13,600050.SH,-0.006850548380267122
2022-12-14,600050.SH,0.01567726159459856
2022-12-15,600050.SH,0.015359572021134232
2022-12-16,600050.SH,-0.016233057406162262
2022-12-19,600050.SH,-0.009960895269400628
2022-12-20,600050.SH,-0.013259923360300964
2022-12-21,600050.SH,0.01525818042872884
2022-12-22,600050.SH,-0.008300590355801492
2022-12-23,600050.SH,0.005657418589300148
2022-12-26,600050.SH,0.018825873438285075
2022-12-27,600050.SH,0.01672107224419824
2022-12-28,600050.SH,0.011175406013256721
2022-12-29,600050.SH,-0.008641393989018408
2022-12-30,600050.SH,-0.02531875924683149
2023-01-02,600050.SH,0.007402045828857005
2023-01-03,600050.SH,0.011690234461937364
2023-01-04,600050.SH,0.017417283589114305
2023-01-05,600050.SH,0.000407344346371628
2023-01-06,600050.SH,-0.01619473129567516
2023-01-09,600050.SH,0.011757821176894554
2023-01-10,600050.SH,0.006797843300441829
2023-01-11,600050.SH,0.015334801479779522
2023-01-12,600050.SH,0.014721529720455278
2023-01-13,600050.SH,0.00909700917858466
2023-01-16,600050.SH,-0.011645253251301332
2023-01-17,600050.SH,-0.007759219052140118
2023-01-18,600050.SH,0.004561318730855152
2023-01-19,600050.SH,0.008821195367189106
2023-01-20,600050.SH,0.027338210288225646
2023-01-23,600050.SH,-0.013958816953067209
2023-01-24,600050.SH,-0.00043559155361146736
2023-01-25,600050.SH,-0.005703942028442457
2023-01-26,600050.SH,0.0074614769493992926
2023-01-27,600050.SH,-0.007149168941870306
2023-01-30,600050.SH,-0.016776615797297743
2023-01-31,600050.SH,-0.019270974756520377
2023-02-01,600050.SH,0.0022806760401255805
2023-02-02,600050.SH,0.014752729294199463
2023-02-03,600050.SH,-0.01671200185811708
2023-02-06,600050.SH,0.0007555076760383259
2023-02-07,600050.SH,-0.010812660399565795
2023-02-08,600050.SH,0.005222216327685829
2023-02-09,600050.SH,-0.02471437300827512
2023-02-10,600050.SH,0.02012505563477926
2023-02-13,600050.SH,-0.003426494293633603
2023-02-14,600050.SH,-0.026724507147170336
2023-02-15,600050.SH,0.004594441028346494
2023-02-16,600050.SH,-0.02928988985830904
2023-02-17,600050.SH,-0.008452983434740486
2023-02-20,600050.SH,-0.0022343145870088532
2023-02-21,600050.SH,-0.004258219615759127
2023-02-22,600050.SH,-0.011139437421252443
2023-02-23,600050.SH,-0.025640603779817098
2023-02-24,600050.SH,0.010841858109043749
2023-02-27,600050.SH,0.025830157865675947
2023-02-28,600050.SH,-0.014816629471691978
2023-03-01,600050.SH,0.006734257609262751
2023-03-02,600050.SH,-0.013891510386908931
2023-03-03,600050.SH,0.00021961221673347123
2023-03-06,600050.SH,-0.006123550464093396
2023-03-07,600050.SH,-0.004869635475985254
2023-03-08,600050.SH,0.01436110653528615
2023-03-09,600050.SH,0.007748329756411905
2023-03-10,600050.SH,0.003317098952373757
2023-03-13,600050.SH,0.021349770249111118
2023-03-14,600050.SH,0.0014362308331408564
2023-03-15,600050.SH,0.03070719222851219
2023-03-16,600050.SH,0.0077161511640986506
2023-03-17,600050.SH,0.026333236718094802
2023-03-20,600050.SH,0.009380124064786796
2023-03-21,600050.SH,0.0028042628082822567
2023-03-22,600050.SH,-0.012810459252598452
2023-03-23,600050.SH,0.000900996729063872
2023-03-24,600050.SH,-0.004096086135093712
2023-03-27,600050.SH,0.007690063577250467
2023-03-28,600050.SH,-0.007415470819952133
2023-03-29,600050.SH,0.01770057622383897
2023-03-30,600050.SH,0.006394665213410402
2023-03-31,600050.SH,0.022955267414181676
2023-04-03,600050.SH,-0.003908503137906418
2023-04-04,600050.SH,-0.002581605365144242
2023-04-05,600050.SH,0.004474330310287194
2023-04-06,600050.SH,0.002599639103860508
2023-04-07,600050.SH,0.005628066268233186
2023-04-10,600050.SH,0.011240293459134642
2023-04-11,600050.SH,0.003446525080748415
2023-04-12,600050.SH,0.012238866497279451
2023-04-13,600050.SH,-0.01101542362534278
2023-04-14,600050.SH,0.007746593731388527
2023-04-17,600050.SH,-0.013546351116946442
2023-04-18,600050.SH,-0.02398795302054914
2023-04-19,600050.SH,-0.009777315205649582
2023-04-20,600050.SH,0.013301705137473405
2023-04-21,600050.SH,0.011881408773846561
2023-04-24,600050.SH,-0.014238181976583194
2023-04-25,600050.SH,0.013894428846177104
2023-04-26,600050.SH,0.004488870138201913
2023-04-27,600050.SH,-0.004441224780359302
2023-04-28,600050.SH,0.018872699267947296
2023-05-01,600050.SH,-0.014809826605138313
2023-05-02,600050.SH,-0.010484407451024236
2023-05-03,600050.SH,0.009452443597015449
2023-05-04,600050.SH,-0.01185905353545708
2023-05-05,600050.SH,0.005757586875554594
2023-05-08,600050.SH,0.0011681951659754627
2023-05-09,600050.SH,0.020908343242168642
2023-05-10,600050.SH,0.009241328868522115
2023-05-11,600050.SH,0.008391550912435097
2023-05-12,600050.SH,0.009120444026785163
2023-05-15,600050.SH,-0.012467435711541061
2023-05-16,600050.SH,0.019068858275252402
2023-05-17,600050.SH,0.012526164787933478
2023-05-18,600050.SH,0.0006127535891282138
2023-05-19,600050.SH,-0.023927536612829214
2022-01-03,600051.SH,0.002846963144593412
2022-01-04,600051.SH,-0.009591159933114842
2022-01-05,600051.SH,0.012831763949457644
2022-01-06,600051.SH,0.0030142095956717492
2022-01-07,600051.SH,-0.017925383673765883
2022-01-10,600051.SH,-0.004223306665351511
2022-01-11,600051.SH,-0.006713060445548504
2022-01-12,600051.SH,-0.00827036757284186
2022-01-13,600051.SH,0.001798857137575306
2022-01-14,600051.SH,0.006560505612907095
2022-01-17,600051.SH,0.015119881171136102
2022-01-18,600051.SH,0.016976376172756567
2022-01-19,600051.SH,0.0011614136426426349
2022-01-20,600051.SH,0.023968709893574015
2022-01-21,600051.SH,-0.013671749506996728
2022-01-24,600051.SH,0.01334805248094757
2022-01-25,600051.SH,0.024467596024460348
2022-01-26,600051.SH,-0.003104897311263088
2022-01-27,600051.SH,0.015350228784813307
2022-01-28,600051.SH,-0.0007794059279428081
2022-01-31,600051.SH,-0.00357458253909545
2022-02-01,600051.SH,-0.011556140108874905
2022-02-02,600051.SH,0.009290210546748008
2022-02-03,600051.SH,0.004323098899506619
2022-02-04,600051.SH,0.0007722158943293607
2022-02-07,600051.SH,0.017048962313006545
2022-02-08,600051.SH,0.005261218942452309
2022-02-09,600051.SH,-0.01196473309853768
2022-02-10,600051.SH,0.01974496710500207
2022-02-11,600051.SH,-0.00876297475853463
2022-02-14,600051.SH,0.011539271551909449
2022-02-15,600051.SH,-0.0005338887175678955
2022-02-16,600051.SH,7.380899005994795e-05
2022-02-17,600051.SH,-0.020964565015288546
2022-02-18,600051.SH,-0.0025368869831322357
2022-02-21,600051.SH,-0.005776046270958216
2022-02-22,600051.SH,0.005305550971986603
2022-02-23,600051.SH,0.005112547031328632
2022-02-24,600051.SH,-0.018814230167995057
2022-02-25,600051.SH,0.01516134183307626
2022-02-28,600051.SH,0.015253820812874169
2022-03-01,600051.SH,-0.0022454737526734726
2022-03-02,600051.SH,-0.02514986801698782
2022-03-03,600051.SH,-0.008855269607413533
2022-03-04,600051.SH,-0.005019089395962098
2022-03-07,600051.SH,0.01716621724192404
2022-03-08,600051.SH,0.005788404473423309
2022-03-09,600051.SH,-0.008279515369705582
2022-03-10,600051.SH,0.006909794054094563
2022-03-11,600051.SH,-0.012412844152744693
2022-03-14,600051.SH,0.007456355691583366
2022-03-15,600051.SH,-0.004726334786009319
2022-03-16,600051.SH,-0.019982483960751092
2022-03-17,600051.SH,0.0011975507534605118
2022-03-18,600051.SH,0.013739355593679833
2022-03-21,600051.SH,0.016866852816412235
2022-03-22,600051.SH,-0.012599793067608892
2022-03-23,600051.SH,0.005993467222721975
2022-03-24,600051.SH,-0.0017713260751723563
2022-03-25,600051.SH,0.0194341203198189
2022-03-28,600051.SH,-0.035103795068803664
2022-03-29,600051.SH,-0.0018057120508232067
2022-03-30,600051.SH,-0.0035694052447989093
2022-03-31,600051.SH,-0.014550433339428886
2022-04-01,600051.SH,-0.00768186516158086
2022-04-04,600051.SH,0.0006690332851899336
2022-04-05,600051.SH,-0.0022016503781629483
2022-04-06,600051.SH,0.006382214261324907
2022-04-07,600051.SH,0.010407288200877877
2022-04-08,600051.SH,0.007944959772623609
2022-04-11,600051.SH,-0.009938247228230751
2022-04-12,600051.SH,-0.01611575718139783
2022-04-13,600051.SH,-0.00919311782671863
2022-04-14,600051.SH,0.010932459427122223
2022-04-15,600051.SH,0.011465027581832354
2022-04-18,600051.SH,0.004045135988103677
2022-04-19,600051.SH,-0.01270917379452266
2022-04-20,600051.SH,0.004624899123486076
2022-04-21,600051.SH,0.009784532790160897
2022-04-22,600051.SH,0.009852418542769269
2022-04-25,600051.SH,-0.0031334268291367557
2022-04-26,600051.SH,-0.01197338007119008
2022-04-27,600051.SH,0.004657171202875182
2022-04-28,600051.SH,-0.007128238862077722
2022-04-29,600051.SH,-0.01406355899150336
2022-05-02,600051.SH,0.01643717854768709
2022-05-03,600051.SH,-0.017465274784433518
2022-05-04,600051.SH,0.02066198434757661
2022-05-05,600051.SH,-0.002280380859830997
2022-05-06,600051.SH,0.012239533436246673
2022-05-09,600051.SH,0.004235084252528543
2022-05-10,600051.SH,0.0019257389726459705
2022-05-11,600051.SH,-0.006014251493970854
2022-05-12,600051.SH,0.007928020833078546
2022-05-13,600051.SH,-0.016971914211859906
2022-05-16,600051.SH,-0.01730636449783571
2022-05-17,600051.SH,0.007551821359864699
2022-05-18,600051.SH,-0.007684147650674935
2022-05-19,600051.SH,-0.003558761796407913
2022-05-20,600051.SH,-0.022146698341999473
2022-05-23,600051.SH,0.015630479878044688
2022-05-24,600051.SH,0.004874572617736006
2022-05-25,600051.SH,0.017768270616520067
2022-05-26,600051.SH,0.009888668061865512
2022-05-27,600051.SH,-0.006040089437054504
2022-05-30,600051.SH,5.493766033893579e-05
2022-05-31,600051.SH,0.014559332953482294
2022-06-01,600051.SH,-0.024634450301413115
2022-06-02,600051.SH,0.008865880294734216
2022-06-03,600051.SH,-0.016470599460839362
2022-06-06,600051.SH,0.0013444552975362288
2022-06-07,600051.SH,0.0033950033400772604
2022-06-08,600051.SH,-0.007415741140535623
2022-06-09,600051.SH,-0.00968715616322458
2022-06-10,600051.SH,0.000341261440160415
2022-06-13,600051.SH,-0.01737152345435691
2022-06-14,600051.SH,0.005675070068946422
2022-06-15,600051.SH,0.007335361681183351
2022-06-16,600051.SH,0.007393574955486488
2022-06-17,600051.SH,0.016764115762456514
2022-06-20,600051.SH,0.005167737515666019
2022-06-21,600051.SH,0.009873728071362244
2022-06-22,600051.SH,0.010078180912054263
2022-06-23,600051.SH,0.011174470128022371
2022-06-24,600051.SH,0.01809461101466083
2022-06-27,600051.SH,0.018562514593817095
2022-06-28,600051.SH,0.01978666325787598
2022-06-29,600051.SH,-0.01521293785270646
2022-06-30,600051.SH,-0.005514826644863987
2022-07-01,600051.SH,-0.0016759072014833022
2022-07-04,600051.SH,0.005258970615215298
2022-07-05,600051.SH,-0.011788261325885977
2022-07-06,600051.SH,-0.0005868778965554813
2022-07-07,600051.SH,0.014064288296988133
2022-07-08,600051.SH,-0.022489647501210838
2022-07-11,600051.SH,-0.017537950205989514
2022-07-12,600051.SH,-0.010763167315412575
2022-07-13,600051.SH,-0.0027304956530881915
2022-07-14,600051.SH,0.028447295904724328
2022-07-15,600051.SH,0.03611922729319067
2022-07-18,600051.SH,0.002574820121556273
2022-07-19,600051.SH,-0.0029531610046871076
2022-07-20,600051.SH,-0.01716141602208963
2022-07-21,600051.SH,-0.009778076560778864
2022-07-22,600051.SH,0.015677541314261724
2022-07-25,600051.SH,0.010424541569262287
2022-07-26,600051.SH,-0.00135258033918138
2022-07-27,600051.SH,-0.00968522631525378
2022-07-28,600051.SH,0.006278498074603353
2022-07-29,600051.SH,-0.0056678669746369325
2022-08-01,600051.SH,-0.00029325628702481633
2022-08-02,600051.SH,-0.0051859982766130075
2022-08-03,600051.SH,-0.01680871849573848
2022-08-04,600051.SH,-0.01843459080165667
2022-08-05,600051.SH,0.020890329450612272
2022-08-08,600051.SH,0.016518706776952573
2022-08-09,600051.SH,0.005608116173727359
2022-08-10,600051.SH,0.003637822227434604
2022-08-11,600051.SH,-0.019614475941605352
2022-08-12,600051.SH,-0.010312555440314564
2022-08-15,600051.SH,-0.010953154187727979
2022-08-16,600051.SH,0.001293535290909747
2022-08-17,600051.SH,0.026088533593243014
2022-08-18,600051.SH,0.001079201363298617
2022-08-19,600051.SH,0.016590636989062248
2022-08-22,600051.SH,0.01081324065006977
2022-08-23,600051.SH,0.011351101498349513
2022-08-24,600051.SH,0.01407176593694525
2022-08-25,600051.SH,0.0036855025570925607
2022-08-26,600051.SH,-0.019326454208862646
2022-08-29,600051.SH,-0.006783504390312212
2022-08-30,600051.SH,-0.00510853745718119
2022-08-31,600051.SH,-0.0013255345356826334
2022-09-01,600051.SH,-0.017714947703274357
2022-09-02,600051.SH,-0.004166691694253587
2022-09-05,600051.SH,0.011190984323172906
2022-09-06,600051.SH,0.024668430511485068
2022-09-07,600051.SH,0.017472548523830178
2022-09-08,600051.SH,-0.017709347449587985
2022-09-09,600051.SH,-0.00970339123264784
2022-09-12,600051.SH,0.03972616579598578
2022-09-13,600051.SH,0.011850297209506288
2022-09-14,600051.SH,-0.0010429381361997795
2022-09-15,600051.SH,0.009170684783598065
2022-09-16,600051.SH,0.0028614500367437155
2022-09-19,600051.SH,-0.0070514176393862635
2022-09-20,600051.SH,-0.006257415548459673
2022-09-21,600051.SH,-0.010914228198810591
2022-09-22,600051.SH,-0.018103872348569187
2022-09-23,600051.SH,0.007356063552355848
2022-09-26,600051.SH,0.03937663998607256
2022-09-27,600051.SH,-0.003952684121924814
2022-09-28,600051.SH,-0.00028429848642059054
2022-09-29,600051.SH,0.014116917187974835
2022-09-30,600051.SH,-0.0029617704701170693
2022-10-03,600051.SH,-0.011930643810347634
2022-10-04,600051.SH,0.017616426837899178
2022-10-05,600051.SH,0.0012787809531906395
2022-10-06,600051.SH,-0.012912618671007233
2022-10-07,600051.SH,-0.002382583180492387
2022-10-10,600051.SH,0.0009791131836735627
2022-10-11,600051.SH,0.009078200337203508
2022-10-12,600051.SH,0.0058176472774448046
2022-10-13,600051.SH,0.011498762238007072
2022-10-14,600051.SH,-0.01123484598010832
2022-10-17,600051.SH,0.002999406365334688
2022-10-18,600051.SH,-0.005889465085781218
2022-10-19,600051.SH,-0.031262574524512095
2022-10-20,600051.SH,0.0007537073539517249
2022-10-21,600051.SH,0.0022105534254582707
2022-10-24,600051.SH,-0.0025203924278643045
2022-10-25,600051.SH,-0.007805318957950098
2022-10-26,600051.SH,0.006724436751557573
2022-10-27,600051.SH,0.007839115185581983
2022-10-28,600051.SH,0.0024816296768431848
2022-10-31,600051.SH,0.011238080670600507
2022-11-01,600051.SH,0.013772646671038839
2022-11-02,600051.SH,0.007633784657600787
2022-11-03,600051.SH,0.002883986761951322
2022-11-04,600051.SH,-0.011778672835403854
2022-11-07,600051.SH,0.03731209654116904
2022-11-08,600051.SH,-0.01415713681239695
2022-11-09,600051.SH,0.009579958609132931
2022-11-10,600051.SH,-0.008498014959386862
2022-11-11,600051.SH,0.010377791560285924
2022-11-14,600051.SH,-0.0059796170628017365
2022-11-15,600051.SH,0.021039628088434324
2022-11-16,600051.SH,0.015621057787566141
2022-11-17,600051.SH,-0.002487111203966003
2022-11-18,600051.SH,-0.012774686398873216
2022-11-21,600051.SH,-0.005345385133852489
2022-11-22,600051.SH,-0.02318459739243146
2022-11-23,600051.SH,-0.004153580542450913
2022-11-24,600051.SH,-0.005980471104286121
2022-11-25,600051.SH,0.002449523294907394
2022-11-28,600051.SH,-0.0012318637454520106
2022-11-29,600051.SH,-0.012617925768921873
2022-11-30,600051.SH,0.013430566598126333
2022-12-01,600051.SH,-0.011658731986494529
2022-12-02,600051.SH,0.001860341395198012
2022-12-05,600051.SH,-0.006354662753575955
2022-12-06,600051.SH,-0.0016164459807065368
2022-12-07,600051.SH,-0.000995568810064091
2022-12-08,600051.SH,0.009082431670892486
2022-12-09,600051.SH,0.012719310267592238
2022-12-12,600051.SH,-0.0019621847349934173
2022-12-13,600051.SH,-0.005583115501169009
2022-12-14,600051.SH,0.01800643245107493
2022-12-15,600051.SH,0.025712314644258133
2022-12-16,600051.SH,-0.012703312945214314
2022-12-19,600051.SH,-0.03879579726352127
2022-12-20,600051.SH,0.018080537653508963
2022-12-21,600051.SH,0.0068822552785207484
2022-12-22,600051.SH,-0.010310428076931983
2022-12-23,600051.SH,-0.004165151767717758
2022-12-26,600051.SH,-0.001619333324039825
2022-12-27,600051.SH,0.005880530015689167
2022-12-28,600051.SH,-0.003452372924061642
2022-12-29,600051.SH,-0.00823594350442371
2022-12-30,600051.SH,-0.009506146300446303
2023-01-02,600051.SH,-0.002235856881380968
2023-01-03,600051.SH,0.00714728579280938
2023-01-04,600051.SH,-0.01154646875980728
2023-01-05,600051.SH,-0.012496510959469959
2023-01-06,600051.SH,0.011025284288735159
2023-01-09,600051.SH,0.001704297108076398
2023-01-10,600051.SH,-0.007790588004103106
2023-01-11,600051.SH,-0.003088858142892481
2023-01-12,600051.SH,-0.00058454438627089
2023-01-13,600051.SH,-0.0009711142159391043
2023-01-16,600051.SH,-0.007872048629366113
2023-01-17,600051.SH,-0.007753697391100033
2023-01-18,600051.SH,0.006953296485227401
2023-01-19,600051.SH,0.030007544094021534
2023-01-20,600051.SH,-0.00651744764406537
2023-01-23,600051.SH,-0.012448633753783257
2023-01-24,600051.SH,0.003924112070191733
2023-01-25,600051.SH,0.006798671630390047
2023-01-26,600051.SH,-0.011762646092336447
2023-01-27,600051.SH,0.010256358813965444
2023-01-30,600051.SH,0.020219946091620686
2023-01-31,600051.SH,-0.022580810554121658
2023-02-01,600051.SH,0.02321618612139755
2023-02-02,600051.SH,0.0018554198969148443
2023-02-03,600051.SH,-0.005737074569584625
2023-02-06,600051.SH,-0.01096453160507048
2023-02-07,600051.SH,0.012120022895066047
2023-02-08,600051.SH,0.008764255563004617
2023-02-09,600051.SH,0.014909724070869794
2023-02-10,600051.SH,0.01357816754657456
2023-02-13,600051.SH,-0.002107319467827436
2023-02-14,600051.SH,0.032304286248638715
2023-02-15,600051.SH,0.02527986226868226
2023-02-16,600051.SH,-0.01512810717699381
2023-02-17,600051.SH,-0.01186634609261359
2023-02-20,600051.SH,-0.013888227921296774
2023-02-21,600051.SH,-0.01208232665326981
2023-02-22,600051.SH,-0.012311971519815775
2023-02-23,600051.SH,-0.00028074770092637903
2023-02-24,600051.SH,0.007494853003088109
2023-02-27,600051.SH,0.0076850698796288985
2023-02-28,600051.SH,-0.013629581348296175
2023-03-01,600051.SH,0.004333160080306646
2023-03-02,600051.SH,0.005372304920253479
2023-03-03,600051.SH,-0.00927857239098908
2023-03-06,600051.SH,-0.004926324224469164
2023-03-07,600051.SH,0.0003252083806199878
2023-03-08,600051.SH,0.001911676656062549
2023-03-09,600051.SH,0.020541302228005147
2023-03-10,600051.SH,0.010902780778048269
2023-03-13,600051.SH,-0.000508206133740809
2023-03-14,600051.SH,0.012041493226638542
2023-03-15,600051.SH,0.014496431980888761
2023-03-16,600051.SH,0.007596228396496934
2023-03-17,600051.SH,-0.005222892587538929
2023-03-20,600051.SH,0.0057515948881420535
2023-03-21,600051.SH,0.02225665017211918
2023-03-22,600051.SH,-0.01820772788424685
2023-03-23,600051.SH,0.01145875953665411
2023-03-24,600051.SH,-0.017279525938419048
2023-03-27,600051.SH,0.03315486333531592
2023-03-28,600051.SH,0.010871116321461226
2023-03-29,600051.SH,0.012191050178038256
2023-03-30,600051.SH,-0.006271722848844127
2023-03-31,600051.SH,0.004704608513411831
2023-04-03,600051.SH,0.013308942585927047
2023-04-04,600051.SH,-0.026201244022400837
2023-04-05,600051.SH,-0.013846763830606287
2023-04-06,600051.SH,-0.009287744889079748
2023-04-07,600051.SH,-0.0028120720434944525
2023-04-10,600051.SH,0.01589014153815671
2023-04-11,600051.SH,0.0007050175090104306
2023-04-12,600051.SH,0.0036100220326808824
2023-04-13,600051.SH,-0.01672788606128746
2023-04-14,600051.SH,0.006528700278574499
2023-04-17,600051.SH,-0.007591274408367769
2023-04-18,600051.SH,0.0006373686371126744
2023-04-19,600051.SH,0.014316056291665335
2023-04-20,600051.SH,0.0046891728378047545
2023-04-21,600051.SH,-0.0017406835403987672
2023-04-24,600051.SH,-0.03521425363030063
2023-04-25,600051.SH,-0.017755087126986285
2023-04-26,600051.SH,-0.0011834729948341557
2023-04-27,600051.SH,0.002235893474285408
2023-04-28,600051.SH,0.0020688462137713904
2023-05-01,600051.SH,-0.02521690321312236
2023-05-02,600051.SH,0.010505711171430444
2023-05-03,600051.SH,0.013485648385374967
2023-05-04,600051.SH,-0.025268823942847775
2023-05-05,600051.SH,0.007384111873239021
2023-05-08,600051.SH,0.0070068798181693
2023-05-09,600051.SH,0.0005081616431418193
2023-05-10,600051.SH,-0.012654502446228682
2023-05-11,600051.SH,0.003127651681904368
2023-05-12,600051.SH,0.01945438130123705
2023-05-15,600051.SH,0.01367703718628474
2023-05-16,600051.SH,-0.0054792610363331344
2023-05-17,600051.SH,0.0067682568605969195
2023-05-18,600051.SH,-0.006970879646692559
2023-05-19,600051.SH,-0.011262584366783328
2022-01-03,600052.SH,-0.0005330084944649826
2022-01-04,600052.SH,-0.02096221472990036
2022-01-05,600052.SH,0.017634161937982618
2022-01-06,600052.SH,0.02304923815768274
2022-01-07,600052.SH,-0.019714012324971594
2022-01-10,600052.SH,-0.016908229180341676
2022-01-11,600052.SH,0.01156866760182404
2022-01-12,600052.SH,0.009631548671051522
2022-01-13,600052.SH,-0.011278523278959464
2022-01-14,600052.SH,-0.008304798108115142
2022-01-17,600052.SH,0.006445799920190287
2022-01-18,600052.SH,-0.0014854272531176034
2022-01-19,600052.SH,0.004388062521364208
2022-01-20,600052.SH,0.0020184763049047524
2022-01-21,600052.SH,-0.0016625327155473878
2022-01-24,600052.SH,-0.007887767001416317
2022-01-25,600052.SH,-0.011940616549593601
2022-01-26,600052.SH,-0.02823559350639842
2022-01-27,600052.SH,0.016210326076841447
2022-01-28,600052.SH,-0.007802638179008494
2022-01-31,600052.SH,0.019869741921888305
2022-02-01,600052.SH,0.014270942895605074
2022-02-02,600052.SH,0.004715544492201686
2022-02-03,600052.SH,0.022154294099275853
2022-02-04,600052.SH,0.005949122716570906
2022-02-07,600052.SH,-0.0092702064333366
2022-02-08,600052.SH,-0.021559923913695957
2022-02-09,600052.SH,0.009805103890915892
2022-02-10,600052.SH,0.003614819641579363
2022-02-11,600052.SH,0.007760183881500052
2022-02-14,600052.SH,0.0148448190419192
2022-02-15,600052.SH,-0.014689889437065569
2022-02-16,600052.SH,-0.008368208476784034
2022-02-17,600052.SH,0.0005561910334673731
2022-02-18,600052.SH,0.0013840817068618552
2022-02-21,600052.SH,0.005427599768341059
2022-02-22,600052.SH,-0.01610545054181546
2022-02-23,600052.SH,-0.005809246997917474
2022-02-24,600052.SH,-0.01771516914040521
2022-02-25,600052.SH,0.014390004299578733
2022-02-28,600052.SH,-0.0013949756326742798
2022-03-01,600052.SH,0.0013881932414839906
2022-03-02,600052.SH,0.016315757999134164
2022-03-03,600052.SH,-0.0012084516424721201
2022-03-04,600052.SH,-0.003472261688204935
2022-03-07,600052.SH,0.0076057286328214116
2022-03-08,600052.SH,-0.010881187798671012
2022-03-09,600052.SH,0.014296857607982714
2022-03-10,600052.SH,0.015370708939131107
2022-03-11,600052.SH,0.005785150004658385
2022-03-14,600052.SH,-0.031458019745243225
2022-03-15,600052.SH,0.0024561888219505564
2022-03-16,600052.SH,-0.024385908818898662
2022-03-17,600052.SH,0.00868369810873699
2022-03-18,600052.SH,0.006762629638217752
2022-03-21,600052.SH,-0.0012309238876390001
2022-03-22,600052.SH,-0.014232249981213597
2022-03-23,600052.SH,0.026902472595124474
2022-03-24,600052.SH,-0.009549260315740824
2022-03-25,600052.SH,0.025799937505737502
2022-03-28,600052.SH,-0.010809087504299954
2022-03-29,600052.SH,0.002388999949280282
2022-03-30,600052.SH,-0.003301019324785257
2022-03-31,600052.SH,0.018759334428692313
2022-04-01,600052.SH,0.011774151481278923
2022-04-04,600052.SH,0.02077569480674562
2022-04-05,600052.SH,-0.0010143885925171026
2022-04-06,600052.SH,-0.004169200933874533
2022-04-07,600052.SH,0.012815108679045341
2022-04-08,600052.SH,0.012894970491859161
2022-04-11,600052.SH,-3.814751431165282e-05
2022-04-12,600052.SH,-0.007684059640485118
2022-04-13,600052.SH,-0.025927803364291888
2022-04-14,600052.SH,0.01208114634614335
2022-04-15,600052.SH,-0.013247642085975396
2022-04-18,600052.SH,0.005873940394065529
2022-04-19,600052.SH,-0.004575683044398025
2022-04-20,600052.SH,-0.012909367302042419
2022-04-21,600052.SH,0.008729754050477025
2022-04-22,600052.SH,0.019068405084310864
2022-04-25,600052.SH,0.0005281465886600948
2022-04-26,600052.SH,0.002363389095598087
2022-04-27,600052.SH,0.020652467614900513
2022-04-28,600052.SH,0.005572229038102104
2022-04-29,600052.SH,-0.0160151502412896
2022-05-02,600052.SH,0.006265927807512136
2022-05-03,600052.SH,0.0010525831094713605
2022-05-04,600052.SH,0.014438084282561119
2022-05-05,600052.SH,0.015986476677628127
2022-05-06,600052.SH,-0.024126586776606125
2022-05-09,600052.SH,-0.003238964650179476
2022-05-10,600052.SH,-0.0014881511022114035
2022-05-11,600052.SH,-0.013539257121730184
2022-05-12,600052.SH,-0.03763866127815761
2022-05-13,600052.SH,-0.020754860349171015
2022-05-16,600052.SH,-0.011613005854261315
2022-05-17,600052.SH,-0.015834443726949612
2022-05-18,600052.SH,-0.01794740717157526
2022-05-19,600052.SH,0.0036128400616357815
2022-05-20,600052.SH,-0.003812950690359183
2022-05-23,600052.SH,-0.0077112715719698365
2022-05-24,600052.SH,0.024111264607025243
2022-05-25,600052.SH,-0.0022729676096966463
2022-05-26,600052.SH,-0.002815012148612111
2022-05-27,600052.SH,-0.01871431466357736
2022-05-30,600052.SH,-0.0037731984955276573
2022-05-31,600052.SH,0.0035340300960898996
2022-06-01,600052.SH,-0.010949151698635837
2022-06-02,600052.SH,0.012681259939626176
2022-06-03,600052.SH,-0.01287299428539566
2022-06-06,600052.SH,0.023407718843413628
2022-06-07,600052.SH,0.005804399455263919
2022-06-08,600052.SH,-0.01173546203983295
2022-06-09,600052.SH,-0.0042047675474607745
2022-06-10,600052.SH,0.008277255970670657
2022-06-13,600052.SH,-0.008206051795468565
2022-06-14,600052.SH,-0.00977854735246247
2022-06-15,600052.SH,0.00553516907645325
2022-06-16,600052.SH,0.013449382898217344
2022-06-17,600052.SH,-0.017080345937159732
2022-06-20,600052.SH,-0.005642769951068791
2022-06-21,600052.SH,-0.004935723900561534
2022-06-22,600052.SH,-0.013396046946850688
2022-06-23,600052.SH,0.007352337168040474
2022-06-24,600052.SH,0.01951007730938526
2022-06-27,600052.SH,0.014935583474076648
2022-06-28,600052.SH,0.02117394414983017
2022-06-29,600052.SH,-0.006817775533661575
2022-06-30,600052.SH,0.000839959771553012
2022-07-01,600052.SH,-0.006426161716464184
2022-07-04,600052.SH,-0.01416898668739083
2022-07-05,600052.SH,-0.020068508168974816
2022-07-06,600052.SH,-0.0009906016810618083
2022-07-07,600052.SH,0.012235809189573107
2022-07-08,600052.SH,-0.000999543044816819
2022-07-11,600052.SH,-0.018923408282928586
2022-07-12,600052.SH,0.003042021933763558
2022-07-13,600052.SH,0.0026789411156277736
2022-07-14,600052.SH,0.01442284174052746
2022-07-15,600052.SH,0.017950471538536367
2022-07-18,600052.SH,0.017372191694270747
2022-07-19,600052.SH,-0.008105370328991265
2022-07-20,600052.SH,-0.014894802199837739
2022-07-21,600052.SH,0.004384273760083917
2022-07-22,600052.SH,-0.016781230512092807
2022-07-25,600052.SH,-0.002237321103032208
2022-07-26,600052.SH,0.00572639382538995
2022-07-27,600052.SH,0.013600582763475977
2022-07-28,600052.SH,-0.0029503078308932788
2022-07-29,600052.SH,-0.013929623834324532
2022-08-01,600052.SH,-0.0006477328958942876
2022-08-02,600052.SH,0.0028066457347438473
2022-08-03,600052.SH,-0.009801499014797977
2022-08-04,600052.SH,0.002912497488211406
2022-08-05,600052.SH,-0.014032750615611789
2022-08-08,600052.SH,0.00842356446593912
2022-08-09,600052.SH,-0.020918926886145932
2022-08-10,600052.SH,0.006437035595724877
2022-08-11,600052.SH,-0.025636559196745935
2022-08-12,600052.SH,0.0038470668870685797
2022-08-15,600052.SH,0.007827280581230372
2022-08-16,600052.SH,-0.004395373595668368
2022-08-17,600052.SH,0.0019020267827020137
2022-08-18,600052.SH,-0.002813966894663323
2022-08-19,600052.SH,0.02529923921450018
2022-08-22,600052.SH,-0.0024660624278269377
2022-08-23,600052.SH,0.01930242400790316
2022-08-24,600052.SH,-0.0017720453881152932
2022-08-25,600052.SH,-0.00996520365959856
2022-08-26,600052.SH,-0.0010347203007099659
2022-08-29,600052.SH,-0.024505355112842422
2022-08-30,600052.SH,0.026209463224996093
2022-08-31,600052.SH,-0.0022433673779213093
2022-09-01,600052.SH,-0.0011371165664679113
2022-09-02,600052.SH,-0.01483858587851902
2022-09-05,600052.SH,-0.01405016035680592
2022-09-06,600052.SH,0.026890878358092236
2022-09-07,600052.SH,-0.009961069904178813
2022-09-08,600052.SH,0.002539281026813359
2022-09-09,600052.SH,0.00671745723001487
2022-09-12,600052.SH,0.011187526970443434
2022-09-13,600052.SH,-0.0060907823509111355
2022-09-14,600052.SH,-0.004783740216932208
2022-09-15,600052.SH,-0.0006501985799446924
2022-09-16,600052.SH,0.011521828433282285
2022-09-19,600052.SH,0.01800151721095008
2022-09-20,600052.SH,0.0012518511667962769
2022-09-21,600052.SH,-0.015479266970714306
2022-09-22,600052.SH,0.010127905403854845
2022-09-23,600052.SH,0.0001867835963166361
2022-09-26,600052.SH,-0.0016568052023420467
2022-09-27,600052.SH,-0.002256213512541036
2022-09-28,600052.SH,-0.005645971834796967
2022-09-29,600052.SH,0.02266737888548144
2022-09-30,600052.SH,-0.0023952009068811814
2022-10-03,600052.SH,-0.0068625602818262145
2022-10-04,600052.SH,0.010149992185707087
2022-10-05,600052.SH,0.0016648164996198667
2022-10-06,600052.SH,0.020994592268058936
2022-10-07,600052.SH,0.0012260907167582443
2022-10-10,600052.SH,-0.004110174936403472
2022-10-11,600052.SH,0.013244865888791844
2022-10-12,600052.SH,-0.02546211487748845
2022-10-13,600052.SH,0.0048250349320112405
2022-10-14,600052.SH,-0.005471552097188298
2022-10-17,600052.SH,0.0056320939732632715
2022-10-18,600052.SH,-0.003760281725886222
2022-10-19,600052.SH,-0.0032581129276840837
2022-10-20,600052.SH,0.004007346513347156
2022-10-21,600052.SH,0.011579346547375378
2022-10-24,600052.SH,0.011801779341742692
2022-10-25,600052.SH,-0.013772256087043425
2022-10-26,600052.SH,-0.022890167964842417
2022-10-27,600052.SH,0.005908378803408663
2022-10-28,600052.SH,0.002530640381143346
2022-10-31,600052.SH,0.00954865747759484
2022-11-01,600052.SH,-0.0025755914559109656
2022-11-02,600052.SH,0.02035070489294751
2022-11-03,600052.SH,-0.003808409692280524
2022-11-04,600052.SH,-0.005911762003825464
2022-11-07,600052.SH,0.02564924357327357
2022-11-08,600052.SH,0.006438491511824754
2022-11-09,600052.SH,-0.010073733242671598
2022-11-10,600052.SH,-0.0030495859587934705
2022-11-11,600052.SH,-0.0064849653150572785
2022-11-14,600052.SH,-0.005032210427880316
2022-11-15,600052.SH,0.028992192775848854
2022-11-16,600052.SH,0.005064472279297657
2022-11-17,600052.SH,0.0020084772056340964
2022-11-18,600052.SH,-0.0012853996453043588
2022-11-21,600052.SH,-0.028190303503396748
2022-11-22,600052.SH,0.008919102404757105
2022-11-23,600052.SH,0.0056273773013576665
2022-11-24,600052.SH,0.01358808762600457
2022-11-25,600052.SH,0.004239752403898723
2022-11-28,600052.SH,0.009759035925070613
2022-11-29,600052.SH,-0.015168043275747965
2022-11-30,600052.SH,0.004871545860601421
2022-12-01,600052.SH,-0.0047874559887022446
2022-12-02,600052.SH,-0.0076641924859453875
2022-12-05,600052.SH,-0.02284924925429215
2022-12-06,600052.SH,0.001395120157021628
2022-12-07,600052.SH,-0.00027244882440749
2022-12-08,600052.SH,-0.005903032329551358
2022-12-09,600052.SH,0.0063597449864619664
2022-12-12,600052.SH,0.0006758344062568079
2022-12-13,600052.SH,-0.01186898314620052
2022-12-14,600052.SH,-0.0062249504983795355
2022-12-15,600052.SH,0.033419575505748464
2022-12-16,600052.SH,-0.018826339271533862
2022-12-19,600052.SH,0.014861292076874852
2022-12-20,600052.SH,0.014210178413498259
2022-12-21,600052.SH,0.01155158841861314
2022-12-22,600052.SH,-0.003301258169881271
2022-12-23,600052.SH,0.02227696288901416
2022-12-26,600052.SH,0.0162187709868638
2022-12-27,600052.SH,0.005860128843578841
2022-12-28,600052.SH,0.025882291372221904
2022-12-29,600052.SH,0.00010522639343655627
2022-12-30,600052.SH,-0.005181018278171489
2023-01-02,600052.SH,-0.011267521842389914
2023-01-03,600052.SH,-0.018878288576020537
2023-01-04,600052.SH,-0.0010206638024734915
2023-01-05,600052.SH,-0.004058536906866942
2023-01-06,600052.SH,0.007064944024459698
2023-01-09,600052.SH,-0.006095983925183844
2023-01-10,600052.SH,0.007850177842527204
2023-01-11,600052.SH,-0.00548980397324314
2023-01-12,600052.SH,0.006512586374567086
2023-01-13,600052.SH,0.00934993997316782
2023-01-16,600052.SH,-0.00972755516886907
2023-01-17,600052.SH,-0.007106235229289531
2023-01-18,600052.SH,0.014658200386528365
2023-01-19,600052.SH,0.025474467414436718
2023-01-20,600052.SH,0.01410660255827601
2023-01-23,600052.SH,0.017771050057250538
2023-01-24,600052.SH,-0.005271840437803002
2023-01-25,600052.SH,-0.015104363877813855
2023-01-26,600052.SH,-0.00048787701901667826
2023-01-27,600052.SH,0.0010240024476406788
2023-01-30,600052.SH,0.011558352006948817
2023-01-31,600052.SH,-5.909574471535915e-05
2023-02-01,600052.SH,0.007654610012810193
2023-02-02,600052.SH,0.01576661198507168
2023-02-03,600052.SH,-0.011026139790336134
2023-02-06,600052.SH,-0.011588178646158135
2023-02-07,600052.SH,-0.01095339470315173
2023-02-08,600052.SH,-0.004642665236568714
2023-02-09,600052.SH,-0.01502394376092499
2023-02-10,600052.SH,0.019267210167374312
2023-02-13,600052.SH,0.002377145237438373
2023-02-14,600052.SH,0.0002643516051766318
2023-02-15,600052.SH,0.028991953407401
2023-02-16,600052.SH,-0.03355594121716543
2023-02-17,600052.SH,-0.0032662304750349113
2023-02-20,600052.SH,0.02140883729199819
2023-02-21,600052.SH,0.0009275468502501223
2023-02-22,600052.SH,0.02149282113347496
2023-02-23,600052.SH,-0.0061977258654132734
2023-02-24,600052.SH,0.015683222956035206
2023-02-27,600052.SH,0.02716774994786219
2023-02-28,600052.SH,-0.012254866636848724
2023-03-01,600052.SH,0.002028507463629741
2023-03-02,600052.SH,-0.0037826049837872836
2023-03-03,600052.SH,-0.010359919799767046
2023-03-06,600052.SH,-0.009082816917929533
2023-03-07,600052.SH,-0.0027197098712966215
2023-03-08,600052.SH,0.02729270671078371
2023-03-09,600052.SH,0.010593999043176431
2023-03-10,600052.SH,0.03748466842114828
2023-03-13,600052.SH,-0.012176145864617936
2023-03-14,600052.SH,-0.008657743568862817
2023-03-15,600052.SH,0.010398022932688673
2023-03-16,600052.SH,0.01843688991004844
2023-03-17,600052.SH,0.0055281334115429995
2023-03-20,600052.SH,-0.01705083598479018
2023-03-21,600052.SH,-0.0019188778346159899
2023-03-22,600052.SH,-0.017555373163951355
2023-03-23,600052.SH,-0.006019586204739229
2023-03-24,600052.SH,0.010561849191620072
2023-03-27,600052.SH,0.0027427140725347736
2023-03-28,600052.SH,0.0002063201679838604
2023-03-29,600052.SH,0.00844041327605769
2023-03-30,600052.SH,0.0034919956637655966
2023-03-31,600052.SH,0.006158558938298076
2023-04-03,600052.SH,0.0027398514873926876
2023-04-04,600052.SH,-0.009203967259984456
2023-04-05,600052.SH,0.013650727737453931
2023-04-06,600052.SH,9.829882478221488e-05
2023-04-07,600052.SH,-0.016336907713481032
2023-04-10,600052.SH,0.021975151648579824
2023-04-11,600052.SH,0.009854650602455257
2023-04-12,600052.SH,-0.011838653434764927
2023-04-13,600052.SH,-0.006288767969657504
2023-04-14,600052.SH,0.0059851285795090746
2023-04-17,600052.SH,-0.009261951716820267
2023-04-18,600052.SH,-0.0005666888776054372
2023-04-19,600052.SH,-0.006133434396828055
2023-04-20,600052.SH,0.0291708167313187
2023-04-21,600052.SH,-0.014422755511986733
2023-04-24,600052.SH,-0.012551803835503385
2023-04-25,600052.SH,0.006102568462345305
2023-04-26,600052.SH,0.007005702520377767
2023-04-27,600052.SH,-0.003772581233501078
2023-04-28,600052.SH,0.024621647736540218
2023-05-01,600052.SH,-0.017585713031221067
2023-05-02,600052.SH,-0.016590976792228193
2023-05-03,600052.SH,-0.006220853300412727
2023-05-04,600052.SH,-0.011405704507255659
2023-05-05,600052.SH,-0.004157622850186841
2023-05-08,600052.SH,0.02095191273602948
2023-05-09,600052.SH,0.017261884692173594
2023-05-10,600052.SH,0.013700893916335619
2023-05-11,600052.SH,0.023724344410818693
2023-05-12,600052.SH,0.005028707799896379
2023-05-15,600052.SH,-0.006830270465404419
2023-05-16,600052.SH,-0.02490251968005229
2023-05-17,600052.SH,-0.0018995953346758474
2023-05-18,600052.SH,0.01074976644044447
2023-05-19,600052.SH,-0.00945873601689487
2022-01-03,600053.SH,0.0003385266893978925
2022-01-04,600053.SH,-0.013865575340752796
2022-01-05,600053.SH,0.009753561102528813
2022-01-06,600053.SH,0.020385364573272818
2022-01-07,600053.SH,-0.03100038768437586
2022-01-10,600053.SH,-0.02389519587120447
2022-01-11,600053.SH,0.015888923618081835
2022-01-12,600053.SH,0.004800728005769439
2022-01-13,600053.SH,-0.0027282148735188975
2022-01-14,600053.SH,0.010246476198675462
2022-01-17,600053.SH,-0.006615105064996418
2022-01-18,600053.SH,0.015534470395341917
2022-01-19,600053.SH,-0.00015413550815026363
2022-01-20,600053.SH,0.015083368015873191
2022-01-21,600053.SH,-0.02013144638323637
2022-01-24,600053.SH,-0.009481373302009398
2022-01-25,600053.SH,0.010317973433023707
2022-01-26,600053.SH,-0.00830436299058028
2022-01-27,600053.SH,0.019580580138466697
2022-01-28,600053.SH,0.011818642783517842
2022-01-31,600053.SH,-0.011064535160568004
2022-02-01,600053.SH,0.0027924901581052727
2022-02-02,600053.SH,-0.0001462958628901615
2022-02-03,600053.SH,-0.0006960814450028528
2022-02-04,600053.SH,0.0031346599157713513
2022-02-07,600053.SH,-0.011169897716511655
2022-02-08,600053.SH,0.012127735340070615
2022-02-09,600053.SH,-0.002130004946606404
2022-02-10,600053.SH,-0.0025051143813555744
2022-02-11,600053.SH,0.010513077859460217
2022-02-14,600053.SH,0.008773451370129505
2022-02-15,600053.SH,-0.012119674824707875
2022-02-16,600053.SH,0.006313618567728525
2022-02-17,600053.SH,-0.005424610306733683
2022-02-18,600053.SH,-0.009613359572428983
2022-02-21,600053.SH,0.01758819212564924
2022-02-22,600053.SH,-0.00497759198367345
2022-02-23,600053.SH,-0.020751385211314876
2022-02-24,600053.SH,-0.031668999837146314
2022-02-25,600053.SH,0.014238885272921695
2022-02-28,600053.SH,-0.002653147291488172
2022-03-01,600053.SH,-0.008093213566543453
2022-03-02,600053.SH,0.0010699506455503615
2022-03-03,600053.SH,0.009915206547622296
2022-03-04,600053.SH,-0.0069375435128204675
2022-03-07,600053.SH,0.010875915369891884
2022-03-08,600053.SH,0.027520359434716795
2022-03-09,600053.SH,0.01525539709990843
2022-03-10,600053.SH,0.017341879456544716
2022-03-11,600053.SH,0.0036819237772364325
2022-03-14,600053.SH,-0.0021242268657693493
2022-03-15,600053.SH,0.004491445277740763
2022-03-16,600053.SH,-0.007249830522217711
2022-03-17,600053.SH,-0.015132489317407412
2022-03-18,600053.SH,-0.011456800310406962
2022-03-21,600053.SH,-0.01938852421577258
2022-03-22,600053.SH,0.00015072821310065923
2022-03-23,600053.SH,0.012790069713830537
2022-03-24,600053.SH,-0.013453735580232079
2022-03-25,600053.SH,0.015951218890529258
2022-03-28,600053.SH,-0.023908961832209523
2022-03-29,600053.SH,-0.009577427641658597
2022-03-30,600053.SH,0.009107289369965103
2022-03-31,600053.SH,0.013977936452135603
2022-04-01,600053.SH,-0.0022674493887455934
2022-04-04,600053.SH,0.008667203929031805
2022-04-05,600053.SH,-0.010577872985777816
2022-04-06,600053.SH,-0.00567220967708958
2022-04-07,600053.SH,0.008302180991572867
2022-04-08,600053.SH,0.0040732273891064255
2022-04-11,600053.SH,-0.00702990045177228
2022-04-12,600053.SH,-0.006334674306625418
2022-04-13,600053.SH,-0.018140601659082947
2022-04-14,600053.SH,0.007860052345505091
2022-04-15,600053.SH,0.006650059400527514
2022-04-18,600053.SH,0.012413228133413471
2022-04-19,600053.SH,-0.010613222965401146
2022-04-20,600053.SH,0.010424173694449791
2022-04-21,600053.SH,-0.00816762546602956
2022-04-22,600053.SH,-0.006782953858202396
2022-04-25,600053.SH,0.0008990110775176502
2022-04-26,600053.SH,-0.0179194981535662
2022-04-27,600053.SH,-0.0058115408875686145
2022-04-28,600053.SH,-0.0008390940085386206
2022-04-29,600053.SH,-0.027824438983045673
2022-05-02,600053.SH,-5.1103991423800954e-05
2022-05-03,600053.SH,-0.02123922804425503
2022-05-04,600053.SH,0.020515340792990944
2022-05-05,600053.SH,0.005970885440587109
2022-05-06,600053.SH,0.00483054224654963
2022-05-09,600053.SH,0.007643814988373698
2022-05-10,600053.SH,0.005257322429932934
2022-05-11,600053.SH,0.006395162001992054
2022-05-12,600053.SH,-0.016273284975397824
2022-05-13,600053.SH,-0.00039689949739666816
2022-05-16,600053.SH,0.0008813531607878462
2022-05-17,600053.SH,-0.011245063007410638
2022-05-18,600053.SH,-0.00916526152764385
2022-05-19,600053.SH,-0.027829414152453234
2022-05-20,600053.SH,-0.019683744064896373
2022-05-23,600053.SH,0.0021631923303164534
2022-05-24,600053.SH,0.02240000104538744
2022-05-25,600053.SH,0.004438257452676566
2022-05-26,600053.SH,0.0051429738899537985
2022-05-27,600053.SH,0.01178978556560543
2022-05-30,600053.SH,0.008408255100730348
2022-05-31,600053.SH,-0.011538440626733704
2022-06-01,600053.SH,0.019108841912329637
2022-06-02,600053.SH,-0.004239207247406841
2022-06-03,600053.SH,-0.02853696559091335
2022-06-06,600053.SH,-0.0007356647228723696
2022-06-07,600053.SH,-0.0056845169615476285
2022-06-08,600053.SH,-0.008402515790443345
2022-06-09,600053.SH,-0.0035875558710964824
2022-06-10,600053.SH,0.00023724034566417122
2022-06-13,600053.SH,-0.0043189093487082724
2022-06-14,600053.SH,0.002449557852926675
2022-06-15,600053.SH,-0.022948437765560326
2022-06-16,600053.SH,-0.002338373948613349
2022-06-17,600053.SH,-0.005767957674078412
2022-06-20,600053.SH,-0.016617267954452293
2022-06-21,600053.SH,-0.0008836697918106484
2022-06-22,600053.SH,0.015801257267855022
2022-06-23,600053.SH,0.01012900562799152
2022-06-24,600053.SH,-0.0065407922099132276
2022-06-27,600053.SH,-0.005076029399450662
2022-06-28,600053.SH,0.02881218221967903
2022-06-29,600053.SH,0.0058148352800073445
2022-06-30,600053.SH,0.0008407620944908397
2022-07-01,600053.SH,-0.0230374382381975
2022-07-04,600053.SH,-5.0429074204647473e-05
2022-07-05,600053.SH,-0.007176518188943451
2022-07-06,600053.SH,0.005336609658417636
2022-07-07,600053.SH,-0.007477892132883782
2022-07-08,600053.SH,-0.015392760794718708
2022-07-11,600053.SH,-0.014521781721531055
2022-07-12,600053.SH,-0.008942628803988679
2022-07-13,600053.SH,0.020364890897837492
2022-07-14,600053.SH,0.024796985083831248
2022-07-15,600053.SH,0.020461605302225537
2022-07-18,600053.SH,0.006837058549885666
2022-07-19,600053.SH,-0.0040192960563495625
2022-07-20,600053.SH,0.0063724653349101455
2022-07-21,600053.SH,0.010867378507907734
2022-07-22,600053.SH,0.0018441674247984385
2022-07-25,600053.SH,-0.0029430479507441373
2022-07-26,600053.SH,-0.009241013976580222
2022-07-27,600053.SH,0.01270077543528507
2022-07-28,600053.SH,0.015050563021962993
2022-07-29,600053.SH,-0.007039031000981236
2022-08-01,600053.SH,0.0032695868470888744
2022-08-02,600053.SH,8.863086160163132e-05
2022-08-03,600053.SH,-0.034355773120563475
2022-08-04,600053.SH,-0.013114331198433318
2022-08-05,600053.SH,0.0031973878538525
2022-08-08,600053.SH,-0.005101173729648493
2022-08-09,600053.SH,-0.016619115487069853
2022-08-10,600053.SH,0.005157298684241848
2022-08-11,600053.SH,0.0009210778026362077
2022-08-12,600053.SH,-0.004101713062325015
2022-08-15,600053.SH,0.008103061429055635
2022-08-16,600053.SH,-0.004979169637391036
2022-08-17,600053.SH,0.0133012293248761
2022-08-18,600053.SH,-0.019644689295347573
2022-08-19,600053.SH,0.0028616374656204036
2022-08-22,600053.SH,-0.00014812434472893845
2022-08-23,600053.SH,0.014979806137865138
2022-08-24,600053.SH,0.005725797796131832
2022-08-25,600053.SH,0.004218046171682444
2022-08-26,600053.SH,0.012437735381662443
2022-08-29,600053.SH,-0.004485583132235537
2022-08-30,600053.SH,0.017241765989358993
2022-08-31,600053.SH,-0.0109063362357197
2022-09-01,600053.SH,-0.010537756555542893
2022-09-02,600053.SH,-0.015031832893161158
2022-09-05,600053.SH,0.009307754659167037
2022-09-06,600053.SH,0.0024878855853689933
2022-09-07,600053.SH,-0.0019377218464474036
2022-09-08,600053.SH,-0.019545871517105594
2022-09-09,600053.SH,0.008230369972518957
2022-09-12,600053.SH,0.02291591669090943
2022-09-13,600053.SH,0.010862139523911817
2022-09-14,600053.SH,0.00483885828802788
2022-09-15,600053.SH,0.017244313640278598
2022-09-16,600053.SH,0.010426989792057959
2022-09-19,600053.SH,0.018430004161028732
2022-09-20,600053.SH,0.008255010074061512
2022-09-21,600053.SH,-0.01635257355283959
2022-09-22,600053.SH,-0.012947208029163786
2022-09-23,600053.SH,0.013909856064935125
2022-09-26,600053.SH,0.01043227437927124
2022-09-27,600053.SH,-0.017099250066609204
2022-09-28,600053.SH,-0.015415588438027277
2022-09-29,600053.SH,0.013991315488172356
2022-09-30,600053.SH,0.0002013936308712782
2022-10-03,600053.SH,-0.007064397060049546
2022-10-04,600053.SH,0.03279483297605431
2022-10-05,600053.SH,-0.012354465284429418
2022-10-06,600053.SH,0.00440844648689641
2022-10-07,600053.SH,0.011604482918298317
2022-10-10,600053.SH,0.013357367602047256
2022-10-11,600053.SH,0.017810523508255918
2022-10-12,600053.SH,0.011427218993635063
2022-10-13,600053.SH,0.005705453822791863
2022-10-14,600053.SH,0.00022744063995732214
2022-10-17,600053.SH,0.012441843848101672
2022-10-18,600053.SH,-0.015268118169448435
2022-10-19,600053.SH,-0.0065348251070451585
2022-10-20,600053.SH,-0.02249818523069853
2022-10-21,600053.SH,0.0125449022067506
2022-10-24,600053.SH,0.00956953474916545
2022-10-25,600053.SH,0.002876586698753616
2022-10-26,600053.SH,-0.0008485231069229574
2022-10-27,600053.SH,-0.02243603045432174
2022-10-28,600053.SH,0.02375229065580422
2022-10-31,600053.SH,0.009332948074309233
2022-11-01,600053.SH,-0.00569716273798659
2022-11-02,600053.SH,0.022156807743450836
2022-11-03,600053.SH,0.019122527378443752
2022-11-04,600053.SH,-0.007591922637935759
2022-11-07,600053.SH,0.025216705357686286
2022-11-08,600053.SH,0.004320436677285565
2022-11-09,600053.SH,-0.009697119447891313
2022-11-10,600053.SH,-0.015581779073680628
2022-11-11,600053.SH,0.018543176896673216
2022-11-14,600053.SH,0.0005037622621160936
2022-11-15,600053.SH,0.011764222520019262
2022-11-16,600053.SH,0.010494337926620613
2022-11-17,600053.SH,0.003902290068830784
2022-11-18,600053.SH,-0.022058035743642797
2022-11-21,600053.SH,-0.00916103704115753
2022-11-22,600053.SH,0.019896531338716723
2022-11-23,600053.SH,0.022835466301613018
2022-11-24,600053.SH,0.015378856775292597
2022-11-25,600053.SH,0.007331755398490937
2022-11-28,600053.SH,0.007835091327420378
2022-11-29,600053.SH,-0.018436832272800224
2022-11-30,600053.SH,0.007946610669283807
2022-12-01,600053.SH,0.009386514892997064
2022-12-02,600053.SH,-0.016873137850169903
2022-12-05,600053.SH,-0.0012483774505247383
2022-12-06,600053.SH,0.002860654046865062
2022-12-07,600053.SH,-0.01303018228111094
2022-12-08,600053.SH,-0.01159002890647412
2022-12-09,600053.SH,0.01935067662153067
2022-12-12,600053.SH,-0.007143658671697399
2022-12-13,600053.SH,0.002411868300994666
2022-12-14,600053.SH,0.019460454858842312
2022-12-15,600053.SH,0.021461771407159536
2022-12-16,600053.SH,-0.017771747605513026
2022-12-19,600053.SH,-0.0076704168325746214
2022-12-20,600053.SH,0.005344105436314382
2022-12-21,600053.SH,0.006768873776421469
2022-12-22,600053.SH,0.0015639142597203195
2022-12-23,600053.SH,0.0023383286391916755
2022-12-26,600053.SH,0.017653974809064055
2022-12-27,600053.SH,-0.002910063613937314
2022-12-28,600053.SH,-0.011319925216323284
2022-12-29,600053.SH,0.010289988546548324
2022-12-30,600053.SH,-0.009699626900284313
2023-01-02,600053.SH,-0.003930561240816224
2023-01-03,600053.SH,0.004855505036452323
2023-01-04,600053.SH,0.008471851503467319
2023-01-05,600053.SH,-0.017000255117885048
2023-01-06,600053.SH,0.017618759411222006
2023-01-09,600053.SH,0.00399765710840489
2023-01-10,600053.SH,0.018243615098766777
2023-01-11,600053.SH,-0.010521434868443
2023-01-12,600053.SH,0.003599231605426052
2023-01-13,600053.SH,-0.0018555368646534479
2023-01-16,600053.SH,-0.025524811032684617
2023-01-17,600053.SH,0.009114033873903096
2023-01-18,600053.SH,-0.020017663054757977
2023-01-19,600053.SH,0.0138286778617745
2023-01-20,600053.SH,0.023629593996963814
2023-01-23,600053.SH,-0.0022135873524983815
2023-01-24,600053.SH,-0.015141799192713338
2023-01-25,600053.SH,-0.0008957270702472427
2023-01-26,600053.SH,0.007033963119416925
2023-01-27,600053.SH,-0.0019486031457211124
2023-01-30,600053.SH,0.016591071998826118
2023-01-31,600053.SH,-0.025629475247339314
2023-02-01,600053.SH,0.0028234352977612254
2023-02-02,600053.SH,0.012299832816412615
2023-02-03,600053.SH,-0.021202919030411
2023-02-06,600053.SH,0.013981273137762342
2023-02-07,600053.SH,-5.873721581556865e-05
2023-02-08,600053.SH,0.009165008200973601
2023-02-09,600053.SH,0.006386982293796981
2023-02-10,600053.SH,-0.002350785384151963
2023-02-13,600053.SH,-0.006805940144120674
2023-02-14,600053.SH,0.0007908544772777874
2023-02-15,600053.SH,0.018898778258849006
2023-02-16,600053.SH,-0.030397515967058957
2023-02-17,600053.SH,-0.013927388003388509
2023-02-20,600053.SH,0.016254126588515806
2023-02-21,600053.SH,-0.004980598786832168
2023-02-22,600053.SH,0.0005655221697137098
2023-02-23,600053.SH,-0.01607581634881969
2023-02-24,600053.SH,0.0010453077574787547
2023-02-27,600053.SH,0.02812269892718993
2023-02-28,600053.SH,-0.013122583116904339
2023-03-01,600053.SH,0.0033423628274067323
2023-03-02,600053.SH,-0.005325358147732078
2023-03-03,600053.SH,-0.005525178957405835
2023-03-06,600053.SH,-0.015124095011882032
2023-03-07,600053.SH,-0.007670118008005814
2023-03-08,600053.SH,0.027032457886477824
2023-03-09,600053.SH,0.011776130206505914
2023-03-10,600053.SH,0.01040652735468283
2023-03-13,600053.SH,0.019235851458009774
2023-03-14,600053.SH,-0.012359244582437093
2023-03-15,600053.SH,0.02770825972649904
2023-03-16,600053.SH,0.016463502968175614
2023-03-17,600053.SH,0.028987245554612885
2023-03-20,600053.SH,0.007742946762508902
2023-03-21,600053.SH,0.004904711965525359
2023-03-22,600053.SH,0.007332013262279273
2023-03-23,600053.SH,0.0016585771630228561
2023-03-24,600053.SH,-0.013380593901940425
2023-03-27,600053.SH,0.0056163545548069006
2023-03-28,600053.SH,0.012163606848962652
2023-03-29,600053.SH,0.0008111932199162172
2023-03-30,600053.SH,-0.0036136650658465126
2023-03-31,600053.SH,0.01693055004324458
2023-04-03,600053.SH,0.013021502499867815
2023-04-04,600053.SH,-0.019607127804626687
2023-04-05,600053.SH,0.006168554144533725
2023-04-06,600053.SH,0.004307935879745513
2023-04-07,600053.SH,0.007858378195905052
2023-04-10,600053.SH,0.015622755151496191
2023-04-11,600053.SH,0.004194292998291792
2023-04-12,600053.SH,0.011764792927844173
2023-04-13,600053.SH,-0.007955698986608683
2023-04-14,600053.SH,0.009665802939162135
2023-04-17,600053.SH,0.009850333596806742
2023-04-18,600053.SH,0.002983558577126691
2023-04-19,600053.SH,-0.007474836556660177
2023-04-20,600053.SH,-0.0031477315242293066
2023-04-21,600053.SH,0.0018937975771645128
2023-04-24,600053.SH,-0.011235324834202549
2023-04-25,600053.SH,0.006882792500682211
2023-04-26,600053.SH,0.022647089240497357
2023-04-27,600053.SH,0.007661685160595615
2023-04-28,600053.SH,0.009655265285703318
2023-05-01,600053.SH,-0.027839327245536845
2023-05-02,600053.SH,0.007075546377444604
2023-05-03,600053.SH,0.004666638290264326
2023-05-04,600053.SH,-0.027714152877958857
2023-05-05,600053.SH,0.012030198413580767
2023-05-08,600053.SH,-0.007010528209664801
2023-05-09,600053.SH,0.002516296783249077
2023-05-10,600053.SH,-0.004505629527747692
2023-05-11,600053.SH,-0.002541670963620223
2023-05-12,600053.SH,0.0036715307583487415
2023-05-15,600053.SH,-0.005578174180035843
2023-05-16,600053.SH,-0.005297684821612787
2023-05-17,600053.SH,-0.007917459257061795
2023-05-18,600053.SH,-0.01173440776394628
2023-05-19,600053.SH,-0.010127213859662358
2022-01-03,600054.SH,0.008303577797793903
2022-01-04,600054.SH,-0.006311872314621059
2022-01-05,600054.SH,0.017950761816359538
2022-01-06,600054.SH,0.026391551635505738
2022-01-07,600054.SH,-0.008835031370013
2022-01-10,600054.SH,-0.005921565808565466
2022-01-11,600054.SH,0.00842609594828722
2022-01-12,600054.SH,0.002135947431272931
2022-01-13,600054.SH,0.0003675841942316107
2022-01-14,600054.SH,-0.007117609484062626
2022-01-17,600054.SH,-0.003181515841717688
2022-01-18,600054.SH,0.014611531026479978
2022-01-19,600054.SH,0.00021529748190642664
2022-01-20,600054.SH,0.023513119398650688
2022-01-21,600054.SH,0.01289143377386953
2022-01-24,600054.SH,-0.01313385592582568
2022-01-25,600054.SH,0.015416916741647541
2022-01-26,600054.SH,-0.03327848037166776
2022-01-27,600054.SH,0.02632985986003631
2022-01-28,600054.SH,-0.013783860065386675
2022-01-31,600054.SH,0.0034722228833466108
2022-02-01,600054.SH,-0.0011732746937562506
2022-02-02,600054.SH,0.02101749932780974
2022-02-03,600054.SH,-0.004523203929594538
2022-02-04,600054.SH,-0.024881807295925415
2022-02-07,600054.SH,-0.006089947517711397
2022-02-08,600054.SH,0.0020668504594302138
2022-02-09,600054.SH,-0.01756836765126041
2022-02-10,600054.SH,0.0037555769823752853
2022-02-11,600054.SH,-0.0073119468625823915
2022-02-14,600054.SH,0.023624031837898227
2022-02-15,600054.SH,-0.005712117489342064
2022-02-16,600054.SH,0.015513007022625036
2022-02-17,600054.SH,-0.009071968394387842
2022-02-18,600054.SH,0.009231748044015917
2022-02-21,600054.SH,0.0069010632771721
2022-02-22,600054.SH,-0.017144261545843083
2022-02-23,600054.SH,-0.008768381867075181
2022-02-24,600054.SH,0.0009382846861848738
2022-02-25,600054.SH,0.011224640359247232
2022-02-28,600054.SH,0.0030133559913488616
2022-03-01,600054.SH,-0.01022232702271809
2022-03-02,600054.SH,0.0011205082190233083
2022-03-03,600054.SH,0.006052156439168645
2022-03-04,600054.SH,0.009367595011651818
2022-03-07,600054.SH,-0.0009916131785141218
2022-03-08,600054.SH,-0.00987231770451006
2022-03-09,600054.SH,0.00712636622096441
2022-03-10,600054.SH,0.005339880853840318
2022-03-11,600054.SH,0.01445747028991226
2022-03-14,600054.SH,0.0026002855139840514
2022-03-15,600054.SH,0.004595636914813307
2022-03-16,600054.SH,-0.007484701840185527
2022-03-17,600054.SH,-0.008526680418869722
2022-03-18,600054.SH,-0.010214338445578059
2022-03-21,600054.SH,-0.006089975449326155
2022-03-22,600054.SH,-0.011405201092513192
2022-03-23,600054.SH,0.009668575835215514
2022-03-24,600054.SH,0.01246896464894105
2022-03-25,600054.SH,0.018172564103995516
2022-03-28,600054.SH,-0.010382578758929938
2022-03-29,600054.SH,0.012837692369662985
2022-03-30,600054.SH,-0.006946936459226411
2022-03-31,600054.SH,0.02959417734967418
2022-04-01,600054.SH,0.0010847874627455678
2022-04-04,600054.SH,0.026384836836691197
2022-04-05,600054.SH,0.01720422989980899
2022-04-06,600054.SH,-0.021231112409288593
2022-04-07,600054.SH,0.021534728481475376
2022-04-08,600054.SH,-0.004369526003579685
2022-04-11,600054.SH,-0.015885175159884076
2022-04-12,600054.SH,-0.0038199165103779834
2022-04-13,600054.SH,-0.017434771535560473
2022-04-14,600054.SH,0.008997256831592897
2022-04-15,600054.SH,-0.008268538934411143
2022-04-18,600054.SH,0.007294675625160333
2022-04-19,600054.SH,0.009935604620209208
2022-04-20,600054.SH,0.0051334968829382455
2022-04-21,600054.SH,0.001406807278927225
2022-04-22,600054.SH,0.0029393387906172927
2022-04-25,600054.SH,-0.010410600519589707
2022-04-26,600054.SH,-0.013684015370493552
2022-04-27,600054.SH,-0.007207131377590726
2022-04-28,600054.SH,0.004814599309194625
2022-04-29,600054.SH,-0.005508729626498028
2022-05-02,600054.SH,0.009247444391298073
2022-05-03,600054.SH,-0.004029044210726125
2022-05-04,600054.SH,-0.007781043510204148
2022-05-05,600054.SH,0.01872714263694063
2022-05-06,600054.SH,-0.0034056851364370477
2022-05-09,600054.SH,0.009513470368840492
2022-05-10,600054.SH,-0.0019089304076128895
2022-05-11,600054.SH,0.002243545173993327
2022-05-12,600054.SH,-0.006692615539420557
2022-05-13,600054.SH,-0.0029719038627937407
2022-05-16,600054.SH,0.0022058793789746702
2022-05-17,600054.SH,-0.000668366073871508
2022-05-18,600054.SH,-0.006401721361075373
2022-05-19,600054.SH,-0.0011530586472493468
2022-05-20,600054.SH,0.020977285395715105
2022-05-23,600054.SH,-0.012941545879934803
2022-05-24,600054.SH,0.019206121899489854
2022-05-25,600054.SH,0.000477737112274832
2022-05-26,600054.SH,0.005274750125949478
2022-05-27,600054.SH,-0.005617312042738867
2022-05-30,600054.SH,-0.0067456534965540625
2022-05-31,600054.SH,-0.0033296210068321707
2022-06-01,600054.SH,0.0004559802523961768
2022-06-02,600054.SH,0.0334989973289109
2022-06-03,600054.SH,-0.0031103412347011795
2022-06-06,600054.SH,0.008634216869630932
2022-06-07,600054.SH,0.007657474151754484
2022-06-08,600054.SH,0.013642176909383097
2022-06-09,600054.SH,-0.021272728482510356
2022-06-10,600054.SH,-0.001250291375906748
2022-06-13,600054.SH,-0.023307329949297694
2022-06-14,600054.SH,0.007449148112456649
2022-06-15,600054.SH,0.008656554669630544
2022-06-16,600054.SH,0.002858230608218982
2022-06-17,600054.SH,0.01243595516022284
2022-06-20,600054.SH,-0.015376779867222782
2022-06-21,600054.SH,-0.0019904760105151024
2022-06-22,600054.SH,0.002955632627974443
2022-06-23,600054.SH,0.026815464229521642
2022-06-24,600054.SH,-0.0019010882134923562
2022-06-27,600054.SH,0.0057674397268529035
2022-06-28,600054.SH,0.019454800677680722
2022-06-29,600054.SH,-0.0038254027977879515
2022-06-30,600054.SH,0.0009359980686690535
2022-07-01,600054.SH,0.0002023946904952112
2022-07-04,600054.SH,-0.00866570567129736
2022-07-05,600054.SH,0.005864308687852779
2022-07-06,600054.SH,0.003969713592790966
2022-07-07,600054.SH,-0.004216263606614236
2022-07-08,600054.SH,0.0017098046571162751
2022-07-11,600054.SH,-0.014430301318430034
2022-07-12,600054.SH,0.0057108926865917726
2022-07-13,600054.SH,-0.0005233336967973212
2022-07-14,600054.SH,0.04116620528798447
2022-07-15,600054.SH,0.04639744489532652
2022-07-18,600054.SH,0.002212865651842511
2022-07-19,600054.SH,-0.002717733225249587
2022-07-20,600054.SH,-0.017004372195376666
2022-07-21,600054.SH,-0.0013443031853332993
2022-07-22,600054.SH,-0.005307213771423949
2022-07-25,600054.SH,-0.0037288724336620774
2022-07-26,600054.SH,-0.020103448466798107
2022-07-27,600054.SH,0.00150390612432482
2022-07-28,600054.SH,0.008104913121174707
2022-07-29,600054.SH,0.004378393105898124
2022-08-01,600054.SH,-0.002044256473954325
2022-08-02,600054.SH,-0.011888623657391949
2022-08-03,600054.SH,-0.004648362954877871
2022-08-04,600054.SH,0.0014408807644974214
2022-08-05,600054.SH,0.013530212592810321
2022-08-08,600054.SH,0.019090736953362372
2022-08-09,600054.SH,-0.0009338693463682513
2022-08-10,600054.SH,0.014029601350028818
2022-08-11,600054.SH,-0.023800496380702932
2022-08-12,600054.SH,0.011557248755971661
2022-08-15,600054.SH,-0.004977132660083303
2022-08-16,600054.SH,0.01604275042497151
2022-08-17,600054.SH,0.008334307262674994
2022-08-18,600054.SH,-0.01774754725993573
2022-08-19,600054.SH,0.010366246556533907
2022-08-22,600054.SH,-0.0035980699970296205
2022-08-23,600054.SH,0.010835031847363395
2022-08-24,600054.SH,0.004937869761351712
2022-08-25,600054.SH,-0.007534274790528614
2022-08-26,600054.SH,-0.015179658149868686
2022-08-29,600054.SH,-0.0024067959969282637
2022-08-30,600054.SH,-0.009257342391127165
2022-08-31,600054.SH,-0.01740993082011351
2022-09-01,600054.SH,-0.013611164094820357
2022-09-02,600054.SH,-0.005916910741273123
2022-09-05,600054.SH,0.021258295714339882
2022-09-06,600054.SH,0.022425323083821416
2022-09-07,600054.SH,0.015612108779878316
2022-09-08,600054.SH,0.005587510266551657
2022-09-09,600054.SH,0.005955146306257661
2022-09-12,600054.SH,0.035505917082215524
2022-09-13,600054.SH,-0.011473496128013076
2022-09-14,600054.SH,-0.007419721010612346
2022-09-15,600054.SH,0.005498511984654994
2022-09-16,600054.SH,0.012365621721276124
2022-09-19,600054.SH,0.0024982803591070586
2022-09-20,600054.SH,0.009100171573541259
2022-09-21,600054.SH,-0.003999253936069978
2022-09-22,600054.SH,-0.0028117992444973514
2022-09-23,600054.SH,0.021159653926300974
2022-09-26,600054.SH,0.029172522132592336
2022-09-27,600054.SH,-0.0019282483356345592
2022-09-28,600054.SH,0.0022360805258277105
2022-09-29,600054.SH,0.004326061482308534
2022-09-30,600054.SH,-0.018504315559023578
2022-10-03,600054.SH,0.01049047169438941
2022-10-04,600054.SH,-0.0029745735160583986
2022-10-05,600054.SH,0.003256279786652166
2022-10-06,600054.SH,0.005269453061314255
2022-10-07,600054.SH,0.010442265755176617
2022-10-10,600054.SH,-0.013881410095599313
2022-10-11,600054.SH,0.02017192481597156
2022-10-12,600054.SH,0.00014435919106199765
2022-10-13,600054.SH,-0.0008475808384091742
2022-10-14,600054.SH,-0.018909551925852086
2022-10-17,600054.SH,0.009977960654969096
2022-10-18,600054.SH,0.0005665630109077634
2022-10-19,600054.SH,-0.011029739063444031
2022-10-20,600054.SH,-0.018416293576122806
2022-10-21,600054.SH,-0.013358433494722894
2022-10-24,600054.SH,0.014857521938094722
2022-10-25,600054.SH,-0.023388565998460453
2022-10-26,600054.SH,-0.0009364929416877442
2022-10-27,600054.SH,0.022937365807130402
2022-10-28,600054.SH,0.0019742236288052715
2022-10-31,600054.SH,0.015444554642386879
2022-11-01,600054.SH,-0.006305429222631877
2022-11-02,600054.SH,-0.001573831702182494
2022-11-03,600054.SH,0.006722174936381308
2022-11-04,600054.SH,-0.008391060782314204
2022-11-07,600054.SH,0.03794534428059274
2022-11-08,600054.SH,0.0033713067064149596
2022-11-09,600054.SH,0.036976214723131
2022-11-10,600054.SH,-0.013398302731000417
2022-11-11,600054.SH,0.004615233544917285
2022-11-14,600054.SH,-0.006115629984763454
2022-11-15,600054.SH,0.03146059240679566
2022-11-16,600054.SH,0.02041988082899622
2022-11-17,600054.SH,-0.015437845338613835
2022-11-18,600054.SH,-0.004471915833527686
2022-11-21,600054.SH,0.0030108117203092397
2022-11-22,600054.SH,0.00879143494201666
2022-11-23,600054.SH,-0.010619116363933735
2022-11-24,600054.SH,0.0059871325297838115
2022-11-25,600054.SH,0.013381296861020808
2022-11-28,600054.SH,-0.0059049495274895985
2022-11-29,600054.SH,-0.014344087092416651
2022-11-30,600054.SH,0.00996799180224151
2022-12-01,600054.SH,-0.020820932357860727
2022-12-02,600054.SH,-0.01263249039322257
2022-12-05,600054.SH,-0.009251877057507114
2022-12-06,600054.SH,0.012292135764532043
2022-12-07,600054.SH,-0.0028641736483300782
2022-12-08,600054.SH,-0.003538698291256949
2022-12-09,600054.SH,0.016642377409518693
2022-12-12,600054.SH,0.0019963167266046893
2022-12-13,600054.SH,-0.009300736936020222
2022-12-14,600054.SH,0.02147498835029459
2022-12-15,600054.SH,0.03336092710786931
2022-12-16,600054.SH,0.00859566764450373
2022-12-19,600054.SH,-0.002509237500122511
2022-12-20,600054.SH,0.0001063421980599024
2022-12-21,600054.SH,0.0277803347831284
2022-12-22,600054.SH,0.006823669159399226
2022-12-23,600054.SH,-0.006395967691440036
2022-12-26,600054.SH,-0.003831636710148698
2022-12-27,600054.SH,0.01666847325739407
2022-12-28,600054.SH,-0.01842652230579454
2022-12-29,600054.SH,-0.016998598001544848
2022-12-30,600054.SH,-0.012682117615046952
2023-01-02,600054.SH,-0.0008809927945057782
2023-01-03,600054.SH,-0.012730621582843635
2023-01-04,600054.SH,0.004076002500781844
2023-01-05,600054.SH,-0.0017779168641873263
2023-01-06,600054.SH,-0.001031570760181681
2023-01-09,600054.SH,0.028436368334237197
2023-01-10,600054.SH,0.005541046721420773
2023-01-11,600054.SH,0.014098941632411474
2023-01-12,600054.SH,-0.014136887106070289
2023-01-13,600054.SH,-0.014647742979774144
2023-01-16,600054.SH,-0.0011718381618535155
2023-01-17,600054.SH,0.021080530987589195
2023-01-18,600054.SH,-0.01087765057703173
2023-01-19,600054.SH,0.01817911293645758
2023-01-20,600054.SH,0.00023587677283876118
2023-01-23,600054.SH,-0.004099453571694523
2023-01-24,600054.SH,-0.004173344489476043
2023-01-25,600054.SH,-0.013825403909494962
2023-01-26,600054.SH,-0.0035260954069858373
2023-01-27,600054.SH,-0.01117718310496875
2023-01-30,600054.SH,-0.015018933767509507
2023-01-31,600054.SH,-0.009190849863647639
2023-02-01,600054.SH,0.01339531810677683
2023-02-02,600054.SH,0.009560897071188762
2023-02-03,600054.SH,-0.017975203453968247
2023-02-06,600054.SH,0.0062873144461422295
2023-02-07,600054.SH,0.00917752430996074
2023-02-08,600054.SH,0.000492678453299929
2023-02-09,600054.SH,-0.0039056569190209296
2023-02-10,600054.SH,-0.007319060834887384
2023-02-13,600054.SH,-9.420068636784105e-05
2023-02-14,600054.SH,0.017392978149999728
2023-02-15,600054.SH,0.023150501940110396
2023-02-16,600054.SH,-0.023095371763741157
2023-02-17,600054.SH,0.003491412501666123
2023-02-20,600054.SH,-0.009602201124238005
2023-02-21,600054.SH,0.009668623691548806
2023-02-22,600054.SH,-0.011283888077223943
2023-02-23,600054.SH,-0.007151218647051926
2023-02-24,600054.SH,0.0323146857744569
2023-02-27,600054.SH,0.008118677390042187
2023-02-28,600054.SH,0.01695714185305121
2023-03-01,600054.SH,0.011816978987415289
2023-03-02,600054.SH,-0.010124458117602654
2023-03-03,600054.SH,-0.00844515643397493
2023-03-06,600054.SH,0.015226367992852317
2023-03-07,600054.SH,0.0022542374681839734
2023-03-08,600054.SH,0.004738828195933282
2023-03-09,600054.SH,0.0026266358254726178
2023-03-10,600054.SH,0.01816625062036908
2023-03-13,600054.SH,0.009332088359691227
2023-03-14,600054.SH,0.006971684894178305
2023-03-15,600054.SH,0.0316875851758851
2023-03-16,600054.SH,-0.007767761375720371
2023-03-17,600054.SH,0.01307020869201558
2023-03-20,600054.SH,-0.003101543675098977
2023-03-21,600054.SH,-0.004458086933713516
2023-03-22,600054.SH,0.005142351091497207
2023-03-23,600054.SH,-0.0066975848700882735
2023-03-24,600054.SH,-0.033090762566401595
2023-03-27,600054.SH,0.008504132886962792
2023-03-28,600054.SH,-0.002907005858770238
2023-03-29,600054.SH,-0.004158495757061025
2023-03-30,600054.SH,-0.01109857305200026
2023-03-31,600054.SH,0.03387150303786246
2023-04-03,600054.SH,0.010476346008705957
2023-04-04,600054.SH,-0.012379864814508127
2023-04-05,600054.SH,0.021416823706408798
2023-04-06,600054.SH,0.000844567389897145
2023-04-07,600054.SH,0.01354652896647186
2023-04-10,600054.SH,0.00029028818504855947
2023-04-11,600054.SH,-0.007073655414065277
2023-04-12,600054.SH,0.0005793089225301917
2023-04-13,600054.SH,-0.003964746750565304
2023-04-14,600054.SH,0.012758877099608835
2023-04-17,600054.SH,-0.026040369948175622
2023-04-18,600054.SH,0.001666851940543796
2023-04-19,600054.SH,0.012388762106612895
2023-04-20,600054.SH,0.018604216956967443
2023-04-21,600054.SH,0.0008031479657202951
2023-04-24,600054.SH,-0.013144164352824034
2023-04-25,600054.SH,-0.0053216370874114485
2023-04-26,600054.SH,-0.002353192232610686
2023-04-27,600054.SH,-0.007118241109997793
2023-04-28,600054.SH,0.005343020159822137
2023-05-01,600054.SH,-0.018915529498229142
2023-05-02,600054.SH,-0.009638194877907564
2023-05-03,600054.SH,-0.0028606638482095662
2023-05-04,600054.SH,-0.025648725717413747
2023-05-05,600054.SH,0.031418550269018186
2023-05-08,600054.SH,-0.0020587765306373253
2023-05-09,600054.SH,0.010072327622059526
2023-05-10,600054.SH,-0.022157268854617877
2023-05-11,600054.SH,0.02008660084882385
2023-05-12,600054.SH,0.01021937895278077
2023-05-15,600054.SH,-0.0025757212681539257
2023-05-16,600054.SH,-0.0024762035650499146
2023-05-17,600054.SH,0.010856844491914354
2023-05-18,600054.SH,-0.03643771640536295
2023-05-19,600054.SH,-0.009422162829013588
